https://en.wikipedia.org/wiki/African,_Caribbean_and_Pacific_Group_of_States https://en.wikipedia.org/wiki/Countries_of_the_world
https://en.wikipedia.org/wiki/African,_Caribbean_and_Pacific_Group_of_States https://en.wikipedia.org/wiki/Africa
https://en.wikipedia.org/wiki/African,_Caribbean_and_Pacific_Group_of_States https://en.wikipedia.org/wiki/Caribbean
https://en.wikipedia.org/wiki/African,_Caribbean_and_Pacific_Group_of_States https://en.wikipedia.org/wiki/Pacific_Islands
https://en.wikipedia.org/wiki/African,_Caribbean_and_Pacific_Group_of_States https://en.wikipedia.org/wiki/Poverty_reduction
https://en.wikipedia.org/wiki/African,_Caribbean_and_Pacific_Group_of_States https://en.wikipedia.org/wiki/Cotonou
https://en.wikipedia.org/wiki/African,_Caribbean_and_Pacific_Group_of_States https://en.wikipedia.org/wiki/Lom%C3%A9_Convention
https://en.wikipedia.org/wiki/African,_Caribbean_and_Pacific_Group_of_States https://en.wikipedia.org/wiki/Economic_Community_of_West_African_States
https://en.wikipedia.org/wiki/African,_Caribbean_and_Pacific_Group_of_States https://en.wikipedia.org/wiki/Burkina_Faso
https://en.wikipedia.org/wiki/African,_Caribbean_and_Pacific_Group_of_States https://en.wikipedia.org/wiki/Cabo_Verde
https://en.wikipedia.org/wiki/African,_Caribbean_and_Pacific_Group_of_States https://en.wikipedia.org/wiki/Ivory_Coast
https://en.wikipedia.org/wiki/African,_Caribbean_and_Pacific_Group_of_States https://en.wikipedia.org/wiki/C%C3%B4te_d%27Ivoire
https://en.wikipedia.org/wiki/African,_Caribbean_and_Pacific_Group_of_States https://en.wikipedia.org/wiki/The_Gambia
https://en.wikipedia.org/wiki/African,_Caribbean_and_Pacific_Group_of_States https://en.wikipedia.org/wiki/Ghana
https://en.wikipedia.org/wiki/African,_Caribbean_and_Pacific_Group_of_States https://en.wikipedia.org/wiki/Guinea
https://en.wikipedia.org/wiki/African,_Caribbean_and_Pacific_Group_of_States https://en.wikipedia.org/wiki/Guinea-Bissau
https://en.wikipedia.org/wiki/African,_Caribbean_and_Pacific_Group_of_States https://en.wikipedia.org/wiki/Liberia
https://en.wikipedia.org/wiki/African,_Caribbean_and_Pacific_Group_of_States https://en.wikipedia.org/wiki/Mali
https://en.wikipedia.org/wiki/African,_Caribbean_and_Pacific_Group_of_States https://en.wikipedia.org/wiki/Mauritania
https://en.wikipedia.org/wiki/African,_Caribbean_and_Pacific_Group_of_States https://en.wikipedia.org/wiki/Niger
https://en.wikipedia.org/wiki/African,_Caribbean_and_Pacific_Group_of_States https://en.wikipedia.org/wiki/Nigeria
https://en.wikipedia.org/wiki/African,_Caribbean_and_Pacific_Group_of_States https://en.wikipedia.org/wiki/Sierra_Leone
https://en.wikipedia.org/wiki/African,_Caribbean_and_Pacific_Group_of_States https://en.wikipedia.org/wiki/Togo
https://en.wikipedia.org/wiki/African,_Caribbean_and_Pacific_Group_of_States https://en.wikipedia.org/wiki/ECCAS
https://en.wikipedia.org/wiki/African,_Caribbean_and_Pacific_Group_of_States https://en.wikipedia.org/wiki/Cameroon
https://en.wikipedia.org/wiki/African,_Caribbean_and_Pacific_Group_of_States https://en.wikipedia.org/wiki/Central_African_Republic
https://en.wikipedia.org/wiki/African,_Caribbean_and_Pacific_Group_of_States https://en.wikipedia.org/wiki/Chad
https://en.wikipedia.org/wiki/African,_Caribbean_and_Pacific_Group_of_States https://en.wikipedia.org/wiki/Democratic_Republic_of_the_Congo
https://en.wikipedia.org/wiki/African,_Caribbean_and_Pacific_Group_of_States https://en.wikipedia.org/wiki/Republic_of_the_Congo
https://en.wikipedia.org/wiki/African,_Caribbean_and_Pacific_Group_of_States https://en.wikipedia.org/wiki/Equatorial_Guinea
https://en.wikipedia.org/wiki/African,_Caribbean_and_Pacific_Group_of_States https://en.wikipedia.org/wiki/Gabon
https://en.wikipedia.org/wiki/African,_Caribbean_and_Pacific_Group_of_States https://en.wikipedia.org/wiki/S%C3%A3o_Tom%C3%A9_and_Pr%C3%ADncipe
https://en.wikipedia.org/wiki/African,_Caribbean_and_Pacific_Group_of_States https://en.wikipedia.org/wiki/Burundi
https://en.wikipedia.org/wiki/African,_Caribbean_and_Pacific_Group_of_States https://en.wikipedia.org/wiki/Kenya
https://en.wikipedia.org/wiki/African,_Caribbean_and_Pacific_Group_of_States https://en.wikipedia.org/wiki/Rwanda
https://en.wikipedia.org/wiki/African,_Caribbean_and_Pacific_Group_of_States https://en.wikipedia.org/wiki/Tanzania
https://en.wikipedia.org/wiki/African,_Caribbean_and_Pacific_Group_of_States https://en.wikipedia.org/wiki/Uganda
https://en.wikipedia.org/wiki/African,_Caribbean_and_Pacific_Group_of_States https://en.wikipedia.org/wiki/South_Sudan
https://en.wikipedia.org/wiki/African,_Caribbean_and_Pacific_Group_of_States https://en.wikipedia.org/wiki/COMESA
https://en.wikipedia.org/wiki/African,_Caribbean_and_Pacific_Group_of_States https://en.wikipedia.org/wiki/Comoros
https://en.wikipedia.org/wiki/African,_Caribbean_and_Pacific_Group_of_States https://en.wikipedia.org/wiki/Djibouti
https://en.wikipedia.org/wiki/African,_Caribbean_and_Pacific_Group_of_States https://en.wikipedia.org/wiki/Eritrea
https://en.wikipedia.org/wiki/African,_Caribbean_and_Pacific_Group_of_States https://en.wikipedia.org/wiki/Ethiopia
https://en.wikipedia.org/wiki/African,_Caribbean_and_Pacific_Group_of_States https://en.wikipedia.org/wiki/Madagascar
https://en.wikipedia.org/wiki/African,_Caribbean_and_Pacific_Group_of_States https://en.wikipedia.org/wiki/Malawi
https://en.wikipedia.org/wiki/African,_Caribbean_and_Pacific_Group_of_States https://en.wikipedia.org/wiki/Seychelles
https://en.wikipedia.org/wiki/African,_Caribbean_and_Pacific_Group_of_States https://en.wikipedia.org/wiki/Somalia
https://en.wikipedia.org/wiki/African,_Caribbean_and_Pacific_Group_of_States https://en.wikipedia.org/wiki/Sudan
https://en.wikipedia.org/wiki/African,_Caribbean_and_Pacific_Group_of_States https://en.wikipedia.org/wiki/Zambia
https://en.wikipedia.org/wiki/African,_Caribbean_and_Pacific_Group_of_States https://en.wikipedia.org/wiki/Zimbabwe
https://en.wikipedia.org/wiki/African,_Caribbean_and_Pacific_Group_of_States https://en.wikipedia.org/wiki/Angola
https://en.wikipedia.org/wiki/African,_Caribbean_and_Pacific_Group_of_States https://en.wikipedia.org/wiki/Botswana
https://en.wikipedia.org/wiki/African,_Caribbean_and_Pacific_Group_of_States https://en.wikipedia.org/wiki/Lesotho
https://en.wikipedia.org/wiki/African,_Caribbean_and_Pacific_Group_of_States https://en.wikipedia.org/wiki/Mozambique
https://en.wikipedia.org/wiki/African,_Caribbean_and_Pacific_Group_of_States https://en.wikipedia.org/wiki/Namibia
https://en.wikipedia.org/wiki/African,_Caribbean_and_Pacific_Group_of_States https://en.wikipedia.org/wiki/South_Africa
https://en.wikipedia.org/wiki/African,_Caribbean_and_Pacific_Group_of_States https://en.wikipedia.org/wiki/Eswatini
https://en.wikipedia.org/wiki/African,_Caribbean_and_Pacific_Group_of_States https://en.wikipedia.org/wiki/Antigua_and_Barbuda
https://en.wikipedia.org/wiki/African,_Caribbean_and_Pacific_Group_of_States https://en.wikipedia.org/wiki/The_Bahamas
https://en.wikipedia.org/wiki/African,_Caribbean_and_Pacific_Group_of_States https://en.wikipedia.org/wiki/Barbados
https://en.wikipedia.org/wiki/African,_Caribbean_and_Pacific_Group_of_States https://en.wikipedia.org/wiki/Belize
https://en.wikipedia.org/wiki/African,_Caribbean_and_Pacific_Group_of_States https://en.wikipedia.org/wiki/Dominica
https://en.wikipedia.org/wiki/African,_Caribbean_and_Pacific_Group_of_States https://en.wikipedia.org/wiki/Grenada
https://en.wikipedia.org/wiki/African,_Caribbean_and_Pacific_Group_of_States https://en.wikipedia.org/wiki/Guyana
https://en.wikipedia.org/wiki/African,_Caribbean_and_Pacific_Group_of_States https://en.wikipedia.org/wiki/Haiti
https://en.wikipedia.org/wiki/African,_Caribbean_and_Pacific_Group_of_States https://en.wikipedia.org/wiki/Jamaica
https://en.wikipedia.org/wiki/African,_Caribbean_and_Pacific_Group_of_States https://en.wikipedia.org/wiki/Saint_Kitts_and_Nevis
https://en.wikipedia.org/wiki/African,_Caribbean_and_Pacific_Group_of_States https://en.wikipedia.org/wiki/Saint_Lucia
https://en.wikipedia.org/wiki/African,_Caribbean_and_Pacific_Group_of_States https://en.wikipedia.org/wiki/Saint_Vincent_and_the_Grenadines
https://en.wikipedia.org/wiki/African,_Caribbean_and_Pacific_Group_of_States https://en.wikipedia.org/wiki/Suriname
https://en.wikipedia.org/wiki/African,_Caribbean_and_Pacific_Group_of_States https://en.wikipedia.org/wiki/Trinidad_and_Tobago
https://en.wikipedia.org/wiki/African,_Caribbean_and_Pacific_Group_of_States https://en.wikipedia.org/wiki/Caribbean_Community
https://en.wikipedia.org/wiki/African,_Caribbean_and_Pacific_Group_of_States https://en.wikipedia.org/wiki/Economic_Partnership_Agreement
https://en.wikipedia.org/wiki/African,_Caribbean_and_Pacific_Group_of_States https://en.wikipedia.org/wiki/Fiji
https://en.wikipedia.org/wiki/African,_Caribbean_and_Pacific_Group_of_States https://en.wikipedia.org/wiki/Cook_Islands
https://en.wikipedia.org/wiki/African,_Caribbean_and_Pacific_Group_of_States https://en.wikipedia.org/wiki/Kiribati
https://en.wikipedia.org/wiki/African,_Caribbean_and_Pacific_Group_of_States https://en.wikipedia.org/wiki/Marshall_Islands
https://en.wikipedia.org/wiki/African,_Caribbean_and_Pacific_Group_of_States https://en.wikipedia.org/wiki/Federated_States_of_Micronesia
https://en.wikipedia.org/wiki/African,_Caribbean_and_Pacific_Group_of_States https://en.wikipedia.org/wiki/Nauru
https://en.wikipedia.org/wiki/African,_Caribbean_and_Pacific_Group_of_States https://en.wikipedia.org/wiki/Niue
https://en.wikipedia.org/wiki/African,_Caribbean_and_Pacific_Group_of_States https://en.wikipedia.org/wiki/Palau
https://en.wikipedia.org/wiki/African,_Caribbean_and_Pacific_Group_of_States https://en.wikipedia.org/wiki/Papua_New_Guinea
https://en.wikipedia.org/wiki/African,_Caribbean_and_Pacific_Group_of_States https://en.wikipedia.org/wiki/Samoa
https://en.wikipedia.org/wiki/African,_Caribbean_and_Pacific_Group_of_States https://en.wikipedia.org/wiki/Solomon_Islands
https://en.wikipedia.org/wiki/African,_Caribbean_and_Pacific_Group_of_States https://en.wikipedia.org/wiki/Tonga
https://en.wikipedia.org/wiki/African,_Caribbean_and_Pacific_Group_of_States https://en.wikipedia.org/wiki/Tuvalu
https://en.wikipedia.org/wiki/African,_Caribbean_and_Pacific_Group_of_States https://en.wikipedia.org/wiki/Vanuatu
https://en.wikipedia.org/wiki/African,_Caribbean_and_Pacific_Group_of_States https://en.wikipedia.org/wiki/Pacific_Islands_Forum
https://en.wikipedia.org/wiki/African,_Caribbean_and_Pacific_Group_of_States https://en.wikipedia.org/wiki/Timor_Leste
https://en.wikipedia.org/wiki/African,_Caribbean_and_Pacific_Group_of_States https://en.wikipedia.org/wiki/Special_member_state_territories_and_the_European_Union#Overseas_countries_and_territories
https://en.wikipedia.org/wiki/African,_Caribbean_and_Pacific_Group_of_States https://en.wikipedia.org/wiki/Greenland
https://en.wikipedia.org/wiki/African,_Caribbean_and_Pacific_Group_of_States https://en.wikipedia.org/wiki/Saint_Pierre_and_Miquelon
https://en.wikipedia.org/wiki/African,_Caribbean_and_Pacific_Group_of_States https://en.wikipedia.org/wiki/Saint_Helena
https://en.wikipedia.org/wiki/African,_Caribbean_and_Pacific_Group_of_States https://en.wikipedia.org/wiki/Falkland_Islands
https://en.wikipedia.org/wiki/African,_Caribbean_and_Pacific_Group_of_States https://en.wikipedia.org/wiki/British_Indian_Ocean_Territory
https://en.wikipedia.org/wiki/African,_Caribbean_and_Pacific_Group_of_States https://en.wikipedia.org/wiki/French_Southern_and_Antarctic_Territories
https://en.wikipedia.org/wiki/African,_Caribbean_and_Pacific_Group_of_States https://en.wikipedia.org/wiki/South_Georgia_and_South_Sandwich_Islands
https://en.wikipedia.org/wiki/African,_Caribbean_and_Pacific_Group_of_States https://en.wikipedia.org/wiki/British_Antarctic_Territory
https://en.wikipedia.org/wiki/African,_Caribbean_and_Pacific_Group_of_States https://en.wikipedia.org/wiki/ACP-EU_Development_Cooperation
https://en.wikipedia.org/wiki/African,_Caribbean_and_Pacific_Group_of_States https://en.wikipedia.org/wiki/ACP-EU_Joint_Parliamentary_Assembly
https://en.wikipedia.org/wiki/African,_Caribbean_and_Pacific_Group_of_States https://en.wikipedia.org/wiki/The_Courier_(ACP-EU)
https://en.wikipedia.org/wiki/African,_Caribbean_and_Pacific_Group_of_States https://en.wikipedia.org/wiki/Technical_Centre_for_Agricultural_and_Rural_Cooperation_ACP-EU_(CTA)
https://en.wikipedia.org/wiki/African,_Caribbean_and_Pacific_Group_of_States https://en.wikipedia.org/wiki/European_Centre_for_Development_Policy_Management
https://en.wikipedia.org/wiki/African,_Caribbean_and_Pacific_Group_of_States https://en.wikipedia.org/wiki/OCLC
https://en.wikipedia.org/wiki/African,_Caribbean_and_Pacific_Group_of_States https://en.wikipedia.org/wiki/Australia
https://en.wikipedia.org/wiki/African,_Caribbean_and_Pacific_Group_of_States https://en.wikipedia.org/wiki/New_Zealand
https://en.wikipedia.org/wiki/African,_Caribbean_and_Pacific_Group_of_States https://en.wikipedia.org/wiki/Chagos_islanders
https://en.wikipedia.org/wiki/African,_Caribbean_and_Pacific_Group_of_States https://en.wikipedia.org/wiki/Spore_(agricultural_publication)
https://en.wikipedia.org/wiki/African,_Caribbean_and_Pacific_Group_of_States https://en.wikipedia.org/wiki/South%E2%80%93South_cooperation
https://en.wikipedia.org/wiki/African,_Caribbean_and_Pacific_Group_of_States https://en.wikipedia.org/wiki/Third-Worldism
https://en.wikipedia.org/wiki/African,_Caribbean_and_Pacific_Group_of_States https://en.wikipedia.org/wiki/Global_South
https://en.wikipedia.org/wiki/African,_Caribbean_and_Pacific_Group_of_States https://en.wikipedia.org/wiki/Developing_country
https://en.wikipedia.org/wiki/African,_Caribbean_and_Pacific_Group_of_States https://en.wikipedia.org/wiki/Landlocked_developing_countries
https://en.wikipedia.org/wiki/African,_Caribbean_and_Pacific_Group_of_States https://en.wikipedia.org/wiki/Least_Developed_Countries
https://en.wikipedia.org/wiki/African,_Caribbean_and_Pacific_Group_of_States https://en.wikipedia.org/wiki/Heavily_indebted_poor_countries
https://en.wikipedia.org/wiki/African,_Caribbean_and_Pacific_Group_of_States https://en.wikipedia.org/wiki/Emerging_market
https://en.wikipedia.org/wiki/African,_Caribbean_and_Pacific_Group_of_States https://en.wikipedia.org/wiki/Newly_industrialized_country
https://en.wikipedia.org/wiki/African,_Caribbean_and_Pacific_Group_of_States https://en.wikipedia.org/wiki/Transition_economy
https://en.wikipedia.org/wiki/African,_Caribbean_and_Pacific_Group_of_States https://en.wikipedia.org/wiki/Three-World_Model
https://en.wikipedia.org/wiki/African,_Caribbean_and_Pacific_Group_of_States https://en.wikipedia.org/wiki/First_World
https://en.wikipedia.org/wiki/African,_Caribbean_and_Pacific_Group_of_States https://en.wikipedia.org/wiki/Second_World
https://en.wikipedia.org/wiki/African,_Caribbean_and_Pacific_Group_of_States https://en.wikipedia.org/wiki/Third_World
https://en.wikipedia.org/wiki/African,_Caribbean_and_Pacific_Group_of_States https://en.wikipedia.org/wiki/Fourth_World
https://en.wikipedia.org/wiki/African,_Caribbean_and_Pacific_Group_of_States https://en.wikipedia.org/wiki/Geopolitics
https://en.wikipedia.org/wiki/African,_Caribbean_and_Pacific_Group_of_States https://en.wikipedia.org/wiki/Decolonization
https://en.wikipedia.org/wiki/African,_Caribbean_and_Pacific_Group_of_States https://en.wikipedia.org/wiki/Cold_War
https://en.wikipedia.org/wiki/African,_Caribbean_and_Pacific_Group_of_States https://en.wikipedia.org/wiki/Neocolonialism
https://en.wikipedia.org/wiki/African,_Caribbean_and_Pacific_Group_of_States https://en.wikipedia.org/wiki/Multipolarity
https://en.wikipedia.org/wiki/African,_Caribbean_and_Pacific_Group_of_States https://en.wikipedia.org/wiki/World_Conference_against_Racism
https://en.wikipedia.org/wiki/African,_Caribbean_and_Pacific_Group_of_States https://en.wikipedia.org/wiki/World_Conference_against_Racism_2001
https://en.wikipedia.org/wiki/African,_Caribbean_and_Pacific_Group_of_States https://en.wikipedia.org/wiki/Durban_Review_Conference
https://en.wikipedia.org/wiki/African,_Caribbean_and_Pacific_Group_of_States https://en.wikipedia.org/wiki/Durban_III
https://en.wikipedia.org/wiki/African,_Caribbean_and_Pacific_Group_of_States https://en.wikipedia.org/wiki/Globalization
https://en.wikipedia.org/wiki/African,_Caribbean_and_Pacific_Group_of_States https://en.wikipedia.org/wiki/BRICS
https://en.wikipedia.org/wiki/African,_Caribbean_and_Pacific_Group_of_States https://en.wikipedia.org/wiki/BASIC_countries
https://en.wikipedia.org/wiki/African,_Caribbean_and_Pacific_Group_of_States https://en.wikipedia.org/wiki/BRIC
https://en.wikipedia.org/wiki/African,_Caribbean_and_Pacific_Group_of_States https://en.wikipedia.org/wiki/IBSA_Dialogue_Forum
https://en.wikipedia.org/wiki/African,_Caribbean_and_Pacific_Group_of_States https://en.wikipedia.org/wiki/Debt_of_developing_countries
https://en.wikipedia.org/wiki/African,_Caribbean_and_Pacific_Group_of_States https://en.wikipedia.org/wiki/Asian_Clearing_Union
https://en.wikipedia.org/wiki/African,_Caribbean_and_Pacific_Group_of_States https://en.wikipedia.org/wiki/Asian_Infrastructure_Investment_Bank
https://en.wikipedia.org/wiki/African,_Caribbean_and_Pacific_Group_of_States https://en.wikipedia.org/wiki/Asian_Development_Bank
https://en.wikipedia.org/wiki/African,_Caribbean_and_Pacific_Group_of_States https://en.wikipedia.org/wiki/Arab_Monetary_Fund
https://en.wikipedia.org/wiki/African,_Caribbean_and_Pacific_Group_of_States https://en.wikipedia.org/wiki/Bank_of_the_South
https://en.wikipedia.org/wiki/African,_Caribbean_and_Pacific_Group_of_States https://en.wikipedia.org/wiki/Caribbean_Development_Bank
https://en.wikipedia.org/wiki/African,_Caribbean_and_Pacific_Group_of_States https://en.wikipedia.org/wiki/Common_Fund_for_Commodities
https://en.wikipedia.org/wiki/African,_Caribbean_and_Pacific_Group_of_States https://en.wikipedia.org/wiki/Trade_and_development
https://en.wikipedia.org/wiki/African,_Caribbean_and_Pacific_Group_of_States https://en.wikipedia.org/wiki/Developmental_state
https://en.wikipedia.org/wiki/African,_Caribbean_and_Pacific_Group_of_States https://en.wikipedia.org/wiki/Flying_geese_paradigm
https://en.wikipedia.org/wiki/African,_Caribbean_and_Pacific_Group_of_States https://en.wikipedia.org/wiki/Infrastructure-based_development
https://en.wikipedia.org/wiki/African,_Caribbean_and_Pacific_Group_of_States https://en.wikipedia.org/wiki/Sustainable_development
https://en.wikipedia.org/wiki/African,_Caribbean_and_Pacific_Group_of_States https://en.wikipedia.org/wiki/Global_System_of_Trade_Preferences_among_Developing_Countries
https://en.wikipedia.org/wiki/African,_Caribbean_and_Pacific_Group_of_States https://en.wikipedia.org/wiki/Protocol_on_Trade_Negotiations
https://en.wikipedia.org/wiki/African,_Caribbean_and_Pacific_Group_of_States https://en.wikipedia.org/wiki/New_International_Economic_Order
https://en.wikipedia.org/wiki/African,_Caribbean_and_Pacific_Group_of_States https://en.wikipedia.org/wiki/New_World_Information_and_Communication_Order
https://en.wikipedia.org/wiki/African,_Caribbean_and_Pacific_Group_of_States https://en.wikipedia.org/wiki/United_Nations_Conference_on_Trade_and_Development
https://en.wikipedia.org/wiki/African,_Caribbean_and_Pacific_Group_of_States https://en.wikipedia.org/wiki/United_Nations_Development_Programme
https://en.wikipedia.org/wiki/African,_Caribbean_and_Pacific_Group_of_States https://en.wikipedia.org/wiki/United_Nations_Industrial_Development_Organization
https://en.wikipedia.org/wiki/African,_Caribbean_and_Pacific_Group_of_States https://en.wikipedia.org/wiki/Public_health
https://en.wikipedia.org/wiki/African,_Caribbean_and_Pacific_Group_of_States https://en.wikipedia.org/wiki/Generic_drug
https://en.wikipedia.org/wiki/African,_Caribbean_and_Pacific_Group_of_States https://en.wikipedia.org/wiki/Biosimilar
https://en.wikipedia.org/wiki/African,_Caribbean_and_Pacific_Group_of_States https://en.wikipedia.org/wiki/Pharmaceutical_patent
https://en.wikipedia.org/wiki/African,_Caribbean_and_Pacific_Group_of_States https://en.wikipedia.org/wiki/Criticism_of_patents#Pharmaceutical_patents
https://en.wikipedia.org/wiki/African,_Caribbean_and_Pacific_Group_of_States https://en.wikipedia.org/wiki/Test_data_exclusivity
https://en.wikipedia.org/wiki/African,_Caribbean_and_Pacific_Group_of_States https://en.wikipedia.org/wiki/Doha_Declaration
https://en.wikipedia.org/wiki/African,_Caribbean_and_Pacific_Group_of_States https://en.wikipedia.org/wiki/World_Health_Organization
https://en.wikipedia.org/wiki/African,_Caribbean_and_Pacific_Group_of_States https://en.wikipedia.org/wiki/Group_of_77
https://en.wikipedia.org/wiki/African,_Caribbean_and_Pacific_Group_of_States https://en.wikipedia.org/wiki/Group_of_15
https://en.wikipedia.org/wiki/African,_Caribbean_and_Pacific_Group_of_States https://en.wikipedia.org/wiki/D-8_Organization_for_Economic_Cooperation
https://en.wikipedia.org/wiki/African,_Caribbean_and_Pacific_Group_of_States https://en.wikipedia.org/wiki/G20_developing_nations
https://en.wikipedia.org/wiki/African,_Caribbean_and_Pacific_Group_of_States https://en.wikipedia.org/wiki/Group_of_24
https://en.wikipedia.org/wiki/African,_Caribbean_and_Pacific_Group_of_States https://en.wikipedia.org/wiki/G33_(developing_countries)
https://en.wikipedia.org/wiki/African,_Caribbean_and_Pacific_Group_of_States https://en.wikipedia.org/wiki/Group_of_Eleven
https://en.wikipedia.org/wiki/African,_Caribbean_and_Pacific_Group_of_States https://en.wikipedia.org/wiki/G90
https://en.wikipedia.org/wiki/African,_Caribbean_and_Pacific_Group_of_States https://en.wikipedia.org/wiki/Non-Aligned_Movement
https://en.wikipedia.org/wiki/African,_Caribbean_and_Pacific_Group_of_States https://en.wikipedia.org/wiki/African_Union
https://en.wikipedia.org/wiki/African,_Caribbean_and_Pacific_Group_of_States https://en.wikipedia.org/wiki/Bandung_Conference
https://en.wikipedia.org/wiki/African,_Caribbean_and_Pacific_Group_of_States https://en.wikipedia.org/wiki/Association_of_Southeast_Asian_Nations
https://en.wikipedia.org/wiki/African,_Caribbean_and_Pacific_Group_of_States https://en.wikipedia.org/wiki/Colombo_Plan
https://en.wikipedia.org/wiki/African,_Caribbean_and_Pacific_Group_of_States https://en.wikipedia.org/wiki/Community_of_Latin_American_and_Caribbean_States
https://en.wikipedia.org/wiki/African,_Caribbean_and_Pacific_Group_of_States https://en.wikipedia.org/wiki/International_Solar_Alliance
https://en.wikipedia.org/wiki/African,_Caribbean_and_Pacific_Group_of_States https://en.wikipedia.org/wiki/Melanesian_Spearhead_Group
https://en.wikipedia.org/wiki/African,_Caribbean_and_Pacific_Group_of_States https://en.wikipedia.org/wiki/North%E2%80%93South_Summit
https://en.wikipedia.org/wiki/African,_Caribbean_and_Pacific_Group_of_States https://en.wikipedia.org/wiki/Polynesian_Leaders_Group
https://en.wikipedia.org/wiki/African,_Caribbean_and_Pacific_Group_of_States https://en.wikipedia.org/wiki/South_Atlantic_Peace_and_Cooperation_Zone
https://en.wikipedia.org/wiki/African,_Caribbean_and_Pacific_Group_of_States https://en.wikipedia.org/wiki/South_Asian_Association_for_Regional_Cooperation
https://en.wikipedia.org/wiki/African,_Caribbean_and_Pacific_Group_of_States https://en.wikipedia.org/wiki/Small_Island_Developing_States
https://en.wikipedia.org/wiki/African,_Caribbean_and_Pacific_Group_of_States https://en.wikipedia.org/wiki/South_Centre_(organization)
https://en.wikipedia.org/wiki/African,_Caribbean_and_Pacific_Group_of_States https://en.wikipedia.org/wiki/Third_World_Network
https://en.wikipedia.org/wiki/African,_Caribbean_and_Pacific_Group_of_States https://en.wikipedia.org/wiki/North%E2%80%93South_divide
https://en.wikipedia.org/wiki/African,_Caribbean_and_Pacific_Group_of_States https://en.wikipedia.org/wiki/Brandt_Report
https://en.wikipedia.org/wiki/African,_Caribbean_and_Pacific_Group_of_States https://en.wikipedia.org/wiki/Global_financial_system
https://en.wikipedia.org/wiki/African,_Caribbean_and_Pacific_Group_of_States https://en.wikipedia.org/wiki/International_Monetary_Fund
https://en.wikipedia.org/wiki/African,_Caribbean_and_Pacific_Group_of_States https://en.wikipedia.org/wiki/World_Bank
https://en.wikipedia.org/wiki/African,_Caribbean_and_Pacific_Group_of_States https://en.wikipedia.org/wiki/World_Trade_Organization
https://en.wikipedia.org/wiki/African,_Caribbean_and_Pacific_Group_of_States https://en.wikipedia.org/wiki/Fair_trade
https://en.wikipedia.org/wiki/African,_Caribbean_and_Pacific_Group_of_States https://en.wikipedia.org/wiki/Financial_regulation
https://en.wikipedia.org/wiki/African,_Caribbean_and_Pacific_Group_of_States https://en.wikipedia.org/wiki/Global_digital_divide
https://en.wikipedia.org/wiki/African,_Caribbean_and_Pacific_Group_of_States https://en.wikipedia.org/wiki/Foreign_relations_of_the_European_Union
https://en.wikipedia.org/wiki/African,_Caribbean_and_Pacific_Group_of_States https://en.wikipedia.org/wiki/Bilateralism
https://en.wikipedia.org/wiki/African,_Caribbean_and_Pacific_Group_of_States https://en.wikipedia.org/wiki/Third-country_economic_relationships_with_the_European_Union
https://en.wikipedia.org/wiki/African,_Caribbean_and_Pacific_Group_of_States https://en.wikipedia.org/wiki/Cape_Verde%E2%80%93European_Union_relations
https://en.wikipedia.org/wiki/African,_Caribbean_and_Pacific_Group_of_States https://en.wikipedia.org/wiki/Libya%E2%80%93European_Union_relations
https://en.wikipedia.org/wiki/African,_Caribbean_and_Pacific_Group_of_States https://en.wikipedia.org/wiki/Morocco%E2%80%93European_Union_relations
https://en.wikipedia.org/wiki/African,_Caribbean_and_Pacific_Group_of_States https://en.wikipedia.org/wiki/South_Africa%E2%80%93European_Union_relations
https://en.wikipedia.org/wiki/African,_Caribbean_and_Pacific_Group_of_States https://en.wikipedia.org/wiki/Argentina%E2%80%93European_Union_relations
https://en.wikipedia.org/wiki/African,_Caribbean_and_Pacific_Group_of_States https://en.wikipedia.org/wiki/Brazil%E2%80%93European_Union_relations
https://en.wikipedia.org/wiki/African,_Caribbean_and_Pacific_Group_of_States https://en.wikipedia.org/wiki/Canada%E2%80%93European_Union_relations
https://en.wikipedia.org/wiki/African,_Caribbean_and_Pacific_Group_of_States https://en.wikipedia.org/wiki/Cuba%E2%80%93European_Union_relations
https://en.wikipedia.org/wiki/African,_Caribbean_and_Pacific_Group_of_States https://en.wikipedia.org/wiki/Greenland%E2%80%93European_Union_relations
https://en.wikipedia.org/wiki/African,_Caribbean_and_Pacific_Group_of_States https://en.wikipedia.org/wiki/Mexico%E2%80%93European_Union_relations
https://en.wikipedia.org/wiki/African,_Caribbean_and_Pacific_Group_of_States https://en.wikipedia.org/wiki/United_States%E2%80%93European_Union_relations
https://en.wikipedia.org/wiki/African,_Caribbean_and_Pacific_Group_of_States https://en.wikipedia.org/wiki/Bangladesh%E2%80%93European_Union_relations
https://en.wikipedia.org/wiki/African,_Caribbean_and_Pacific_Group_of_States https://en.wikipedia.org/wiki/China%E2%80%93European_Union_relations
https://en.wikipedia.org/wiki/African,_Caribbean_and_Pacific_Group_of_States https://en.wikipedia.org/wiki/India%E2%80%93European_Union_relations
https://en.wikipedia.org/wiki/African,_Caribbean_and_Pacific_Group_of_States https://en.wikipedia.org/wiki/Indonesia%E2%80%93European_Union_relations
https://en.wikipedia.org/wiki/African,_Caribbean_and_Pacific_Group_of_States https://en.wikipedia.org/wiki/Japan%E2%80%93European_Union_relations
https://en.wikipedia.org/wiki/African,_Caribbean_and_Pacific_Group_of_States https://en.wikipedia.org/wiki/Kazakhstan%E2%80%93European_Union_relations
https://en.wikipedia.org/wiki/African,_Caribbean_and_Pacific_Group_of_States https://en.wikipedia.org/wiki/Malaysia%E2%80%93European_Union_relations
https://en.wikipedia.org/wiki/African,_Caribbean_and_Pacific_Group_of_States https://en.wikipedia.org/wiki/Nepal%E2%80%93European_Union_relations
https://en.wikipedia.org/wiki/African,_Caribbean_and_Pacific_Group_of_States https://en.wikipedia.org/wiki/North_Korea%E2%80%93European_Union_relations
https://en.wikipedia.org/wiki/African,_Caribbean_and_Pacific_Group_of_States https://en.wikipedia.org/wiki/Pakistan%E2%80%93European_Union_relations
https://en.wikipedia.org/wiki/African,_Caribbean_and_Pacific_Group_of_States https://en.wikipedia.org/wiki/Philippines%E2%80%93European_Union_relations
https://en.wikipedia.org/wiki/African,_Caribbean_and_Pacific_Group_of_States https://en.wikipedia.org/wiki/South_Korea%E2%80%93European_Union_relations
https://en.wikipedia.org/wiki/African,_Caribbean_and_Pacific_Group_of_States https://en.wikipedia.org/wiki/Uzbekistan%E2%80%93European_Union_relations
https://en.wikipedia.org/wiki/African,_Caribbean_and_Pacific_Group_of_States https://en.wikipedia.org/wiki/Accession_of_Albania_to_the_European_Union
https://en.wikipedia.org/wiki/African,_Caribbean_and_Pacific_Group_of_States https://en.wikipedia.org/wiki/Andorra%E2%80%93European_Union_relations
https://en.wikipedia.org/wiki/African,_Caribbean_and_Pacific_Group_of_States https://en.wikipedia.org/wiki/Armenia%E2%80%93European_Union_relations
https://en.wikipedia.org/wiki/African,_Caribbean_and_Pacific_Group_of_States https://en.wikipedia.org/wiki/Azerbaijan%E2%80%93European_Union_relations
https://en.wikipedia.org/wiki/African,_Caribbean_and_Pacific_Group_of_States https://en.wikipedia.org/wiki/Belarus%E2%80%93European_Union_relations
https://en.wikipedia.org/wiki/African,_Caribbean_and_Pacific_Group_of_States https://en.wikipedia.org/wiki/Accession_of_Bosnia_and_Herzegovina_to_the_European_Union
https://en.wikipedia.org/wiki/African,_Caribbean_and_Pacific_Group_of_States https://en.wikipedia.org/wiki/Faroe_Islands_and_the_European_Union
https://en.wikipedia.org/wiki/African,_Caribbean_and_Pacific_Group_of_States https://en.wikipedia.org/wiki/Georgia%E2%80%93European_Union_relations
https://en.wikipedia.org/wiki/African,_Caribbean_and_Pacific_Group_of_States https://en.wikipedia.org/wiki/Accession_of_Iceland_to_the_European_Union
https://en.wikipedia.org/wiki/African,_Caribbean_and_Pacific_Group_of_States https://en.wikipedia.org/wiki/Kosovo%E2%80%93European_Union_relations
https://en.wikipedia.org/wiki/African,_Caribbean_and_Pacific_Group_of_States https://en.wikipedia.org/wiki/Liechtenstein%E2%80%93European_Union_relations
https://en.wikipedia.org/wiki/African,_Caribbean_and_Pacific_Group_of_States https://en.wikipedia.org/wiki/Moldova%E2%80%93European_Union_relations
https://en.wikipedia.org/wiki/African,_Caribbean_and_Pacific_Group_of_States https://en.wikipedia.org/wiki/Monaco%E2%80%93European_Union_relations
https://en.wikipedia.org/wiki/African,_Caribbean_and_Pacific_Group_of_States https://en.wikipedia.org/wiki/Accession_of_Montenegro_to_the_European_Union
https://en.wikipedia.org/wiki/African,_Caribbean_and_Pacific_Group_of_States https://en.wikipedia.org/wiki/Accession_of_North_Macedonia_to_the_European_Union
https://en.wikipedia.org/wiki/African,_Caribbean_and_Pacific_Group_of_States https://en.wikipedia.org/wiki/Northern_Cyprus_and_the_European_Union
https://en.wikipedia.org/wiki/African,_Caribbean_and_Pacific_Group_of_States https://en.wikipedia.org/wiki/Norway%E2%80%93European_Union_relations
https://en.wikipedia.org/wiki/African,_Caribbean_and_Pacific_Group_of_States https://en.wikipedia.org/wiki/Russia%E2%80%93European_Union_relations
https://en.wikipedia.org/wiki/African,_Caribbean_and_Pacific_Group_of_States https://en.wikipedia.org/wiki/San_Marino%E2%80%93European_Union_relations
https://en.wikipedia.org/wiki/African,_Caribbean_and_Pacific_Group_of_States https://en.wikipedia.org/wiki/Accession_of_Serbia_to_the_European_Union
https://en.wikipedia.org/wiki/African,_Caribbean_and_Pacific_Group_of_States https://en.wikipedia.org/wiki/Switzerland%E2%80%93European_Union_relations
https://en.wikipedia.org/wiki/African,_Caribbean_and_Pacific_Group_of_States https://en.wikipedia.org/wiki/Accession_of_Turkey_to_the_European_Union
https://en.wikipedia.org/wiki/African,_Caribbean_and_Pacific_Group_of_States https://en.wikipedia.org/wiki/Ukraine%E2%80%93European_Union_relations
https://en.wikipedia.org/wiki/African,_Caribbean_and_Pacific_Group_of_States https://en.wikipedia.org/wiki/Holy_See%E2%80%93European_Union_relations
https://en.wikipedia.org/wiki/African,_Caribbean_and_Pacific_Group_of_States https://en.wikipedia.org/wiki/Bahrain%E2%80%93European_Union_relations
https://en.wikipedia.org/wiki/African,_Caribbean_and_Pacific_Group_of_States https://en.wikipedia.org/wiki/Iran%E2%80%93European_Union_relations
https://en.wikipedia.org/wiki/African,_Caribbean_and_Pacific_Group_of_States https://en.wikipedia.org/wiki/Iraq%E2%80%93European_Union_relations
https://en.wikipedia.org/wiki/African,_Caribbean_and_Pacific_Group_of_States https://en.wikipedia.org/wiki/Israel%E2%80%93European_Union_relations
https://en.wikipedia.org/wiki/African,_Caribbean_and_Pacific_Group_of_States https://en.wikipedia.org/wiki/Jordan%E2%80%93European_Union_relations
https://en.wikipedia.org/wiki/African,_Caribbean_and_Pacific_Group_of_States https://en.wikipedia.org/wiki/Lebanon%E2%80%93European_Union_relations
https://en.wikipedia.org/wiki/African,_Caribbean_and_Pacific_Group_of_States https://en.wikipedia.org/wiki/Palestine%E2%80%93European_Union_relations
https://en.wikipedia.org/wiki/African,_Caribbean_and_Pacific_Group_of_States https://en.wikipedia.org/wiki/Syria%E2%80%93European_Union_relations
https://en.wikipedia.org/wiki/African,_Caribbean_and_Pacific_Group_of_States https://en.wikipedia.org/wiki/Yemen%E2%80%93European_Union_relations
https://en.wikipedia.org/wiki/African,_Caribbean_and_Pacific_Group_of_States https://en.wikipedia.org/wiki/Australia%E2%80%93European_Union_relations
https://en.wikipedia.org/wiki/African,_Caribbean_and_Pacific_Group_of_States https://en.wikipedia.org/wiki/New_Zealand%E2%80%93European_Union_relations
https://en.wikipedia.org/wiki/African,_Caribbean_and_Pacific_Group_of_States https://en.wikipedia.org/wiki/Special_member_state_territories_and_the_European_Union
https://en.wikipedia.org/wiki/African,_Caribbean_and_Pacific_Group_of_States https://en.wikipedia.org/wiki/Microstates_and_the_European_Union
https://en.wikipedia.org/wiki/African,_Caribbean_and_Pacific_Group_of_States https://en.wikipedia.org/wiki/List_of_the_largest_trading_partners_of_the_European_Union
https://en.wikipedia.org/wiki/African,_Caribbean_and_Pacific_Group_of_States https://en.wikipedia.org/wiki/Multilateralism
https://en.wikipedia.org/wiki/African,_Caribbean_and_Pacific_Group_of_States https://en.wikipedia.org/wiki/Arab_League%E2%80%93European_Union_relations
https://en.wikipedia.org/wiki/African,_Caribbean_and_Pacific_Group_of_States https://en.wikipedia.org/wiki/ASEAN%E2%80%93European_Union_relations
https://en.wikipedia.org/wiki/African,_Caribbean_and_Pacific_Group_of_States https://en.wikipedia.org/wiki/Council_of_Europe%E2%80%93European_Union_relations
https://en.wikipedia.org/wiki/African,_Caribbean_and_Pacific_Group_of_States https://en.wikipedia.org/wiki/Relationship_between_the_European_Court_of_Justice_and_European_Court_of_Human_Rights
https://en.wikipedia.org/wiki/African,_Caribbean_and_Pacific_Group_of_States https://en.wikipedia.org/wiki/European_Union_and_the_G8
https://en.wikipedia.org/wiki/African,_Caribbean_and_Pacific_Group_of_States https://en.wikipedia.org/wiki/European_Union_and_the_International_Criminal_Court
https://en.wikipedia.org/wiki/African,_Caribbean_and_Pacific_Group_of_States https://en.wikipedia.org/wiki/Permanent_Observer_Mission_of_the_Organization_of_Islamic_Cooperation_to_the_European_Union
https://en.wikipedia.org/wiki/African,_Caribbean_and_Pacific_Group_of_States https://en.wikipedia.org/wiki/European_Union_and_the_United_Nations
https://en.wikipedia.org/wiki/African,_Caribbean_and_Pacific_Group_of_States https://en.wikipedia.org/wiki/Asia%E2%80%93Europe_Meeting
https://en.wikipedia.org/wiki/African,_Caribbean_and_Pacific_Group_of_States https://en.wikipedia.org/wiki/European_Union_Customs_Union
https://en.wikipedia.org/wiki/African,_Caribbean_and_Pacific_Group_of_States https://en.wikipedia.org/wiki/Energy_Community
https://en.wikipedia.org/wiki/African,_Caribbean_and_Pacific_Group_of_States https://en.wikipedia.org/wiki/Euro-Latin_American_Parliamentary_Assembly
https://en.wikipedia.org/wiki/African,_Caribbean_and_Pacific_Group_of_States https://en.wikipedia.org/wiki/European_Common_Aviation_Area
https://en.wikipedia.org/wiki/African,_Caribbean_and_Pacific_Group_of_States https://en.wikipedia.org/wiki/Euro-Mediterranean_free_trade_area
https://en.wikipedia.org/wiki/African,_Caribbean_and_Pacific_Group_of_States https://en.wikipedia.org/wiki/Euro-Mediterranean_Partnership
https://en.wikipedia.org/wiki/African,_Caribbean_and_Pacific_Group_of_States https://en.wikipedia.org/wiki/Euronest_Parliamentary_Assembly
https://en.wikipedia.org/wiki/African,_Caribbean_and_Pacific_Group_of_States https://en.wikipedia.org/wiki/EU_CBRN_Risk_Mitigation_CoE_Initiative
https://en.wikipedia.org/wiki/African,_Caribbean_and_Pacific_Group_of_States https://en.wikipedia.org/wiki/Humanitarian_Aid_and_Civil_Protection_Department
https://en.wikipedia.org/wiki/African,_Caribbean_and_Pacific_Group_of_States https://en.wikipedia.org/wiki/Directorate-General_for_International_Cooperation_and_Development
https://en.wikipedia.org/wiki/African,_Caribbean_and_Pacific_Group_of_States https://en.wikipedia.org/wiki/Federica_Mogherini
https://en.wikipedia.org/wiki/African,_Caribbean_and_Pacific_Group_of_States https://en.wikipedia.org/wiki/European_Parliament_Committee_on_Foreign_Affairs
https://en.wikipedia.org/wiki/African,_Caribbean_and_Pacific_Group_of_States https://en.wikipedia.org/wiki/Foreign_Policy_Instruments_Service
https://en.wikipedia.org/wiki/African,_Caribbean_and_Pacific_Group_of_States https://en.wikipedia.org/wiki/List_of_diplomatic_missions_of_the_European_Union
https://en.wikipedia.org/wiki/African,_Caribbean_and_Pacific_Group_of_States https://en.wikipedia.org/wiki/Ambassadors_of_the_European_Union
https://en.wikipedia.org/wiki/African,_Caribbean_and_Pacific_Group_of_States https://en.wikipedia.org/wiki/List_of_diplomatic_missions_in_Belgium#Missions_to_the_European_Union
https://en.wikipedia.org/wiki/African,_Caribbean_and_Pacific_Group_of_States https://en.wikipedia.org/wiki/European_Union_Special_Representative
https://en.wikipedia.org/wiki/African,_Caribbean_and_Pacific_Group_of_States https://en.wikipedia.org/wiki/Director_General_of_the_European_Union_Military_Staff
https://en.wikipedia.org/wiki/African,_Caribbean_and_Pacific_Group_of_States https://en.wikipedia.org/wiki/Chairman_of_the_European_Union_Military_Committee
https://en.wikipedia.org/wiki/African,_Caribbean_and_Pacific_Group_of_States https://en.wikipedia.org/wiki/European_Council
https://en.wikipedia.org/wiki/African,_Caribbean_and_Pacific_Group_of_States https://en.wikipedia.org/wiki/European_Union_Military_Staff
https://en.wikipedia.org/wiki/African,_Caribbean_and_Pacific_Group_of_States https://en.wikipedia.org/wiki/Military_Planning_and_Conduct_Capability
https://en.wikipedia.org/wiki/African,_Caribbean_and_Pacific_Group_of_States https://en.wikipedia.org/wiki/Civilian_Planning_and_Conduct_Capability
https://en.wikipedia.org/wiki/African,_Caribbean_and_Pacific_Group_of_States https://en.wikipedia.org/wiki/European_Union_Intelligence_and_Situation_Centre
https://en.wikipedia.org/wiki/African,_Caribbean_and_Pacific_Group_of_States https://en.wikipedia.org/wiki/Club_de_Berne
https://en.wikipedia.org/wiki/African,_Caribbean_and_Pacific_Group_of_States https://en.wikipedia.org/wiki/European_Security_and_Defence_College
https://en.wikipedia.org/wiki/African,_Caribbean_and_Pacific_Group_of_States https://en.wikipedia.org/wiki/Agencies_of_the_European_Union
https://en.wikipedia.org/wiki/African,_Caribbean_and_Pacific_Group_of_States https://en.wikipedia.org/wiki/European_Defence_Agency
https://en.wikipedia.org/wiki/African,_Caribbean_and_Pacific_Group_of_States https://en.wikipedia.org/wiki/European_Border_and_Coast_Guard_Agency
https://en.wikipedia.org/wiki/African,_Caribbean_and_Pacific_Group_of_States https://en.wikipedia.org/wiki/European_Union_Institute_for_Security_Studies
https://en.wikipedia.org/wiki/African,_Caribbean_and_Pacific_Group_of_States https://en.wikipedia.org/wiki/European_Union_Satellite_Centre
https://en.wikipedia.org/wiki/African,_Caribbean_and_Pacific_Group_of_States https://en.wikipedia.org/wiki/Committee_of_Permanent_Representatives
https://en.wikipedia.org/wiki/African,_Caribbean_and_Pacific_Group_of_States https://en.wikipedia.org/wiki/Political_and_Security_Committee
https://en.wikipedia.org/wiki/African,_Caribbean_and_Pacific_Group_of_States https://en.wikipedia.org/wiki/Politico-Military_Group
https://en.wikipedia.org/wiki/African,_Caribbean_and_Pacific_Group_of_States https://en.wikipedia.org/wiki/European_Union_Military_Committee
https://en.wikipedia.org/wiki/African,_Caribbean_and_Pacific_Group_of_States https://en.wikipedia.org/wiki/Committee_for_Civilian_Aspects_of_Crisis_Management
https://en.wikipedia.org/wiki/African,_Caribbean_and_Pacific_Group_of_States https://en.wikipedia.org/wiki/European_Union_Global_Strategy
https://en.wikipedia.org/wiki/African,_Caribbean_and_Pacific_Group_of_States https://en.wikipedia.org/wiki/European_Defence_Fund
https://en.wikipedia.org/wiki/African,_Caribbean_and_Pacific_Group_of_States https://en.wikipedia.org/wiki/Coordinated_Annual_Review_on_Defence
https://en.wikipedia.org/wiki/African,_Caribbean_and_Pacific_Group_of_States https://en.wikipedia.org/wiki/Berlin_Plus_agreement
https://en.wikipedia.org/wiki/African,_Caribbean_and_Pacific_Group_of_States https://en.wikipedia.org/wiki/European_initiative_for_the_exchange_of_young_officers_inspired_by_Erasmus
https://en.wikipedia.org/wiki/African,_Caribbean_and_Pacific_Group_of_States https://en.wikipedia.org/wiki/Military_Mobility_(PESCO)
https://en.wikipedia.org/wiki/African,_Caribbean_and_Pacific_Group_of_States https://en.wikipedia.org/wiki/Joint_European_Union_Intelligence_School
https://en.wikipedia.org/wiki/African,_Caribbean_and_Pacific_Group_of_States https://en.wikipedia.org/wiki/Galileo_(satellite_navigation)
https://en.wikipedia.org/wiki/African,_Caribbean_and_Pacific_Group_of_States https://en.wikipedia.org/wiki/European_Secure_Software-defined_Radio
https://en.wikipedia.org/wiki/African,_Caribbean_and_Pacific_Group_of_States https://en.wikipedia.org/wiki/European_Community_Monitor_Mission_Medal
https://en.wikipedia.org/wiki/African,_Caribbean_and_Pacific_Group_of_States https://en.wikipedia.org/wiki/Defence_forces_of_the_European_Union
https://en.wikipedia.org/wiki/African,_Caribbean_and_Pacific_Group_of_States https://en.wikipedia.org/wiki/Movement_Coordination_Centre_Europe
https://en.wikipedia.org/wiki/African,_Caribbean_and_Pacific_Group_of_States https://en.wikipedia.org/wiki/European_Air_Group
https://en.wikipedia.org/wiki/African,_Caribbean_and_Pacific_Group_of_States https://en.wikipedia.org/wiki/Finabel
https://en.wikipedia.org/wiki/African,_Caribbean_and_Pacific_Group_of_States https://en.wikipedia.org/wiki/European_Organisation_of_Military_Associations
https://en.wikipedia.org/wiki/African,_Caribbean_and_Pacific_Group_of_States https://en.wikipedia.org/wiki/Organisation_for_Joint_Armament_Cooperation
https://en.wikipedia.org/wiki/African,_Caribbean_and_Pacific_Group_of_States https://en.wikipedia.org/wiki/European_Personnel_Recovery_Centre
https://en.wikipedia.org/wiki/African,_Caribbean_and_Pacific_Group_of_States https://en.wikipedia.org/wiki/Austrian_Armed_Forces
https://en.wikipedia.org/wiki/African,_Caribbean_and_Pacific_Group_of_States https://en.wikipedia.org/wiki/Belgian_Armed_Forces
https://en.wikipedia.org/wiki/African,_Caribbean_and_Pacific_Group_of_States https://en.wikipedia.org/wiki/Bulgarian_Armed_Forces
https://en.wikipedia.org/wiki/African,_Caribbean_and_Pacific_Group_of_States https://en.wikipedia.org/wiki/Republic_of_Croatia_Armed_Forces
https://en.wikipedia.org/wiki/African,_Caribbean_and_Pacific_Group_of_States https://en.wikipedia.org/wiki/Cypriot_National_Guard
https://en.wikipedia.org/wiki/African,_Caribbean_and_Pacific_Group_of_States https://en.wikipedia.org/wiki/Army_of_the_Czech_Republic
https://en.wikipedia.org/wiki/African,_Caribbean_and_Pacific_Group_of_States https://en.wikipedia.org/wiki/Estonia_Defence_Forces
https://en.wikipedia.org/wiki/African,_Caribbean_and_Pacific_Group_of_States https://en.wikipedia.org/wiki/Finnish_Defence_Forces
https://en.wikipedia.org/wiki/African,_Caribbean_and_Pacific_Group_of_States https://en.wikipedia.org/wiki/French_Armed_Forces
https://en.wikipedia.org/wiki/African,_Caribbean_and_Pacific_Group_of_States https://en.wikipedia.org/wiki/Bundeswehr
https://en.wikipedia.org/wiki/African,_Caribbean_and_Pacific_Group_of_States https://en.wikipedia.org/wiki/Military_of_Greece
https://en.wikipedia.org/wiki/African,_Caribbean_and_Pacific_Group_of_States https://en.wikipedia.org/wiki/Hungarian_Defence_Force
https://en.wikipedia.org/wiki/African,_Caribbean_and_Pacific_Group_of_States https://en.wikipedia.org/wiki/Defence_Forces_(Ireland)
https://en.wikipedia.org/wiki/African,_Caribbean_and_Pacific_Group_of_States https://en.wikipedia.org/wiki/Italian_Armed_Forces
https://en.wikipedia.org/wiki/African,_Caribbean_and_Pacific_Group_of_States https://en.wikipedia.org/wiki/Latvian_National_Armed_Forces
https://en.wikipedia.org/wiki/African,_Caribbean_and_Pacific_Group_of_States https://en.wikipedia.org/wiki/Lithuanian_Armed_Forces
https://en.wikipedia.org/wiki/African,_Caribbean_and_Pacific_Group_of_States https://en.wikipedia.org/wiki/Luxembourg_Army
https://en.wikipedia.org/wiki/African,_Caribbean_and_Pacific_Group_of_States https://en.wikipedia.org/wiki/Armed_forces_of_the_Netherlands
https://en.wikipedia.org/wiki/African,_Caribbean_and_Pacific_Group_of_States https://en.wikipedia.org/wiki/Polish_Armed_Forces
https://en.wikipedia.org/wiki/African,_Caribbean_and_Pacific_Group_of_States https://en.wikipedia.org/wiki/Portuguese_Armed_Forces
https://en.wikipedia.org/wiki/African,_Caribbean_and_Pacific_Group_of_States https://en.wikipedia.org/wiki/Romanian_Armed_Forces
https://en.wikipedia.org/wiki/African,_Caribbean_and_Pacific_Group_of_States https://en.wikipedia.org/wiki/Military_of_Slovakia
https://en.wikipedia.org/wiki/African,_Caribbean_and_Pacific_Group_of_States https://en.wikipedia.org/wiki/Slovenian_Armed_Forces
https://en.wikipedia.org/wiki/African,_Caribbean_and_Pacific_Group_of_States https://en.wikipedia.org/wiki/Spanish_Armed_Forces
https://en.wikipedia.org/wiki/African,_Caribbean_and_Pacific_Group_of_States https://en.wikipedia.org/wiki/Swedish_Armed_Forces
https://en.wikipedia.org/wiki/African,_Caribbean_and_Pacific_Group_of_States https://en.wikipedia.org/wiki/Danish_Defence
https://en.wikipedia.org/wiki/African,_Caribbean_and_Pacific_Group_of_States https://en.wikipedia.org/wiki/Armed_Forces_of_Malta
https://en.wikipedia.org/wiki/African,_Caribbean_and_Pacific_Group_of_States https://en.wikipedia.org/wiki/British_Armed_Forces
https://en.wikipedia.org/wiki/African,_Caribbean_and_Pacific_Group_of_States https://en.wikipedia.org/wiki/EU_Battlegroup
https://en.wikipedia.org/wiki/African,_Caribbean_and_Pacific_Group_of_States https://en.wikipedia.org/wiki/European_Medical_Corps
https://en.wikipedia.org/wiki/African,_Caribbean_and_Pacific_Group_of_States https://en.wikipedia.org/wiki/European_Medical_Command
https://en.wikipedia.org/wiki/African,_Caribbean_and_Pacific_Group_of_States https://en.wikipedia.org/wiki/EUFOR_Crisis_Response_Operation_Core
https://en.wikipedia.org/wiki/African,_Caribbean_and_Pacific_Group_of_States https://en.wikipedia.org/wiki/Eurocorps
https://en.wikipedia.org/wiki/African,_Caribbean_and_Pacific_Group_of_States https://en.wikipedia.org/wiki/European_Maritime_Force
https://en.wikipedia.org/wiki/African,_Caribbean_and_Pacific_Group_of_States https://en.wikipedia.org/wiki/European_Gendarmerie_Force
https://en.wikipedia.org/wiki/African,_Caribbean_and_Pacific_Group_of_States https://en.wikipedia.org/wiki/European_Air_Transport_Command
https://en.wikipedia.org/wiki/African,_Caribbean_and_Pacific_Group_of_States https://en.wikipedia.org/wiki/European_Border_and_Coast_Guard_Agency#Operations
https://en.wikipedia.org/wiki/African,_Caribbean_and_Pacific_Group_of_States https://en.wikipedia.org/wiki/Western_Union_(alliance)#Exercises
https://en.wikipedia.org/wiki/African,_Caribbean_and_Pacific_Group_of_States https://en.wikipedia.org/wiki/European_Maritime_Force#Operations
https://en.wikipedia.org/wiki/African,_Caribbean_and_Pacific_Group_of_States https://en.wikipedia.org/wiki/European_Rapid_Operational_Force#Operations
https://en.wikipedia.org/wiki/African,_Caribbean_and_Pacific_Group_of_States https://en.wikipedia.org/wiki/European_Gendarmerie_Force#Missions
https://en.wikipedia.org/wiki/African,_Caribbean_and_Pacific_Group_of_States https://en.wikipedia.org/wiki/European_Maritime_Force#Exercises
https://en.wikipedia.org/wiki/African,_Caribbean_and_Pacific_Group_of_States https://en.wikipedia.org/wiki/Eurocorps#Operations
https://en.wikipedia.org/wiki/African,_Caribbean_and_Pacific_Group_of_States https://en.wikipedia.org/wiki/European_Union_Military_Operation_in_the_Former_Yugoslav_Republic_of_Macedonia
https://en.wikipedia.org/wiki/African,_Caribbean_and_Pacific_Group_of_States https://en.wikipedia.org/wiki/European_Union_Military_Operation_in_the_Democratic_Republic_of_the_Congo_(2003)
https://en.wikipedia.org/wiki/African,_Caribbean_and_Pacific_Group_of_States https://en.wikipedia.org/wiki/European_Union_Military_Operation_in_Bosnia_and_Herzegovina
https://en.wikipedia.org/wiki/African,_Caribbean_and_Pacific_Group_of_States https://en.wikipedia.org/wiki/European_Union_Military_Operation_in_the_Democratic_Republic_of_the_Congo_(2006)
https://en.wikipedia.org/wiki/African,_Caribbean_and_Pacific_Group_of_States https://en.wikipedia.org/wiki/European_Union_Military_Operation_in_Chad_and_the_Central_African_Republic
https://en.wikipedia.org/wiki/African,_Caribbean_and_Pacific_Group_of_States https://en.wikipedia.org/wiki/European_Union_Military_Operation_in_the_Central_African_Republic
https://en.wikipedia.org/wiki/African,_Caribbean_and_Pacific_Group_of_States https://en.wikipedia.org/wiki/Operation_Sharp_Guard
https://en.wikipedia.org/wiki/African,_Caribbean_and_Pacific_Group_of_States https://en.wikipedia.org/wiki/Operation_Atalanta
https://en.wikipedia.org/wiki/African,_Caribbean_and_Pacific_Group_of_States https://en.wikipedia.org/wiki/Operation_Sophia
https://en.wikipedia.org/wiki/African,_Caribbean_and_Pacific_Group_of_States https://en.wikipedia.org/wiki/European_Union_Training_Mission_in_Mali
https://en.wikipedia.org/wiki/African,_Caribbean_and_Pacific_Group_of_States https://en.wikipedia.org/wiki/European_Union_Training_Mission_in_Somalia
https://en.wikipedia.org/wiki/African,_Caribbean_and_Pacific_Group_of_States https://en.wikipedia.org/wiki/European_Union_Police_Mission_in_Afghanistan
https://en.wikipedia.org/wiki/African,_Caribbean_and_Pacific_Group_of_States https://en.wikipedia.org/wiki/European_Union_Police_Mission_in_Bosnia_and_Herzegovina
https://en.wikipedia.org/wiki/African,_Caribbean_and_Pacific_Group_of_States https://en.wikipedia.org/wiki/EUPOL_Afghanistan
https://en.wikipedia.org/wiki/African,_Caribbean_and_Pacific_Group_of_States https://en.wikipedia.org/wiki/European_Union_Police_Mission_for_the_Palestinian_Territories
https://en.wikipedia.org/wiki/African,_Caribbean_and_Pacific_Group_of_States https://en.wikipedia.org/wiki/EUCAP_Sahel_Mali
https://en.wikipedia.org/wiki/African,_Caribbean_and_Pacific_Group_of_States https://en.wikipedia.org/wiki/EUCAP_Sahel_Niger
https://en.wikipedia.org/wiki/African,_Caribbean_and_Pacific_Group_of_States https://en.wikipedia.org/wiki/European_Union_Border_Assistance_Mission_to_Moldova_and_Ukraine
https://en.wikipedia.org/wiki/African,_Caribbean_and_Pacific_Group_of_States https://en.wikipedia.org/wiki/EUBAM_Rafah
https://en.wikipedia.org/wiki/African,_Caribbean_and_Pacific_Group_of_States https://en.wikipedia.org/wiki/EULEX_Kosovo
https://en.wikipedia.org/wiki/African,_Caribbean_and_Pacific_Group_of_States https://en.wikipedia.org/wiki/Aceh_Monitoring_Mission
https://en.wikipedia.org/wiki/African,_Caribbean_and_Pacific_Group_of_States https://en.wikipedia.org/wiki/European_Union_Monitoring_Mission
https://en.wikipedia.org/wiki/African,_Caribbean_and_Pacific_Group_of_States https://en.wikipedia.org/wiki/EUJUST_LEX
https://en.wikipedia.org/wiki/African,_Caribbean_and_Pacific_Group_of_States https://en.wikipedia.org/wiki/OSCE
https://en.wikipedia.org/wiki/African,_Caribbean_and_Pacific_Group_of_States https://en.wikipedia.org/wiki/Danube
https://en.wikipedia.org/wiki/African,_Caribbean_and_Pacific_Group_of_States https://en.wikipedia.org/wiki/History_of_the_Common_Security_and_Defence_Policy
https://en.wikipedia.org/wiki/African,_Caribbean_and_Pacific_Group_of_States https://en.wikipedia.org/wiki/Treaties_of_the_European_Union
https://en.wikipedia.org/wiki/African,_Caribbean_and_Pacific_Group_of_States https://en.wikipedia.org/wiki/Treaty_of_Dunkirk
https://en.wikipedia.org/wiki/African,_Caribbean_and_Pacific_Group_of_States https://en.wikipedia.org/wiki/Treaty_of_Brussels
https://en.wikipedia.org/wiki/African,_Caribbean_and_Pacific_Group_of_States https://en.wikipedia.org/wiki/Western_Union_(alliance)
https://en.wikipedia.org/wiki/African,_Caribbean_and_Pacific_Group_of_States https://en.wikipedia.org/wiki/Flag_of_the_Western_Union
https://en.wikipedia.org/wiki/African,_Caribbean_and_Pacific_Group_of_States https://en.wikipedia.org/wiki/Exercise_Verity
https://en.wikipedia.org/wiki/African,_Caribbean_and_Pacific_Group_of_States https://en.wikipedia.org/wiki/Operation_Gladio
https://en.wikipedia.org/wiki/African,_Caribbean_and_Pacific_Group_of_States https://en.wikipedia.org/wiki/Treaty_establishing_the_European_Defence_Community
https://en.wikipedia.org/wiki/African,_Caribbean_and_Pacific_Group_of_States https://en.wikipedia.org/wiki/London_and_Paris_Conferences
https://en.wikipedia.org/wiki/African,_Caribbean_and_Pacific_Group_of_States https://en.wikipedia.org/wiki/Treaty_of_Brussels#Modification
https://en.wikipedia.org/wiki/African,_Caribbean_and_Pacific_Group_of_States https://en.wikipedia.org/wiki/Flag_of_the_Western_European_Union
https://en.wikipedia.org/wiki/African,_Caribbean_and_Pacific_Group_of_States https://en.wikipedia.org/wiki/Assembly_of_the_Western_European_Union
https://en.wikipedia.org/wiki/African,_Caribbean_and_Pacific_Group_of_States https://en.wikipedia.org/wiki/List_of_Secretaries_General_of_the_Western_European_Union
https://en.wikipedia.org/wiki/African,_Caribbean_and_Pacific_Group_of_States https://en.wikipedia.org/wiki/Western_European_Union_Mission_Service_Medal
https://en.wikipedia.org/wiki/African,_Caribbean_and_Pacific_Group_of_States https://en.wikipedia.org/wiki/Petersberg_tasks
https://en.wikipedia.org/wiki/African,_Caribbean_and_Pacific_Group_of_States https://en.wikipedia.org/wiki/European_Security_and_Defence_Identity
https://en.wikipedia.org/wiki/African,_Caribbean_and_Pacific_Group_of_States https://en.wikipedia.org/wiki/Saint-Malo_declaration
https://en.wikipedia.org/wiki/African,_Caribbean_and_Pacific_Group_of_States https://en.wikipedia.org/wiki/Helsinki_Headline_Goal
https://en.wikipedia.org/wiki/African,_Caribbean_and_Pacific_Group_of_States https://en.wikipedia.org/wiki/Seville_Declarations_on_the_Treaty_of_Nice
https://en.wikipedia.org/wiki/African,_Caribbean_and_Pacific_Group_of_States https://en.wikipedia.org/wiki/CAPECON_project
https://en.wikipedia.org/wiki/African,_Caribbean_and_Pacific_Group_of_States https://en.wikipedia.org/wiki/Lancaster_House_Treaties
https://en.wikipedia.org/wiki/African,_Caribbean_and_Pacific_Group_of_States https://en.wikipedia.org/wiki/European_Rapid_Operational_Force
https://en.wikipedia.org/wiki/African,_Caribbean_and_Pacific_Group_of_States https://en.wikipedia.org/wiki/European_Union_Operations_Centre
https://en.wikipedia.org/wiki/African,_Caribbean_and_Pacific_Group_of_States https://en.wikipedia.org/wiki/European_integration
https://en.wikipedia.org/wiki/African,_Caribbean_and_Pacific_Group_of_States https://en.wikipedia.org/wiki/Eurosphere
https://en.wikipedia.org/wiki/African,_Caribbean_and_Pacific_Group_of_States https://en.wikipedia.org/wiki/Pax_Europaea
https://en.wikipedia.org/wiki/African,_Caribbean_and_Pacific_Group_of_States https://en.wikipedia.org/wiki/Potential_superpowers#European_Union
https://en.wikipedia.org/wiki/African,_Caribbean_and_Pacific_Group_of_States https://en.wikipedia.org/wiki/Federalisation_of_the_European_Union
https://en.wikipedia.org/wiki/African,_Caribbean_and_Pacific_Group_of_States https://en.wikipedia.org/wiki/Europeanisation
https://en.wikipedia.org/wiki/African,_Caribbean_and_Pacific_Group_of_States https://en.wikipedia.org/wiki/High_Representative_for_Bosnia_and_Herzegovina
https://en.wikipedia.org/wiki/African,_Caribbean_and_Pacific_Group_of_States https://en.wikipedia.org/wiki/International_Civilian_Representative_for_Kosovo
https://en.wikipedia.org/wiki/African,_Caribbean_and_Pacific_Group_of_States https://en.wikipedia.org/wiki/European_Neighbourhood_Policy_countries_statistics
https://en.wikipedia.org/wiki/African,_Caribbean_and_Pacific_Group_of_States https://en.wikipedia.org/wiki/High_Representative_for_the_Common_Foreign_and_Security_Policy
https://en.wikipedia.org/wiki/African,_Caribbean_and_Pacific_Group_of_States https://en.wikipedia.org/wiki/President_of_the_European_Council
https://en.wikipedia.org/wiki/African,_Caribbean_and_Pacific_Group_of_States https://en.wikipedia.org/wiki/President_of_the_European_Commission
https://en.wikipedia.org/wiki/African,_Caribbean_and_Pacific_Group_of_States https://en.wikipedia.org/wiki/Committees_of_the_European_Parliament#Delegations
https://en.wikipedia.org/wiki/African,_Caribbean_and_Pacific_Group_of_States https://en.wikipedia.org/wiki/Economy_of_the_European_Union
https://en.wikipedia.org/wiki/African,_Caribbean_and_Pacific_Group_of_States https://en.wikipedia.org/wiki/Euro
https://en.wikipedia.org/wiki/African,_Caribbean_and_Pacific_Group_of_States https://en.wikipedia.org/wiki/International_status_and_usage_of_the_euro
https://en.wikipedia.org/wiki/African,_Caribbean_and_Pacific_Group_of_States https://en.wikipedia.org/wiki/ECHO_(European_Commission)
https://en.wikipedia.org/wiki/African,_Caribbean_and_Pacific_Group_of_States https://en.wikipedia.org/wiki/Galileo_positioning_system
https://en.wikipedia.org/wiki/African,_Caribbean_and_Pacific_Group_of_States https://en.wikipedia.org/wiki/Biblioteca_Nacional_de_Espa%C3%B1a
https://en.wikipedia.org/wiki/African,_Caribbean_and_Pacific_Group_of_States https://en.wikipedia.org/wiki/Biblioth%C3%A8que_nationale_de_France
https://en.wikipedia.org/wiki/African,_Caribbean_and_Pacific_Group_of_States https://en.wikipedia.org/wiki/Integrated_Authority_File
https://en.wikipedia.org/wiki/African,_Caribbean_and_Pacific_Group_of_States https://en.wikipedia.org/wiki/International_Standard_Name_Identifier
https://en.wikipedia.org/wiki/African,_Caribbean_and_Pacific_Group_of_States https://en.wikipedia.org/wiki/Library_of_Congress_Control_Number
https://en.wikipedia.org/wiki/African,_Caribbean_and_Pacific_Group_of_States https://en.wikipedia.org/wiki/National_Diet_Library
https://en.wikipedia.org/wiki/African,_Caribbean_and_Pacific_Group_of_States https://en.wikipedia.org/wiki/Virtual_International_Authority_File
https://en.wikipedia.org/wiki/African,_Caribbean_and_Pacific_Group_of_States https://en.wikipedia.org/wiki/WorldCat_Identities
