https://en.wikipedia.org/wiki/Alice_Springs,_Northern_Territory https://en.wikipedia.org/wiki/June_Newton
https://en.wikipedia.org/wiki/Alice_Springs,_Northern_Territory https://en.wikipedia.org/wiki/Alice_Springs_(horse)
https://en.wikipedia.org/wiki/Alice_Springs,_Northern_Territory https://en.wikipedia.org/wiki/Postcodes_in_Australia
https://en.wikipedia.org/wiki/Alice_Springs,_Northern_Territory https://en.wikipedia.org/wiki/Time_in_Australia
https://en.wikipedia.org/wiki/Alice_Springs,_Northern_Territory https://en.wikipedia.org/wiki/Town_of_Alice_Springs
https://en.wikipedia.org/wiki/Alice_Springs,_Northern_Territory https://en.wikipedia.org/wiki/Electorates_of_the_Australian_states_and_territories
https://en.wikipedia.org/wiki/Alice_Springs,_Northern_Territory https://en.wikipedia.org/wiki/Divisions_of_the_Australian_House_of_Representatives
https://en.wikipedia.org/wiki/Alice_Springs,_Northern_Territory https://en.wikipedia.org/wiki/Eastern_Arrernte_language
https://en.wikipedia.org/wiki/Alice_Springs,_Northern_Territory https://en.wikipedia.org/wiki/Australia
https://en.wikipedia.org/wiki/Alice_Springs,_Northern_Territory https://en.wikipedia.org/wiki/2016_Australia_Census
https://en.wikipedia.org/wiki/Alice_Springs,_Northern_Territory https://en.wikipedia.org/wiki/Equidistant
https://en.wikipedia.org/wiki/Alice_Springs,_Northern_Territory https://en.wikipedia.org/wiki/Red_Centre
https://en.wikipedia.org/wiki/Alice_Springs,_Northern_Territory https://en.wikipedia.org/wiki/Arrernte_(area)
https://en.wikipedia.org/wiki/Alice_Springs,_Northern_Territory https://en.wikipedia.org/wiki/Outstation
https://en.wikipedia.org/wiki/Alice_Springs,_Northern_Territory https://en.wikipedia.org/wiki/Eastern_Wallaroo
https://en.wikipedia.org/wiki/Alice_Springs,_Northern_Territory https://en.wikipedia.org/wiki/Anzac_Hill
https://en.wikipedia.org/wiki/Alice_Springs,_Northern_Territory https://en.wikipedia.org/wiki/John_McDouall_Stuart
https://en.wikipedia.org/wiki/Alice_Springs,_Northern_Territory https://en.wikipedia.org/wiki/Australian_Overland_Telegraph_Line
https://en.wikipedia.org/wiki/Alice_Springs,_Northern_Territory https://en.wikipedia.org/wiki/Great_Britain
https://en.wikipedia.org/wiki/Alice_Springs,_Northern_Territory https://en.wikipedia.org/wiki/Alice_Springs_Telegraph_Station
https://en.wikipedia.org/wiki/Alice_Springs,_Northern_Territory https://en.wikipedia.org/wiki/Alluvium
https://en.wikipedia.org/wiki/Alice_Springs,_Northern_Territory https://en.wikipedia.org/wiki/Francis_Stewart_Briggs
https://en.wikipedia.org/wiki/Alice_Springs,_Northern_Territory https://en.wikipedia.org/wiki/Central_Australia_(territory)
https://en.wikipedia.org/wiki/Alice_Springs,_Northern_Territory https://en.wikipedia.org/wiki/Pashtun_people
https://en.wikipedia.org/wiki/Alice_Springs,_Northern_Territory https://en.wikipedia.org/wiki/Military_history_of_the_North-West_Frontier
https://en.wikipedia.org/wiki/Alice_Springs,_Northern_Territory https://en.wikipedia.org/wiki/British_India
https://en.wikipedia.org/wiki/Alice_Springs,_Northern_Territory https://en.wikipedia.org/wiki/Afghan_(Australia)
https://en.wikipedia.org/wiki/Alice_Springs,_Northern_Territory https://en.wikipedia.org/wiki/Douglas_MacArthur
https://en.wikipedia.org/wiki/Alice_Springs,_Northern_Territory https://en.wikipedia.org/wiki/Australian_Army
https://en.wikipedia.org/wiki/Alice_Springs,_Northern_Territory https://en.wikipedia.org/wiki/Royal_Australian_Air_Force
https://en.wikipedia.org/wiki/Alice_Springs,_Northern_Territory https://en.wikipedia.org/wiki/List_of_RAAF_inland_aircraft_fuel_depots
https://en.wikipedia.org/wiki/Alice_Springs,_Northern_Territory https://en.wikipedia.org/wiki/RAAF
https://en.wikipedia.org/wiki/Alice_Springs,_Northern_Territory https://en.wikipedia.org/wiki/US_Army_Air_Forces
https://en.wikipedia.org/wiki/Alice_Springs,_Northern_Territory https://en.wikipedia.org/wiki/Satellite
https://en.wikipedia.org/wiki/Alice_Springs,_Northern_Territory https://en.wikipedia.org/wiki/Overland_Telegraph
https://en.wikipedia.org/wiki/Alice_Springs,_Northern_Territory https://en.wikipedia.org/wiki/Central_Ranges_xeric_scrub
https://en.wikipedia.org/wiki/Alice_Springs,_Northern_Territory https://en.wikipedia.org/wiki/Larapinta_Trail
https://en.wikipedia.org/wiki/Alice_Springs,_Northern_Territory https://en.wikipedia.org/wiki/Simpson_Desert
https://en.wikipedia.org/wiki/Alice_Springs,_Northern_Territory https://en.wikipedia.org/wiki/Chambers_Pillar
https://en.wikipedia.org/wiki/Alice_Springs,_Northern_Territory https://en.wikipedia.org/wiki/K%C3%B6ppen_climate_classification
https://en.wikipedia.org/wiki/Alice_Springs,_Northern_Territory https://en.wikipedia.org/wiki/Hot_desert_climate
https://en.wikipedia.org/wiki/Alice_Springs,_Northern_Territory https://en.wikipedia.org/wiki/Tropic_of_Capricorn
https://en.wikipedia.org/wiki/Alice_Springs,_Northern_Territory https://en.wikipedia.org/wiki/Semi-arid_climate
https://en.wikipedia.org/wiki/Alice_Springs,_Northern_Territory https://en.wikipedia.org/wiki/Evapotranspiration
https://en.wikipedia.org/wiki/Alice_Springs,_Northern_Territory https://en.wikipedia.org/wiki/Desert_climate
https://en.wikipedia.org/wiki/Alice_Springs,_Northern_Territory https://en.wikipedia.org/wiki/Frost
https://en.wikipedia.org/wiki/Alice_Springs,_Northern_Territory https://en.wikipedia.org/wiki/Relative_humidity
https://en.wikipedia.org/wiki/Alice_Springs,_Northern_Territory https://en.wikipedia.org/wiki/Sunshine_duration
https://en.wikipedia.org/wiki/Alice_Springs,_Northern_Territory https://en.wikipedia.org/wiki/Arrernte_language
https://en.wikipedia.org/wiki/Alice_Springs,_Northern_Territory https://en.wikipedia.org/wiki/Central_Arrernte
https://en.wikipedia.org/wiki/Alice_Springs,_Northern_Territory https://en.wikipedia.org/wiki/Warumungu_language
https://en.wikipedia.org/wiki/Alice_Springs,_Northern_Territory https://en.wikipedia.org/wiki/Kaytetye_language
https://en.wikipedia.org/wiki/Alice_Springs,_Northern_Territory https://en.wikipedia.org/wiki/Alyawarre
https://en.wikipedia.org/wiki/Alice_Springs,_Northern_Territory https://en.wikipedia.org/wiki/Pintupi
https://en.wikipedia.org/wiki/Alice_Springs,_Northern_Territory https://en.wikipedia.org/wiki/Yankunytjatjara_language
https://en.wikipedia.org/wiki/Alice_Springs,_Northern_Territory https://en.wikipedia.org/wiki/Ngaanyatjarra
https://en.wikipedia.org/wiki/Alice_Springs,_Northern_Territory https://en.wikipedia.org/wiki/Eastern_Arrernte
https://en.wikipedia.org/wiki/Alice_Springs,_Northern_Territory https://en.wikipedia.org/wiki/Western_Arrernte
https://en.wikipedia.org/wiki/Alice_Springs,_Northern_Territory https://en.wikipedia.org/wiki/Americans
https://en.wikipedia.org/wiki/Alice_Springs,_Northern_Territory https://en.wikipedia.org/wiki/Independence_Day_(United_States)
https://en.wikipedia.org/wiki/Alice_Springs,_Northern_Territory https://en.wikipedia.org/wiki/Thanksgiving_(United_States)
https://en.wikipedia.org/wiki/Alice_Springs,_Northern_Territory https://en.wikipedia.org/wiki/Indian_people
https://en.wikipedia.org/wiki/Alice_Springs,_Northern_Territory https://en.wikipedia.org/wiki/Masters_Games
https://en.wikipedia.org/wiki/Alice_Springs,_Northern_Territory https://en.wikipedia.org/wiki/Araluen_Cultural_Precinct
https://en.wikipedia.org/wiki/Alice_Springs,_Northern_Territory https://en.wikipedia.org/wiki/Alice_Springs_Town_Council
https://en.wikipedia.org/wiki/Alice_Springs,_Northern_Territory https://en.wikipedia.org/wiki/Aldermen
https://en.wikipedia.org/wiki/Alice_Springs,_Northern_Territory https://en.wikipedia.org/wiki/MacDonnell_Region
https://en.wikipedia.org/wiki/Alice_Springs,_Northern_Territory https://en.wikipedia.org/wiki/Local_government_area
https://en.wikipedia.org/wiki/Alice_Springs,_Northern_Territory https://en.wikipedia.org/wiki/Country_Liberal_Party
https://en.wikipedia.org/wiki/Alice_Springs,_Northern_Territory https://en.wikipedia.org/wiki/Australian_Labor_Party
https://en.wikipedia.org/wiki/Alice_Springs,_Northern_Territory https://en.wikipedia.org/wiki/Northern_Territory_general_election,_2016
https://en.wikipedia.org/wiki/Alice_Springs,_Northern_Territory https://en.wikipedia.org/wiki/Adam_Giles
https://en.wikipedia.org/wiki/Alice_Springs,_Northern_Territory https://en.wikipedia.org/wiki/Australian_House_of_Representatives
https://en.wikipedia.org/wiki/Alice_Springs,_Northern_Territory https://en.wikipedia.org/wiki/Warren_Snowdon
https://en.wikipedia.org/wiki/Alice_Springs,_Northern_Territory https://en.wikipedia.org/wiki/Watarrka_National_Park
https://en.wikipedia.org/wiki/Alice_Springs,_Northern_Territory https://en.wikipedia.org/wiki/Ecotourism
https://en.wikipedia.org/wiki/Alice_Springs,_Northern_Territory https://en.wikipedia.org/wiki/Lasseters_Hotel_Casino
https://en.wikipedia.org/wiki/Alice_Springs,_Northern_Territory https://en.wikipedia.org/wiki/List_of_schools_in_the_Northern_Territory
https://en.wikipedia.org/wiki/Alice_Springs,_Northern_Territory https://en.wikipedia.org/wiki/Alice_Springs_School_of_the_Air
https://en.wikipedia.org/wiki/Alice_Springs,_Northern_Territory https://en.wikipedia.org/wiki/Charles_Darwin_University
https://en.wikipedia.org/wiki/Alice_Springs,_Northern_Territory https://en.wikipedia.org/wiki/TAFE
https://en.wikipedia.org/wiki/Alice_Springs,_Northern_Territory https://en.wikipedia.org/wiki/Lesbian
https://en.wikipedia.org/wiki/Alice_Springs,_Northern_Territory https://en.wikipedia.org/wiki/Indigenous_Australian_art
https://en.wikipedia.org/wiki/Alice_Springs,_Northern_Territory https://en.wikipedia.org/wiki/Papunya
https://en.wikipedia.org/wiki/Alice_Springs,_Northern_Territory https://en.wikipedia.org/wiki/Emily_Kngwarreye
https://en.wikipedia.org/wiki/Alice_Springs,_Northern_Territory https://en.wikipedia.org/wiki/Minnie_Pwerle
https://en.wikipedia.org/wiki/Alice_Springs,_Northern_Territory https://en.wikipedia.org/wiki/Clifford_Possum_Tjapaltjarri
https://en.wikipedia.org/wiki/Alice_Springs,_Northern_Territory https://en.wikipedia.org/wiki/Albert_Namatjira
https://en.wikipedia.org/wiki/Alice_Springs,_Northern_Territory https://en.wikipedia.org/wiki/Wenten_Rubuntja
https://en.wikipedia.org/wiki/Alice_Springs,_Northern_Territory https://en.wikipedia.org/wiki/Araluen_Centre_for_Arts_and_Entertainment
https://en.wikipedia.org/wiki/Alice_Springs,_Northern_Territory https://en.wikipedia.org/wiki/Crime_in_the_Northern_Territory#Crime_in_Alice_Springs
https://en.wikipedia.org/wiki/Alice_Springs,_Northern_Territory https://en.wikipedia.org/wiki/Northern_Territory_National_Emergency_Response
https://en.wikipedia.org/wiki/Alice_Springs,_Northern_Territory https://en.wikipedia.org/wiki/Chansey_Paech
https://en.wikipedia.org/wiki/Alice_Springs,_Northern_Territory https://en.wikipedia.org/wiki/Pine_Gap_(TV_series)
https://en.wikipedia.org/wiki/Alice_Springs,_Northern_Territory https://en.wikipedia.org/wiki/Liz_Phair
https://en.wikipedia.org/wiki/Alice_Springs,_Northern_Territory https://en.wikipedia.org/wiki/Midnight_Oil
https://en.wikipedia.org/wiki/Alice_Springs,_Northern_Territory https://en.wikipedia.org/wiki/Red_Sails_in_the_Sunset_(album)
https://en.wikipedia.org/wiki/Alice_Springs,_Northern_Territory https://en.wikipedia.org/wiki/The_Real_Thing_(Midnight_Oil_album)
https://en.wikipedia.org/wiki/Alice_Springs,_Northern_Territory https://en.wikipedia.org/wiki/Power_and_the_Passion_(song)
https://en.wikipedia.org/wiki/Alice_Springs,_Northern_Territory https://en.wikipedia.org/wiki/My_Island_Home
https://en.wikipedia.org/wiki/Alice_Springs,_Northern_Territory https://en.wikipedia.org/wiki/Warumpi_Band
https://en.wikipedia.org/wiki/Alice_Springs,_Northern_Territory https://en.wikipedia.org/wiki/Nevil_Shute
https://en.wikipedia.org/wiki/Alice_Springs,_Northern_Territory https://en.wikipedia.org/wiki/A_Town_Like_Alice
https://en.wikipedia.org/wiki/Alice_Springs,_Northern_Territory https://en.wikipedia.org/wiki/Gulf_of_Carpentaria
https://en.wikipedia.org/wiki/Alice_Springs,_Northern_Territory https://en.wikipedia.org/wiki/Alice_Springs_Public_Library
https://en.wikipedia.org/wiki/Alice_Springs,_Northern_Territory https://en.wikipedia.org/wiki/Road_movie
https://en.wikipedia.org/wiki/Alice_Springs,_Northern_Territory https://en.wikipedia.org/wiki/The_Adventures_of_Priscilla,_Queen_of_the_Desert
https://en.wikipedia.org/wiki/Alice_Springs,_Northern_Territory https://en.wikipedia.org/wiki/Priscilla,_Queen_of_the_Desert_(musical)
https://en.wikipedia.org/wiki/Alice_Springs,_Northern_Territory https://en.wikipedia.org/wiki/Bruce_Chatwin
https://en.wikipedia.org/wiki/Alice_Springs,_Northern_Territory https://en.wikipedia.org/wiki/Travel_literature
https://en.wikipedia.org/wiki/Alice_Springs,_Northern_Territory https://en.wikipedia.org/wiki/The_Songlines
https://en.wikipedia.org/wiki/Alice_Springs,_Northern_Territory https://en.wikipedia.org/wiki/Australian_Outback
https://en.wikipedia.org/wiki/Alice_Springs,_Northern_Territory https://en.wikipedia.org/wiki/Australian_Aborigines
https://en.wikipedia.org/wiki/Alice_Springs,_Northern_Territory https://en.wikipedia.org/wiki/Bill_Bryson
https://en.wikipedia.org/wiki/Alice_Springs,_Northern_Territory https://en.wikipedia.org/wiki/Dick_Diver
https://en.wikipedia.org/wiki/Alice_Springs,_Northern_Territory https://en.wikipedia.org/wiki/Mystery_Jets
https://en.wikipedia.org/wiki/Alice_Springs,_Northern_Territory https://en.wikipedia.org/wiki/Serotonin_(album)
https://en.wikipedia.org/wiki/Alice_Springs,_Northern_Territory https://en.wikipedia.org/wiki/Ian_Moss
https://en.wikipedia.org/wiki/Alice_Springs,_Northern_Territory https://en.wikipedia.org/wiki/Finke_Gorge_National_Park
https://en.wikipedia.org/wiki/Alice_Springs,_Northern_Territory https://en.wikipedia.org/wiki/Alice_Springs_Desert_Park
https://en.wikipedia.org/wiki/Alice_Springs,_Northern_Territory https://en.wikipedia.org/wiki/Olive_Pink_Botanic_Garden
https://en.wikipedia.org/wiki/Alice_Springs,_Northern_Territory https://en.wikipedia.org/wiki/Olive_Pink
https://en.wikipedia.org/wiki/Alice_Springs,_Northern_Territory https://en.wikipedia.org/wiki/Alice_Springs_Reptile_Centre
https://en.wikipedia.org/wiki/Alice_Springs,_Northern_Territory https://en.wikipedia.org/wiki/Field_hockey
https://en.wikipedia.org/wiki/Alice_Springs,_Northern_Territory https://en.wikipedia.org/wiki/Cricket
https://en.wikipedia.org/wiki/Alice_Springs,_Northern_Territory https://en.wikipedia.org/wiki/Rugby_football
https://en.wikipedia.org/wiki/Alice_Springs,_Northern_Territory https://en.wikipedia.org/wiki/Spectator_sport
https://en.wikipedia.org/wiki/Alice_Springs,_Northern_Territory https://en.wikipedia.org/wiki/Central_Australian_Football_League
https://en.wikipedia.org/wiki/Alice_Springs,_Northern_Territory https://en.wikipedia.org/wiki/Traeger_Park
https://en.wikipedia.org/wiki/Alice_Springs,_Northern_Territory https://en.wikipedia.org/wiki/Australian_Football_League
https://en.wikipedia.org/wiki/Alice_Springs,_Northern_Territory https://en.wikipedia.org/wiki/Northern_Territory_Thunder
https://en.wikipedia.org/wiki/Alice_Springs,_Northern_Territory https://en.wikipedia.org/wiki/Collingwood_Football_Club
https://en.wikipedia.org/wiki/Alice_Springs,_Northern_Territory https://en.wikipedia.org/wiki/Port_Adelaide_Football_Club
https://en.wikipedia.org/wiki/Alice_Springs,_Northern_Territory https://en.wikipedia.org/wiki/Australian_Baseball_Federation
https://en.wikipedia.org/wiki/Alice_Springs,_Northern_Territory https://en.wikipedia.org/wiki/Little_League
https://en.wikipedia.org/wiki/Alice_Springs,_Northern_Territory https://en.wikipedia.org/wiki/Imparja_Cup
https://en.wikipedia.org/wiki/Alice_Springs,_Northern_Territory https://en.wikipedia.org/wiki/Alice_Springs_Celtic_FC
https://en.wikipedia.org/wiki/Alice_Springs,_Northern_Territory https://en.wikipedia.org/wiki/Canoe_polo
https://en.wikipedia.org/wiki/Alice_Springs,_Northern_Territory https://en.wikipedia.org/wiki/Regatta
https://en.wikipedia.org/wiki/Alice_Springs,_Northern_Territory https://en.wikipedia.org/wiki/Oval_track_racing
https://en.wikipedia.org/wiki/Alice_Springs,_Northern_Territory https://en.wikipedia.org/wiki/Motorcycle_speedway
https://en.wikipedia.org/wiki/Alice_Springs,_Northern_Territory https://en.wikipedia.org/wiki/Sidecar_speedway
https://en.wikipedia.org/wiki/Alice_Springs,_Northern_Territory https://en.wikipedia.org/wiki/Australian_Sidecar_Speedway_Championship
https://en.wikipedia.org/wiki/Alice_Springs,_Northern_Territory https://en.wikipedia.org/wiki/Australian_Individual_Speedway_Championship
https://en.wikipedia.org/wiki/Alice_Springs,_Northern_Territory https://en.wikipedia.org/wiki/1991_Australian_Individual_Speedway_Championship
https://en.wikipedia.org/wiki/Alice_Springs,_Northern_Territory https://en.wikipedia.org/wiki/Australian_Broadcasting_Corporation
https://en.wikipedia.org/wiki/Alice_Springs,_Northern_Territory https://en.wikipedia.org/wiki/783_ABC_Alice_Springs
https://en.wikipedia.org/wiki/Alice_Springs,_Northern_Territory https://en.wikipedia.org/wiki/Radio_National
https://en.wikipedia.org/wiki/Alice_Springs,_Northern_Territory https://en.wikipedia.org/wiki/ABC_Classic_FM
https://en.wikipedia.org/wiki/Alice_Springs,_Northern_Territory https://en.wikipedia.org/wiki/Triple_J
https://en.wikipedia.org/wiki/Alice_Springs,_Northern_Territory https://en.wikipedia.org/wiki/Vision_Radio_Network
https://en.wikipedia.org/wiki/Alice_Springs,_Northern_Territory https://en.wikipedia.org/wiki/8HA
https://en.wikipedia.org/wiki/Alice_Springs,_Northern_Territory https://en.wikipedia.org/wiki/Hertz
https://en.wikipedia.org/wiki/Alice_Springs,_Northern_Territory https://en.wikipedia.org/wiki/Sun_96.9
https://en.wikipedia.org/wiki/Alice_Springs,_Northern_Territory https://en.wikipedia.org/wiki/Megahertz
https://en.wikipedia.org/wiki/Alice_Springs,_Northern_Territory https://en.wikipedia.org/wiki/Community_radio
https://en.wikipedia.org/wiki/Alice_Springs,_Northern_Territory https://en.wikipedia.org/wiki/102.1FM
https://en.wikipedia.org/wiki/Alice_Springs,_Northern_Territory https://en.wikipedia.org/wiki/CAAMA_Radio
https://en.wikipedia.org/wiki/Alice_Springs,_Northern_Territory https://en.wikipedia.org/wiki/Callsign
https://en.wikipedia.org/wiki/Alice_Springs,_Northern_Territory https://en.wikipedia.org/wiki/Southern_Cross_Central
https://en.wikipedia.org/wiki/Alice_Springs,_Northern_Territory https://en.wikipedia.org/wiki/Central_Digital_Television
https://en.wikipedia.org/wiki/Alice_Springs,_Northern_Territory https://en.wikipedia.org/wiki/ABC_Television_(Australia)
https://en.wikipedia.org/wiki/Alice_Springs,_Northern_Territory https://en.wikipedia.org/wiki/Special_Broadcasting_Service
https://en.wikipedia.org/wiki/Alice_Springs,_Northern_Territory https://en.wikipedia.org/wiki/Seven_Network
https://en.wikipedia.org/wiki/Alice_Springs,_Northern_Territory https://en.wikipedia.org/wiki/Network_Ten_Australia
https://en.wikipedia.org/wiki/Alice_Springs,_Northern_Territory https://en.wikipedia.org/wiki/NTD-8
https://en.wikipedia.org/wiki/Alice_Springs,_Northern_Territory https://en.wikipedia.org/wiki/National_Indigenous_Television
https://en.wikipedia.org/wiki/Alice_Springs,_Northern_Territory https://en.wikipedia.org/wiki/Centralian_Advocate
https://en.wikipedia.org/wiki/Alice_Springs,_Northern_Territory https://en.wikipedia.org/wiki/Adelaide-Darwin_railway
https://en.wikipedia.org/wiki/Alice_Springs,_Northern_Territory https://en.wikipedia.org/wiki/Alice_Springs_railway_station
https://en.wikipedia.org/wiki/Alice_Springs,_Northern_Territory https://en.wikipedia.org/wiki/Narrow_gauge_railways_in_Australia
https://en.wikipedia.org/wiki/Alice_Springs,_Northern_Territory https://en.wikipedia.org/wiki/Central_Australia_Railway
https://en.wikipedia.org/wiki/Alice_Springs,_Northern_Territory https://en.wikipedia.org/wiki/Standard_gauge
https://en.wikipedia.org/wiki/Alice_Springs,_Northern_Territory https://en.wikipedia.org/wiki/Stuart_Highway
https://en.wikipedia.org/wiki/Alice_Springs,_Northern_Territory https://en.wikipedia.org/wiki/Ayers_Rock
https://en.wikipedia.org/wiki/Alice_Springs,_Northern_Territory https://en.wikipedia.org/wiki/Cairns
https://en.wikipedia.org/wiki/Alice_Springs,_Northern_Territory https://en.wikipedia.org/wiki/Perth,_Western_Australia
https://en.wikipedia.org/wiki/Alice_Springs,_Northern_Territory https://en.wikipedia.org/wiki/Brisbane
https://en.wikipedia.org/wiki/Alice_Springs,_Northern_Territory https://en.wikipedia.org/wiki/Qantas
https://en.wikipedia.org/wiki/Alice_Springs,_Northern_Territory https://en.wikipedia.org/wiki/Virgin_Australia
https://en.wikipedia.org/wiki/Alice_Springs,_Northern_Territory https://en.wikipedia.org/wiki/Afghanistan
https://en.wikipedia.org/wiki/Alice_Springs,_Northern_Territory https://en.wikipedia.org/wiki/Paghman
https://en.wikipedia.org/wiki/Alice_Springs,_Northern_Territory https://en.wikipedia.org/wiki/Alice_Springs_Juvenile_Holding_Centre
https://en.wikipedia.org/wiki/Alice_Springs,_Northern_Territory https://en.wikipedia.org/wiki/Alice_Springs_Correctional_Centre
https://en.wikipedia.org/wiki/Alice_Springs,_Northern_Territory https://en.wikipedia.org/wiki/Kings_Canyon_(Northern_Territory)
https://en.wikipedia.org/wiki/Alice_Springs,_Northern_Territory https://en.wikipedia.org/wiki/The_Residency,_Alice_Springs
https://en.wikipedia.org/wiki/Alice_Springs,_Northern_Territory https://en.wikipedia.org/wiki/List_of_films_and_TV_series_shot_in_Alice_Springs
https://en.wikipedia.org/wiki/Alice_Springs,_Northern_Territory https://en.wikipedia.org/wiki/Socrates_in_Love
https://en.wikipedia.org/wiki/Alice_Springs,_Northern_Territory https://en.wikipedia.org/wiki/The_Australian
https://en.wikipedia.org/wiki/Alice_Springs,_Northern_Territory https://en.wikipedia.org/wiki/Australian_Institute_of_Aboriginal_and_Torres_Strait_Islander_Studies
https://en.wikipedia.org/wiki/Alice_Springs,_Northern_Territory https://en.wikipedia.org/wiki/Australian_Geographic
https://en.wikipedia.org/wiki/Alice_Springs,_Northern_Territory https://en.wikipedia.org/wiki/Royal_Geographical_Society#Hidden_Journeys
https://en.wikipedia.org/wiki/Alice_Springs,_Northern_Territory https://en.wikipedia.org/wiki/Tennant_Creek,_Northern_Territory
https://en.wikipedia.org/wiki/Alice_Springs,_Northern_Territory https://en.wikipedia.org/wiki/Darwin_railway_station
https://en.wikipedia.org/wiki/Alice_Springs,_Northern_Territory https://en.wikipedia.org/wiki/Kulgera,_Northern_Territory
https://en.wikipedia.org/wiki/Alice_Springs,_Northern_Territory https://en.wikipedia.org/wiki/Adelaide_Parklands_Terminal
https://en.wikipedia.org/wiki/Alice_Springs,_Northern_Territory https://en.wikipedia.org/wiki/History_of_the_Northern_Territory
https://en.wikipedia.org/wiki/Alice_Springs,_Northern_Territory https://en.wikipedia.org/wiki/Flag_of_the_Northern_Territory
https://en.wikipedia.org/wiki/Alice_Springs,_Northern_Territory https://en.wikipedia.org/wiki/Geography_of_the_Northern_Territory
https://en.wikipedia.org/wiki/Alice_Springs,_Northern_Territory https://en.wikipedia.org/wiki/Government_of_the_Northern_Territory
https://en.wikipedia.org/wiki/Alice_Springs,_Northern_Territory https://en.wikipedia.org/wiki/Power_and_Water_Corporation
https://en.wikipedia.org/wiki/Alice_Springs,_Northern_Territory https://en.wikipedia.org/wiki/Northern_Territory_Fire_and_Rescue_Service
https://en.wikipedia.org/wiki/Alice_Springs,_Northern_Territory https://en.wikipedia.org/wiki/Northern_Territory_Police
https://en.wikipedia.org/wiki/Alice_Springs,_Northern_Territory https://en.wikipedia.org/wiki/Crime_in_the_Northern_Territory
https://en.wikipedia.org/wiki/Alice_Springs,_Northern_Territory https://en.wikipedia.org/wiki/Arnhem_Land
https://en.wikipedia.org/wiki/Alice_Springs,_Northern_Territory https://en.wikipedia.org/wiki/Barkly_Tableland
https://en.wikipedia.org/wiki/Alice_Springs,_Northern_Territory https://en.wikipedia.org/wiki/Katherine_Region
https://en.wikipedia.org/wiki/Alice_Springs,_Northern_Territory https://en.wikipedia.org/wiki/Katherine,_Northern_Territory
https://en.wikipedia.org/wiki/Alice_Springs,_Northern_Territory https://en.wikipedia.org/wiki/Nhulunbuy,_Northern_Territory
https://en.wikipedia.org/wiki/Alice_Springs,_Northern_Territory https://en.wikipedia.org/wiki/Palmerston,_Northern_Territory
https://en.wikipedia.org/wiki/Alice_Springs,_Northern_Territory https://en.wikipedia.org/wiki/Tennant_Creek
