https://en.wikipedia.org/wiki/Animals,_Animals,_Animals https://en.wikipedia.org/wiki/ABC_News
https://en.wikipedia.org/wiki/Animals,_Animals,_Animals https://en.wikipedia.org/wiki/Roger_Caras
https://en.wikipedia.org/wiki/Animals,_Animals,_Animals https://en.wikipedia.org/wiki/Estelle_Parsons
https://en.wikipedia.org/wiki/Animals,_Animals,_Animals https://en.wikipedia.org/wiki/Mason_Adams
https://en.wikipedia.org/wiki/Animals,_Animals,_Animals https://en.wikipedia.org/wiki/This_Week_(ABC_TV_series)
https://en.wikipedia.org/wiki/Animals,_Animals,_Animals https://en.wikipedia.org/wiki/Discovery_(1960s_TV_series)
https://en.wikipedia.org/wiki/Animals,_Animals,_Animals https://en.wikipedia.org/wiki/IMDb
https://en.wikipedia.org/wiki/Animals,_Animals,_Animals https://en.wikipedia.org/wiki/TV.com
https://en.wikipedia.org/wiki/Animals,_Animals,_Animals https://en.wikipedia.org/wiki/The_New_Casper_Cartoon_Show
https://en.wikipedia.org/wiki/Animals,_Animals,_Animals https://en.wikipedia.org/wiki/Smokey_Bear#Adaptations
https://en.wikipedia.org/wiki/Animals,_Animals,_Animals https://en.wikipedia.org/wiki/Cattanooga_Cats
https://en.wikipedia.org/wiki/Animals,_Animals,_Animals https://en.wikipedia.org/wiki/Hot_Wheels_(TV_series)
https://en.wikipedia.org/wiki/Animals,_Animals,_Animals https://en.wikipedia.org/wiki/Skyhawks
https://en.wikipedia.org/wiki/Animals,_Animals,_Animals https://en.wikipedia.org/wiki/The_Adventures_of_Gulliver
https://en.wikipedia.org/wiki/Animals,_Animals,_Animals https://en.wikipedia.org/wiki/Fantastic_Voyage_(TV_series)
https://en.wikipedia.org/wiki/Animals,_Animals,_Animals https://en.wikipedia.org/wiki/Will_the_Real_Jerry_Lewis_Please_Sit_Down
https://en.wikipedia.org/wiki/Animals,_Animals,_Animals https://en.wikipedia.org/wiki/The_Road_Runner_Show
https://en.wikipedia.org/wiki/Animals,_Animals,_Animals https://en.wikipedia.org/wiki/The_Funky_Phantom
https://en.wikipedia.org/wiki/Animals,_Animals,_Animals https://en.wikipedia.org/wiki/The_Jackson_5ive_(TV_series)
https://en.wikipedia.org/wiki/Animals,_Animals,_Animals https://en.wikipedia.org/wiki/The_Osmonds_(TV_series)
https://en.wikipedia.org/wiki/Animals,_Animals,_Animals https://en.wikipedia.org/wiki/The_ABC_Saturday_Superstar_Movie
https://en.wikipedia.org/wiki/Animals,_Animals,_Animals https://en.wikipedia.org/wiki/The_Brady_Kids
https://en.wikipedia.org/wiki/Animals,_Animals,_Animals https://en.wikipedia.org/wiki/Wee_Pals
https://en.wikipedia.org/wiki/Animals,_Animals,_Animals https://en.wikipedia.org/wiki/Yogi%27s_Gang
https://en.wikipedia.org/wiki/Animals,_Animals,_Animals https://en.wikipedia.org/wiki/Super_Friends_(1973_TV_series)
https://en.wikipedia.org/wiki/Animals,_Animals,_Animals https://en.wikipedia.org/wiki/Lassie%27s_Rescue_Rangers
https://en.wikipedia.org/wiki/Animals,_Animals,_Animals https://en.wikipedia.org/wiki/Goober_and_the_Ghost_Chasers
https://en.wikipedia.org/wiki/Animals,_Animals,_Animals https://en.wikipedia.org/wiki/Hong_Kong_Phooey
https://en.wikipedia.org/wiki/Animals,_Animals,_Animals https://en.wikipedia.org/wiki/The_New_Adventures_of_Gilligan
https://en.wikipedia.org/wiki/Animals,_Animals,_Animals https://en.wikipedia.org/wiki/Devlin_(TV_series)
https://en.wikipedia.org/wiki/Animals,_Animals,_Animals https://en.wikipedia.org/wiki/These_Are_the_Days_(TV_series)
https://en.wikipedia.org/wiki/Animals,_Animals,_Animals https://en.wikipedia.org/wiki/The_Tom_and_Jerry_Show_(1975_TV_series)
https://en.wikipedia.org/wiki/Animals,_Animals,_Animals https://en.wikipedia.org/wiki/The_Great_Grape_Ape_Show
https://en.wikipedia.org/wiki/Animals,_Animals,_Animals https://en.wikipedia.org/wiki/The_Oddball_Couple
https://en.wikipedia.org/wiki/Animals,_Animals,_Animals https://en.wikipedia.org/wiki/Jabberjaw
https://en.wikipedia.org/wiki/Animals,_Animals,_Animals https://en.wikipedia.org/wiki/The_Scooby-Doo/Dynomutt_Hour
https://en.wikipedia.org/wiki/Animals,_Animals,_Animals https://en.wikipedia.org/wiki/The_Mumbly_Cartoon_Show
https://en.wikipedia.org/wiki/Animals,_Animals,_Animals https://en.wikipedia.org/wiki/The_All-New_Super_Friends_Hour
https://en.wikipedia.org/wiki/Animals,_Animals,_Animals https://en.wikipedia.org/wiki/Scooby%27s_All-Star_Laff-A-Lympics
https://en.wikipedia.org/wiki/Animals,_Animals,_Animals https://en.wikipedia.org/wiki/The_Scooby-Doo_Show
https://en.wikipedia.org/wiki/Animals,_Animals,_Animals https://en.wikipedia.org/wiki/Laff-A-Lympics
https://en.wikipedia.org/wiki/Animals,_Animals,_Animals https://en.wikipedia.org/wiki/Challenge_of_the_Super_Friends
https://en.wikipedia.org/wiki/Animals,_Animals,_Animals https://en.wikipedia.org/wiki/The_Pink_Panther_Show
https://en.wikipedia.org/wiki/Animals,_Animals,_Animals https://en.wikipedia.org/wiki/Lancelot_Link,_Secret_Chimp
https://en.wikipedia.org/wiki/Animals,_Animals,_Animals https://en.wikipedia.org/wiki/Here_Come_the_Double_Deckers
https://en.wikipedia.org/wiki/Animals,_Animals,_Animals https://en.wikipedia.org/wiki/Lidsville
https://en.wikipedia.org/wiki/Animals,_Animals,_Animals https://en.wikipedia.org/wiki/Curiosity_Shop
https://en.wikipedia.org/wiki/Animals,_Animals,_Animals https://en.wikipedia.org/wiki/The_Lost_Saucer
https://en.wikipedia.org/wiki/Animals,_Animals,_Animals https://en.wikipedia.org/wiki/Uncle_Croc%27s_Block
https://en.wikipedia.org/wiki/Animals,_Animals,_Animals https://en.wikipedia.org/wiki/The_Krofft_Supershow
https://en.wikipedia.org/wiki/Animals,_Animals,_Animals https://en.wikipedia.org/wiki/Bigfoot_and_Wildboy
https://en.wikipedia.org/wiki/Animals,_Animals,_Animals https://en.wikipedia.org/wiki/Dr._Shrinker
https://en.wikipedia.org/wiki/Animals,_Animals,_Animals https://en.wikipedia.org/wiki/Electra_Woman_and_Dyna_Girl
https://en.wikipedia.org/wiki/Animals,_Animals,_Animals https://en.wikipedia.org/wiki/Magic_Mongo
https://en.wikipedia.org/wiki/Animals,_Animals,_Animals https://en.wikipedia.org/wiki/Wonderbug
https://en.wikipedia.org/wiki/Animals,_Animals,_Animals https://en.wikipedia.org/wiki/It%27s_a_Knockout
https://en.wikipedia.org/wiki/Animals,_Animals,_Animals https://en.wikipedia.org/wiki/George_of_the_Jungle
https://en.wikipedia.org/wiki/Animals,_Animals,_Animals https://en.wikipedia.org/wiki/Bewitched
https://en.wikipedia.org/wiki/Animals,_Animals,_Animals https://en.wikipedia.org/wiki/Jonny_Quest_(TV_series)
https://en.wikipedia.org/wiki/Animals,_Animals,_Animals https://en.wikipedia.org/wiki/H.R._Pufnstuf
https://en.wikipedia.org/wiki/Animals,_Animals,_Animals https://en.wikipedia.org/wiki/The_Monkees_(TV_series)
https://en.wikipedia.org/wiki/Animals,_Animals,_Animals https://en.wikipedia.org/wiki/The_Pebbles_and_Bamm-Bamm_Show
https://en.wikipedia.org/wiki/Animals,_Animals,_Animals https://en.wikipedia.org/wiki/The_Roman_Holidays
https://en.wikipedia.org/wiki/Animals,_Animals,_Animals https://en.wikipedia.org/wiki/Speed_Buggy
https://en.wikipedia.org/wiki/Animals,_Animals,_Animals https://en.wikipedia.org/wiki/Super_Friends_(1980_TV_series)
https://en.wikipedia.org/wiki/Animals,_Animals,_Animals https://en.wikipedia.org/wiki/The_Fonz_and_the_Happy_Days_Gang
https://en.wikipedia.org/wiki/Animals,_Animals,_Animals https://en.wikipedia.org/wiki/Richie_Rich_(1980_TV_series)
https://en.wikipedia.org/wiki/Animals,_Animals,_Animals https://en.wikipedia.org/wiki/Scooby-Doo_and_Scrappy-Doo_(1980_TV_series)
https://en.wikipedia.org/wiki/Animals,_Animals,_Animals https://en.wikipedia.org/wiki/Thundarr_the_Barbarian
https://en.wikipedia.org/wiki/Animals,_Animals,_Animals https://en.wikipedia.org/wiki/Heathcliff_(1980_TV_series)
https://en.wikipedia.org/wiki/Animals,_Animals,_Animals https://en.wikipedia.org/wiki/Laverne_%26_Shirley_in_the_Army
https://en.wikipedia.org/wiki/Animals,_Animals,_Animals https://en.wikipedia.org/wiki/Goldie_Gold_and_Action_Jack
https://en.wikipedia.org/wiki/Animals,_Animals,_Animals https://en.wikipedia.org/wiki/Pac-Man_(TV_series)
https://en.wikipedia.org/wiki/Animals,_Animals,_Animals https://en.wikipedia.org/wiki/The_Little_Rascals_(animated_TV_series)
https://en.wikipedia.org/wiki/Animals,_Animals,_Animals https://en.wikipedia.org/wiki/Mork_%26_Mindy/Laverne_%26_Shirley/Fonz_Hour
https://en.wikipedia.org/wiki/Animals,_Animals,_Animals https://en.wikipedia.org/wiki/The_Scooby_%26_Scrappy-Doo/Puppy_Hour
https://en.wikipedia.org/wiki/Animals,_Animals,_Animals https://en.wikipedia.org/wiki/The_Puppy%27s_Further_Adventures
https://en.wikipedia.org/wiki/Animals,_Animals,_Animals https://en.wikipedia.org/wiki/Monchhichis_(TV_series)
https://en.wikipedia.org/wiki/Animals,_Animals,_Animals https://en.wikipedia.org/wiki/Rubik,_the_Amazing_Cube
https://en.wikipedia.org/wiki/Animals,_Animals,_Animals https://en.wikipedia.org/wiki/The_Littles_(TV_series)
https://en.wikipedia.org/wiki/Animals,_Animals,_Animals https://en.wikipedia.org/wiki/Mighty_Orbots
https://en.wikipedia.org/wiki/Animals,_Animals,_Animals https://en.wikipedia.org/wiki/Turbo_Teen
https://en.wikipedia.org/wiki/Animals,_Animals,_Animals https://en.wikipedia.org/wiki/Dragon%27s_Lair_(TV_series)
https://en.wikipedia.org/wiki/Animals,_Animals,_Animals https://en.wikipedia.org/wiki/Wolf_Rock_TV
https://en.wikipedia.org/wiki/Animals,_Animals,_Animals https://en.wikipedia.org/wiki/The_New_Scooby_and_Scrappy-Doo_Show
https://en.wikipedia.org/wiki/Animals,_Animals,_Animals https://en.wikipedia.org/wiki/Disney%27s_Adventures_of_the_Gummi_Bears
https://en.wikipedia.org/wiki/Animals,_Animals,_Animals https://en.wikipedia.org/wiki/Ewoks_(TV_series)
https://en.wikipedia.org/wiki/Animals,_Animals,_Animals https://en.wikipedia.org/wiki/The_13_Ghosts_of_Scooby-Doo
https://en.wikipedia.org/wiki/Animals,_Animals,_Animals https://en.wikipedia.org/wiki/Pound_Puppies_(1986_TV_series)
https://en.wikipedia.org/wiki/Animals,_Animals,_Animals https://en.wikipedia.org/wiki/Popples_(1986_TV_series)
https://en.wikipedia.org/wiki/Animals,_Animals,_Animals https://en.wikipedia.org/wiki/The_Care_Bears_(TV_series)
https://en.wikipedia.org/wiki/Animals,_Animals,_Animals https://en.wikipedia.org/wiki/The_Flintstone_Kids
https://en.wikipedia.org/wiki/Animals,_Animals,_Animals https://en.wikipedia.org/wiki/The_Real_Ghostbusters
https://en.wikipedia.org/wiki/Animals,_Animals,_Animals https://en.wikipedia.org/wiki/My_Pet_Monster
https://en.wikipedia.org/wiki/Animals,_Animals,_Animals https://en.wikipedia.org/wiki/The_New_Adventures_of_Beany_and_Cecil
https://en.wikipedia.org/wiki/Animals,_Animals,_Animals https://en.wikipedia.org/wiki/The_New_Adventures_of_Winnie_the_Pooh
https://en.wikipedia.org/wiki/Animals,_Animals,_Animals https://en.wikipedia.org/wiki/A_Pup_Named_Scooby-Doo
https://en.wikipedia.org/wiki/Animals,_Animals,_Animals https://en.wikipedia.org/wiki/Beetlejuice_(TV_series)
https://en.wikipedia.org/wiki/Animals,_Animals,_Animals https://en.wikipedia.org/wiki/Menudo_(band)
https://en.wikipedia.org/wiki/Animals,_Animals,_Animals https://en.wikipedia.org/wiki/ABC_Funfit
https://en.wikipedia.org/wiki/Animals,_Animals,_Animals https://en.wikipedia.org/wiki/Yakov_Smirnoff
https://en.wikipedia.org/wiki/Animals,_Animals,_Animals https://en.wikipedia.org/wiki/Scary_Scooby_Funnies
https://en.wikipedia.org/wiki/Animals,_Animals,_Animals https://en.wikipedia.org/wiki/Scooby%27s_Mystery_Funhouse
https://en.wikipedia.org/wiki/Animals,_Animals,_Animals https://en.wikipedia.org/wiki/Pink_Panther_and_Sons
https://en.wikipedia.org/wiki/Animals,_Animals,_Animals https://en.wikipedia.org/wiki/The_Wuzzles
https://en.wikipedia.org/wiki/Animals,_Animals,_Animals https://en.wikipedia.org/wiki/Modern_animation_in_the_United_States
https://en.wikipedia.org/wiki/Animals,_Animals,_Animals https://en.wikipedia.org/wiki/Daytime_Emmy_Award_for_Outstanding_Children%27s_Series
https://en.wikipedia.org/wiki/Animals,_Animals,_Animals https://en.wikipedia.org/wiki/Once_Upon_a_Classic
https://en.wikipedia.org/wiki/Animals,_Animals,_Animals https://en.wikipedia.org/wiki/Go_(1973_TV_series)
https://en.wikipedia.org/wiki/Animals,_Animals,_Animals https://en.wikipedia.org/wiki/The_Electric_Company
https://en.wikipedia.org/wiki/Animals,_Animals,_Animals https://en.wikipedia.org/wiki/Newton%27s_Apple
https://en.wikipedia.org/wiki/Animals,_Animals,_Animals https://en.wikipedia.org/wiki/Nick_News_with_Linda_Ellerbee
https://en.wikipedia.org/wiki/Animals,_Animals,_Animals https://en.wikipedia.org/wiki/Zoom_(1999_TV_series)
https://en.wikipedia.org/wiki/Animals,_Animals,_Animals https://en.wikipedia.org/wiki/Bill_Nye
https://en.wikipedia.org/wiki/Animals,_Animals,_Animals https://en.wikipedia.org/wiki/From_the_Top
https://en.wikipedia.org/wiki/Animals,_Animals,_Animals https://en.wikipedia.org/wiki/Sea_Rescue_(TV_show)
https://en.wikipedia.org/wiki/Animals,_Animals,_Animals https://en.wikipedia.org/wiki/Between_the_Lions
https://en.wikipedia.org/wiki/Animals,_Animals,_Animals https://en.wikipedia.org/wiki/Dino_Dan
