https://en.wikipedia.org/wiki/Arthur%27s_Seat,_Victoria https://en.wikipedia.org/wiki/Arthur%27s_Seat_(disambiguation)
https://en.wikipedia.org/wiki/Arthur%27s_Seat,_Victoria https://en.wikipedia.org/wiki/Census_in_Australia#2016
https://en.wikipedia.org/wiki/Arthur%27s_Seat,_Victoria https://en.wikipedia.org/wiki/Postcodes_in_Australia
https://en.wikipedia.org/wiki/Arthur%27s_Seat,_Victoria https://en.wikipedia.org/wiki/Time_in_Australia
https://en.wikipedia.org/wiki/Arthur%27s_Seat,_Victoria https://en.wikipedia.org/wiki/UTC%2B10
https://en.wikipedia.org/wiki/Arthur%27s_Seat,_Victoria https://en.wikipedia.org/wiki/Daylight_saving_time
https://en.wikipedia.org/wiki/Arthur%27s_Seat,_Victoria https://en.wikipedia.org/wiki/UTC%2B11
https://en.wikipedia.org/wiki/Arthur%27s_Seat,_Victoria https://en.wikipedia.org/wiki/Local_government_in_Victoria
https://en.wikipedia.org/wiki/Arthur%27s_Seat,_Victoria https://en.wikipedia.org/wiki/Electorates_of_the_Australian_states_and_territories
https://en.wikipedia.org/wiki/Arthur%27s_Seat,_Victoria https://en.wikipedia.org/wiki/Electoral_district_of_Nepean
https://en.wikipedia.org/wiki/Arthur%27s_Seat,_Victoria https://en.wikipedia.org/wiki/Divisions_of_the_Australian_House_of_Representatives
https://en.wikipedia.org/wiki/Arthur%27s_Seat,_Victoria https://en.wikipedia.org/wiki/Division_of_Flinders
https://en.wikipedia.org/wiki/Arthur%27s_Seat,_Victoria https://en.wikipedia.org/wiki/List_of_Melbourne_suburbs
https://en.wikipedia.org/wiki/Arthur%27s_Seat,_Victoria https://en.wikipedia.org/wiki/Mornington_Peninsula
https://en.wikipedia.org/wiki/Arthur%27s_Seat,_Victoria https://en.wikipedia.org/wiki/Aboriginal_Australian
https://en.wikipedia.org/wiki/Arthur%27s_Seat,_Victoria https://en.wikipedia.org/wiki/Boonwurrung
https://en.wikipedia.org/wiki/Arthur%27s_Seat,_Victoria https://en.wikipedia.org/wiki/Devonian
https://en.wikipedia.org/wiki/Arthur%27s_Seat,_Victoria https://en.wikipedia.org/wiki/Granite
https://en.wikipedia.org/wiki/Arthur%27s_Seat,_Victoria https://en.wikipedia.org/wiki/Geology_of_Victoria
https://en.wikipedia.org/wiki/Arthur%27s_Seat,_Victoria https://en.wikipedia.org/wiki/Eucalyptus
https://en.wikipedia.org/wiki/Arthur%27s_Seat,_Victoria https://en.wikipedia.org/wiki/Corroboree
https://en.wikipedia.org/wiki/Arthur%27s_Seat,_Victoria https://en.wikipedia.org/wiki/John_Murray_(Australian_explorer)
https://en.wikipedia.org/wiki/Arthur%27s_Seat,_Victoria https://en.wikipedia.org/wiki/HMS_Lady_Nelson_(1798)
https://en.wikipedia.org/wiki/Arthur%27s_Seat,_Victoria https://en.wikipedia.org/wiki/Arthur%27s_Seat
https://en.wikipedia.org/wiki/Arthur%27s_Seat,_Victoria https://en.wikipedia.org/wiki/Matthew_Flinders
https://en.wikipedia.org/wiki/Arthur%27s_Seat,_Victoria https://en.wikipedia.org/wiki/Arthurs_Seat_State_Park
https://en.wikipedia.org/wiki/Arthur%27s_Seat,_Victoria https://en.wikipedia.org/wiki/You_Yangs
https://en.wikipedia.org/wiki/Arthur%27s_Seat,_Victoria https://en.wikipedia.org/wiki/Dromana
https://en.wikipedia.org/wiki/Arthur%27s_Seat,_Victoria https://en.wikipedia.org/wiki/Herald_Sun_Tour
https://en.wikipedia.org/wiki/Arthur%27s_Seat,_Victoria https://en.wikipedia.org/wiki/Parks_Victoria
https://en.wikipedia.org/wiki/Arthur%27s_Seat,_Victoria https://en.wikipedia.org/wiki/Standards_Council_of_Canada
https://en.wikipedia.org/wiki/Arthur%27s_Seat,_Victoria https://en.wikipedia.org/wiki/Concrete_cancer
https://en.wikipedia.org/wiki/Arthur%27s_Seat,_Victoria https://en.wikipedia.org/wiki/Australian_Bureau_of_Statistics
https://en.wikipedia.org/wiki/Arthur%27s_Seat,_Victoria https://en.wikipedia.org/wiki/Gazetteer_of_Australia
https://en.wikipedia.org/wiki/Arthur%27s_Seat,_Victoria https://en.wikipedia.org/wiki/Geoscience_Australia
https://en.wikipedia.org/wiki/Arthur%27s_Seat,_Victoria https://en.wikipedia.org/wiki/Ida_Lee
https://en.wikipedia.org/wiki/Arthur%27s_Seat,_Victoria https://en.wikipedia.org/wiki/Open_Library
https://en.wikipedia.org/wiki/Arthur%27s_Seat,_Victoria https://en.wikipedia.org/wiki/Project_Gutenberg
https://en.wikipedia.org/wiki/Arthur%27s_Seat,_Victoria https://en.wikipedia.org/wiki/BBC
https://en.wikipedia.org/wiki/Arthur%27s_Seat,_Victoria https://en.wikipedia.org/wiki/Supreme_Court_of_Victoria
https://en.wikipedia.org/wiki/Arthur%27s_Seat,_Victoria https://en.wikipedia.org/wiki/Wayback_Machine
https://en.wikipedia.org/wiki/Arthur%27s_Seat,_Victoria https://en.wikipedia.org/wiki/Balnarring,_Victoria
https://en.wikipedia.org/wiki/Arthur%27s_Seat,_Victoria https://en.wikipedia.org/wiki/Balnarring_Beach,_Victoria
https://en.wikipedia.org/wiki/Arthur%27s_Seat,_Victoria https://en.wikipedia.org/wiki/Baxter,_Victoria
https://en.wikipedia.org/wiki/Arthur%27s_Seat,_Victoria https://en.wikipedia.org/wiki/Bittern,_Victoria
https://en.wikipedia.org/wiki/Arthur%27s_Seat,_Victoria https://en.wikipedia.org/wiki/Blairgowrie,_Victoria
https://en.wikipedia.org/wiki/Arthur%27s_Seat,_Victoria https://en.wikipedia.org/wiki/Boneo,_Victoria
https://en.wikipedia.org/wiki/Arthur%27s_Seat,_Victoria https://en.wikipedia.org/wiki/Cape_Schanck,_Victoria
https://en.wikipedia.org/wiki/Arthur%27s_Seat,_Victoria https://en.wikipedia.org/wiki/Capel_Sound,_Victoria
https://en.wikipedia.org/wiki/Arthur%27s_Seat,_Victoria https://en.wikipedia.org/wiki/Crib_Point,_Victoria
https://en.wikipedia.org/wiki/Arthur%27s_Seat,_Victoria https://en.wikipedia.org/wiki/Fingal,_Victoria
https://en.wikipedia.org/wiki/Arthur%27s_Seat,_Victoria https://en.wikipedia.org/wiki/Flinders,_Victoria
https://en.wikipedia.org/wiki/Arthur%27s_Seat,_Victoria https://en.wikipedia.org/wiki/Hastings,_Victoria
https://en.wikipedia.org/wiki/Arthur%27s_Seat,_Victoria https://en.wikipedia.org/wiki/HMAS_Cerberus_(naval_base)
https://en.wikipedia.org/wiki/Arthur%27s_Seat,_Victoria https://en.wikipedia.org/wiki/Merricks,_Victoria
https://en.wikipedia.org/wiki/Arthur%27s_Seat,_Victoria https://en.wikipedia.org/wiki/Merricks_Beach,_Victoria
https://en.wikipedia.org/wiki/Arthur%27s_Seat,_Victoria https://en.wikipedia.org/wiki/Merricks_North,_Victoria
https://en.wikipedia.org/wiki/Arthur%27s_Seat,_Victoria https://en.wikipedia.org/wiki/Moorooduc,_Victoria
https://en.wikipedia.org/wiki/Arthur%27s_Seat,_Victoria https://en.wikipedia.org/wiki/Mornington,_Victoria
https://en.wikipedia.org/wiki/Arthur%27s_Seat,_Victoria https://en.wikipedia.org/wiki/Mount_Eliza,_Victoria
https://en.wikipedia.org/wiki/Arthur%27s_Seat,_Victoria https://en.wikipedia.org/wiki/Mount_Martha,_Victoria
https://en.wikipedia.org/wiki/Arthur%27s_Seat,_Victoria https://en.wikipedia.org/wiki/Pearcedale,_Victoria
https://en.wikipedia.org/wiki/Arthur%27s_Seat,_Victoria https://en.wikipedia.org/wiki/Point_Leo,_Victoria
https://en.wikipedia.org/wiki/Arthur%27s_Seat,_Victoria https://en.wikipedia.org/wiki/Portsea,_Victoria
https://en.wikipedia.org/wiki/Arthur%27s_Seat,_Victoria https://en.wikipedia.org/wiki/Red_Hill_South,_Victoria
https://en.wikipedia.org/wiki/Arthur%27s_Seat,_Victoria https://en.wikipedia.org/wiki/Rye,_Victoria
https://en.wikipedia.org/wiki/Arthur%27s_Seat,_Victoria https://en.wikipedia.org/wiki/Safety_Beach,_Victoria
https://en.wikipedia.org/wiki/Arthur%27s_Seat,_Victoria https://en.wikipedia.org/wiki/Shoreham,_Victoria
https://en.wikipedia.org/wiki/Arthur%27s_Seat,_Victoria https://en.wikipedia.org/wiki/Somers,_Victoria
https://en.wikipedia.org/wiki/Arthur%27s_Seat,_Victoria https://en.wikipedia.org/wiki/Somerville,_Victoria
https://en.wikipedia.org/wiki/Arthur%27s_Seat,_Victoria https://en.wikipedia.org/wiki/Sorrento,_Victoria
https://en.wikipedia.org/wiki/Arthur%27s_Seat,_Victoria https://en.wikipedia.org/wiki/St_Andrews_Beach,_Victoria
https://en.wikipedia.org/wiki/Arthur%27s_Seat,_Victoria https://en.wikipedia.org/wiki/Tootgarook,_Victoria
https://en.wikipedia.org/wiki/Arthur%27s_Seat,_Victoria https://en.wikipedia.org/wiki/Tuerong,_Victoria
https://en.wikipedia.org/wiki/Arthur%27s_Seat,_Victoria https://en.wikipedia.org/wiki/Tyabb,_Victoria
https://en.wikipedia.org/wiki/Arthur%27s_Seat,_Victoria https://en.wikipedia.org/wiki/State_park
https://en.wikipedia.org/wiki/Arthur%27s_Seat,_Victoria https://en.wikipedia.org/wiki/Black_Range_State_Park
https://en.wikipedia.org/wiki/Arthur%27s_Seat,_Victoria https://en.wikipedia.org/wiki/Broken-Boosey_State_Park
https://en.wikipedia.org/wiki/Arthur%27s_Seat,_Victoria https://en.wikipedia.org/wiki/Bunyip_State_Park
https://en.wikipedia.org/wiki/Arthur%27s_Seat,_Victoria https://en.wikipedia.org/wiki/Cape_Nelson_State_Park
https://en.wikipedia.org/wiki/Arthur%27s_Seat,_Victoria https://en.wikipedia.org/wiki/Cathedral_Range_State_Park
https://en.wikipedia.org/wiki/Arthur%27s_Seat,_Victoria https://en.wikipedia.org/wiki/Dergholm_State_Park
https://en.wikipedia.org/wiki/Arthur%27s_Seat,_Victoria https://en.wikipedia.org/wiki/Enfield_State_Park
https://en.wikipedia.org/wiki/Arthur%27s_Seat,_Victoria https://en.wikipedia.org/wiki/Holey_Plains_State_Park
https://en.wikipedia.org/wiki/Arthur%27s_Seat,_Victoria https://en.wikipedia.org/wiki/Kooyoora_State_Park
https://en.wikipedia.org/wiki/Arthur%27s_Seat,_Victoria https://en.wikipedia.org/wiki/Langi_Ghiran_State_Park
https://en.wikipedia.org/wiki/Arthur%27s_Seat,_Victoria https://en.wikipedia.org/wiki/Leaghur_State_Park
https://en.wikipedia.org/wiki/Arthur%27s_Seat,_Victoria https://en.wikipedia.org/wiki/Lerderderg_State_Park
https://en.wikipedia.org/wiki/Arthur%27s_Seat,_Victoria https://en.wikipedia.org/wiki/Moondarra_State_Park
https://en.wikipedia.org/wiki/Arthur%27s_Seat,_Victoria https://en.wikipedia.org/wiki/Mount_Arapiles-Tooan_State_Park
https://en.wikipedia.org/wiki/Arthur%27s_Seat,_Victoria https://en.wikipedia.org/wiki/Mount_Buangor_State_Park
https://en.wikipedia.org/wiki/Arthur%27s_Seat,_Victoria https://en.wikipedia.org/wiki/Mount_Granya_State_Park
https://en.wikipedia.org/wiki/Arthur%27s_Seat,_Victoria https://en.wikipedia.org/wiki/Mount_Lawson_State_Park
https://en.wikipedia.org/wiki/Arthur%27s_Seat,_Victoria https://en.wikipedia.org/wiki/Mount_Napier_State_Park
https://en.wikipedia.org/wiki/Arthur%27s_Seat,_Victoria https://en.wikipedia.org/wiki/Mount_Samaria_State_Park
https://en.wikipedia.org/wiki/Arthur%27s_Seat,_Victoria https://en.wikipedia.org/wiki/Mount_Worth_State_Park
https://en.wikipedia.org/wiki/Arthur%27s_Seat,_Victoria https://en.wikipedia.org/wiki/Paddys_Ranges_State_Park
https://en.wikipedia.org/wiki/Arthur%27s_Seat,_Victoria https://en.wikipedia.org/wiki/Reef_Hills_State_Park
https://en.wikipedia.org/wiki/Arthur%27s_Seat,_Victoria https://en.wikipedia.org/wiki/Warrandyte_State_Park
https://en.wikipedia.org/wiki/Arthur%27s_Seat,_Victoria https://en.wikipedia.org/wiki/Werribee_Gorge_State_Park
https://en.wikipedia.org/wiki/Arthur%27s_Seat,_Victoria https://en.wikipedia.org/wiki/Melba_Gully_State_Park
https://en.wikipedia.org/wiki/Arthur%27s_Seat,_Victoria https://en.wikipedia.org/wiki/Warby_Range_State_Park
