https://en.wikipedia.org/wiki/Baybay_language https://en.wikipedia.org/wiki/Baybay_City,_Leyte
https://en.wikipedia.org/wiki/Baybay_language https://en.wikipedia.org/wiki/Language_family
https://en.wikipedia.org/wiki/Baybay_language https://en.wikipedia.org/wiki/Malayo-Polynesian_languages
https://en.wikipedia.org/wiki/Baybay_language https://en.wikipedia.org/wiki/Central_Visayan_languages
https://en.wikipedia.org/wiki/Baybay_language https://en.wikipedia.org/wiki/ISO_639-3
https://en.wikipedia.org/wiki/Baybay_language https://en.wikipedia.org/wiki/Regional_language
https://en.wikipedia.org/wiki/Baybay_language https://en.wikipedia.org/wiki/Philippines
https://en.wikipedia.org/wiki/Baybay_language https://en.wikipedia.org/wiki/Waray-Waray_language
https://en.wikipedia.org/wiki/Baybay_language https://en.wikipedia.org/wiki/Deictic
https://en.wikipedia.org/wiki/Baybay_language https://en.wikipedia.org/wiki/Barangay
https://en.wikipedia.org/wiki/Baybay_language https://en.wikipedia.org/wiki/Ethnologue
https://en.wikipedia.org/wiki/Baybay_language https://en.wikipedia.org/wiki/Kinabalian_language
https://en.wikipedia.org/wiki/Baybay_language https://en.wikipedia.org/wiki/Bisakol_languages
https://en.wikipedia.org/wiki/Baybay_language https://en.wikipedia.org/wiki/Cagayan_Valley_languages
https://en.wikipedia.org/wiki/Baybay_language https://en.wikipedia.org/wiki/South-Central_Cordilleran_languages
https://en.wikipedia.org/wiki/Baybay_language https://en.wikipedia.org/wiki/Sambalic_languages
https://en.wikipedia.org/wiki/Baybay_language https://en.wikipedia.org/wiki/Hanun%C3%B3%27o_language
https://en.wikipedia.org/wiki/Baybay_language https://en.wikipedia.org/wiki/Bikol_languages
https://en.wikipedia.org/wiki/Baybay_language https://en.wikipedia.org/wiki/Bisakol
https://en.wikipedia.org/wiki/Baybay_language https://en.wikipedia.org/wiki/Ata_language_(Aeta)
https://en.wikipedia.org/wiki/Baybay_language https://en.wikipedia.org/wiki/Danao_languages
https://en.wikipedia.org/wiki/Baybay_language https://en.wikipedia.org/wiki/Manobo_languages
https://en.wikipedia.org/wiki/Baybay_language https://en.wikipedia.org/wiki/Borneo%E2%80%93Philippine_languages
https://en.wikipedia.org/wiki/Baybay_language https://en.wikipedia.org/wiki/Northern_Philippine_languages
https://en.wikipedia.org/wiki/Baybay_language https://en.wikipedia.org/wiki/Hanuno%27o_language
https://en.wikipedia.org/wiki/Baybay_language https://en.wikipedia.org/wiki/Masbatenyo_language
https://en.wikipedia.org/wiki/Baybay_language https://en.wikipedia.org/wiki/Mindanao_languages
https://en.wikipedia.org/wiki/Baybay_language https://en.wikipedia.org/wiki/Subanen_language
https://en.wikipedia.org/wiki/Baybay_language https://en.wikipedia.org/wiki/Bornean_languages
https://en.wikipedia.org/wiki/Baybay_language https://en.wikipedia.org/wiki/Sabahan_languages
https://en.wikipedia.org/wiki/Baybay_language https://en.wikipedia.org/wiki/Ida%27an_language
https://en.wikipedia.org/wiki/Baybay_language https://en.wikipedia.org/wiki/Bonggi_language
https://en.wikipedia.org/wiki/Baybay_language https://en.wikipedia.org/wiki/Brunei_Bisaya_language
https://en.wikipedia.org/wiki/Baybay_language https://en.wikipedia.org/wiki/Tatana_language
https://en.wikipedia.org/wiki/Baybay_language https://en.wikipedia.org/wiki/Lotud_language
https://en.wikipedia.org/wiki/Baybay_language https://en.wikipedia.org/wiki/Dusun_language
https://en.wikipedia.org/wiki/Baybay_language https://en.wikipedia.org/wiki/Kuijau_language
https://en.wikipedia.org/wiki/Baybay_language https://en.wikipedia.org/wiki/Eastern_Kadazan_language
https://en.wikipedia.org/wiki/Baybay_language https://en.wikipedia.org/wiki/Gana%27_language
https://en.wikipedia.org/wiki/Baybay_language https://en.wikipedia.org/wiki/Kota_Marudu_Talantang_language
https://en.wikipedia.org/wiki/Baybay_language https://en.wikipedia.org/wiki/Momogun_language
https://en.wikipedia.org/wiki/Baybay_language https://en.wikipedia.org/wiki/Klias_River_Kadazan_language
https://en.wikipedia.org/wiki/Baybay_language https://en.wikipedia.org/wiki/Coastal_Kadazan_language
https://en.wikipedia.org/wiki/Baybay_language https://en.wikipedia.org/wiki/Tombonuwo_language
https://en.wikipedia.org/wiki/Baybay_language https://en.wikipedia.org/wiki/Kinabatangan_language
https://en.wikipedia.org/wiki/Baybay_language https://en.wikipedia.org/wiki/Sungai_language
https://en.wikipedia.org/wiki/Baybay_language https://en.wikipedia.org/wiki/Keningau_Murut_language
https://en.wikipedia.org/wiki/Baybay_language https://en.wikipedia.org/wiki/Okolod_language
https://en.wikipedia.org/wiki/Baybay_language https://en.wikipedia.org/wiki/Tagol_language
https://en.wikipedia.org/wiki/Baybay_language https://en.wikipedia.org/wiki/Paluan_language
https://en.wikipedia.org/wiki/Baybay_language https://en.wikipedia.org/wiki/Selungai_Murut_language
https://en.wikipedia.org/wiki/Baybay_language https://en.wikipedia.org/wiki/Timugon_language
https://en.wikipedia.org/wiki/Baybay_language https://en.wikipedia.org/wiki/Bookan_language
https://en.wikipedia.org/wiki/Baybay_language https://en.wikipedia.org/wiki/Abai_language
https://en.wikipedia.org/wiki/Baybay_language https://en.wikipedia.org/wiki/Papar_language
https://en.wikipedia.org/wiki/Baybay_language https://en.wikipedia.org/wiki/Kalabakan_language
https://en.wikipedia.org/wiki/Baybay_language https://en.wikipedia.org/wiki/Sembakung_language
https://en.wikipedia.org/wiki/Baybay_language https://en.wikipedia.org/wiki/Serudung_language
https://en.wikipedia.org/wiki/Baybay_language https://en.wikipedia.org/wiki/Nonukan_Tidong_language
https://en.wikipedia.org/wiki/Baybay_language https://en.wikipedia.org/wiki/Dumpas_language
https://en.wikipedia.org/wiki/Baybay_language https://en.wikipedia.org/wiki/North_Sarawakan_languages
https://en.wikipedia.org/wiki/Baybay_language https://en.wikipedia.org/wiki/Kenyah_language
https://en.wikipedia.org/wiki/Baybay_language https://en.wikipedia.org/wiki/Sebob_language
https://en.wikipedia.org/wiki/Baybay_language https://en.wikipedia.org/wiki/Tutoh_language
https://en.wikipedia.org/wiki/Baybay_language https://en.wikipedia.org/wiki/Uma%27_Lasan_language
https://en.wikipedia.org/wiki/Baybay_language https://en.wikipedia.org/wiki/Wahau_Kenyah_language
https://en.wikipedia.org/wiki/Baybay_language https://en.wikipedia.org/wiki/Penan_language
https://en.wikipedia.org/wiki/Baybay_language https://en.wikipedia.org/wiki/Kelabit_language
https://en.wikipedia.org/wiki/Baybay_language https://en.wikipedia.org/wiki/Lengilu_language
https://en.wikipedia.org/wiki/Baybay_language https://en.wikipedia.org/wiki/Lundayeh_language
https://en.wikipedia.org/wiki/Baybay_language https://en.wikipedia.org/wiki/Sa%27ban_language
https://en.wikipedia.org/wiki/Baybay_language https://en.wikipedia.org/wiki/Tring_language
https://en.wikipedia.org/wiki/Baybay_language https://en.wikipedia.org/wiki/Berawan_language
https://en.wikipedia.org/wiki/Baybay_language https://en.wikipedia.org/wiki/Belait_language
https://en.wikipedia.org/wiki/Baybay_language https://en.wikipedia.org/wiki/Kiput_language
https://en.wikipedia.org/wiki/Baybay_language https://en.wikipedia.org/wiki/Narom_language
https://en.wikipedia.org/wiki/Baybay_language https://en.wikipedia.org/wiki/Tutong_language
https://en.wikipedia.org/wiki/Baybay_language https://en.wikipedia.org/wiki/Bintulu_language
https://en.wikipedia.org/wiki/Baybay_language https://en.wikipedia.org/wiki/Melanau-Kajang_languages
https://en.wikipedia.org/wiki/Baybay_language https://en.wikipedia.org/wiki/Kajaman_language
https://en.wikipedia.org/wiki/Baybay_language https://en.wikipedia.org/wiki/Lahanan_language
https://en.wikipedia.org/wiki/Baybay_language https://en.wikipedia.org/wiki/Sekapan_language
https://en.wikipedia.org/wiki/Baybay_language https://en.wikipedia.org/wiki/Daro-Matu_language
https://en.wikipedia.org/wiki/Baybay_language https://en.wikipedia.org/wiki/Kanowit-Tanjong_language
https://en.wikipedia.org/wiki/Baybay_language https://en.wikipedia.org/wiki/Melanau_language
https://en.wikipedia.org/wiki/Baybay_language https://en.wikipedia.org/wiki/Bukitan_language
https://en.wikipedia.org/wiki/Baybay_language https://en.wikipedia.org/wiki/Punan_Batu_language
https://en.wikipedia.org/wiki/Baybay_language https://en.wikipedia.org/wiki/Sian_language
https://en.wikipedia.org/wiki/Baybay_language https://en.wikipedia.org/wiki/Ukit_language
https://en.wikipedia.org/wiki/Baybay_language https://en.wikipedia.org/wiki/Basap_language
https://en.wikipedia.org/wiki/Baybay_language https://en.wikipedia.org/wiki/Burusu_language
https://en.wikipedia.org/wiki/Baybay_language https://en.wikipedia.org/wiki/Bah-Biau_Punan_language
https://en.wikipedia.org/wiki/Baybay_language https://en.wikipedia.org/wiki/Sajau_language
https://en.wikipedia.org/wiki/Baybay_language https://en.wikipedia.org/wiki/Punan_Merap_language
https://en.wikipedia.org/wiki/Baybay_language https://en.wikipedia.org/wiki/Bukat_language
https://en.wikipedia.org/wiki/Baybay_language https://en.wikipedia.org/wiki/Seru_language
https://en.wikipedia.org/wiki/Baybay_language https://en.wikipedia.org/wiki/Lelak_language
https://en.wikipedia.org/wiki/Baybay_language https://en.wikipedia.org/wiki/Kayan%E2%80%93Murik_languages
https://en.wikipedia.org/wiki/Baybay_language https://en.wikipedia.org/wiki/Bahau_language
https://en.wikipedia.org/wiki/Baybay_language https://en.wikipedia.org/wiki/Modang_language
https://en.wikipedia.org/wiki/Baybay_language https://en.wikipedia.org/wiki/Segai_language
https://en.wikipedia.org/wiki/Baybay_language https://en.wikipedia.org/wiki/Hovongan_language
https://en.wikipedia.org/wiki/Baybay_language https://en.wikipedia.org/wiki/Aoheng_language
https://en.wikipedia.org/wiki/Baybay_language https://en.wikipedia.org/wiki/Aput_language
https://en.wikipedia.org/wiki/Baybay_language https://en.wikipedia.org/wiki/Punan_Merah_language
https://en.wikipedia.org/wiki/Baybay_language https://en.wikipedia.org/wiki/Krio_Dayak_language
https://en.wikipedia.org/wiki/Baybay_language https://en.wikipedia.org/wiki/Murik_Kayan_language
https://en.wikipedia.org/wiki/Baybay_language https://en.wikipedia.org/wiki/Land_Dayak_languages
https://en.wikipedia.org/wiki/Baybay_language https://en.wikipedia.org/wiki/Bekati%27_language
https://en.wikipedia.org/wiki/Baybay_language https://en.wikipedia.org/wiki/Sara_Bakati%27_language
https://en.wikipedia.org/wiki/Baybay_language https://en.wikipedia.org/wiki/Lara%27_language
https://en.wikipedia.org/wiki/Baybay_language https://en.wikipedia.org/wiki/Bukar_Sadong_language
https://en.wikipedia.org/wiki/Baybay_language https://en.wikipedia.org/wiki/Rejang_language_(Indonesia)
https://en.wikipedia.org/wiki/Baybay_language https://en.wikipedia.org/wiki/Biatah_language
https://en.wikipedia.org/wiki/Baybay_language https://en.wikipedia.org/wiki/Tringgus_language
https://en.wikipedia.org/wiki/Baybay_language https://en.wikipedia.org/wiki/Jagoi_language
https://en.wikipedia.org/wiki/Baybay_language https://en.wikipedia.org/wiki/Jangkang_language
https://en.wikipedia.org/wiki/Baybay_language https://en.wikipedia.org/wiki/Kembayan_language
https://en.wikipedia.org/wiki/Baybay_language https://en.wikipedia.org/wiki/Semandang_language
https://en.wikipedia.org/wiki/Baybay_language https://en.wikipedia.org/wiki/Ribun_language
https://en.wikipedia.org/wiki/Baybay_language https://en.wikipedia.org/wiki/Benyadu%27_language
https://en.wikipedia.org/wiki/Baybay_language https://en.wikipedia.org/wiki/Sanggau_language
https://en.wikipedia.org/wiki/Baybay_language https://en.wikipedia.org/wiki/Barito_languages
https://en.wikipedia.org/wiki/Baybay_language https://en.wikipedia.org/wiki/Malagasy_language
https://en.wikipedia.org/wiki/Baybay_language https://en.wikipedia.org/wiki/Deyah_language
https://en.wikipedia.org/wiki/Baybay_language https://en.wikipedia.org/wiki/Dusun_Malang_language
https://en.wikipedia.org/wiki/Baybay_language https://en.wikipedia.org/wiki/Dusun_Witu_language
https://en.wikipedia.org/wiki/Baybay_language https://en.wikipedia.org/wiki/Ma%27anyan_language
https://en.wikipedia.org/wiki/Baybay_language https://en.wikipedia.org/wiki/Paku_language
https://en.wikipedia.org/wiki/Baybay_language https://en.wikipedia.org/wiki/Lawangan_language
https://en.wikipedia.org/wiki/Baybay_language https://en.wikipedia.org/wiki/Kohin_language
https://en.wikipedia.org/wiki/Baybay_language https://en.wikipedia.org/wiki/Dohoi_language
https://en.wikipedia.org/wiki/Baybay_language https://en.wikipedia.org/wiki/Siang_language
https://en.wikipedia.org/wiki/Baybay_language https://en.wikipedia.org/wiki/Bakumpai_language
https://en.wikipedia.org/wiki/Baybay_language https://en.wikipedia.org/wiki/Ngaju_language
https://en.wikipedia.org/wiki/Baybay_language https://en.wikipedia.org/wiki/Ampanang_language
https://en.wikipedia.org/wiki/Baybay_language https://en.wikipedia.org/wiki/Tunjung_language
https://en.wikipedia.org/wiki/Baybay_language https://en.wikipedia.org/wiki/Sama-Bajaw_languages
https://en.wikipedia.org/wiki/Baybay_language https://en.wikipedia.org/wiki/Bajaw_language
https://en.wikipedia.org/wiki/Baybay_language https://en.wikipedia.org/wiki/Sinama_language
https://en.wikipedia.org/wiki/Baybay_language https://en.wikipedia.org/wiki/Languages_of_the_Philippines
https://en.wikipedia.org/wiki/Baybay_language https://en.wikipedia.org/wiki/Filipino_language
https://en.wikipedia.org/wiki/Baybay_language https://en.wikipedia.org/wiki/Philippine_English
https://en.wikipedia.org/wiki/Baybay_language https://en.wikipedia.org/wiki/Central_Bikol
https://en.wikipedia.org/wiki/Baybay_language https://en.wikipedia.org/wiki/Chavacano
https://en.wikipedia.org/wiki/Baybay_language https://en.wikipedia.org/wiki/Regions_of_the_Philippines
https://en.wikipedia.org/wiki/Baybay_language https://en.wikipedia.org/wiki/Luzon
https://en.wikipedia.org/wiki/Baybay_language https://en.wikipedia.org/wiki/Ilocos_Region
https://en.wikipedia.org/wiki/Baybay_language https://en.wikipedia.org/wiki/Cordillera_Administrative_Region
https://en.wikipedia.org/wiki/Baybay_language https://en.wikipedia.org/wiki/Bontoc_language
https://en.wikipedia.org/wiki/Baybay_language https://en.wikipedia.org/wiki/Cagayan_Valley
https://en.wikipedia.org/wiki/Baybay_language https://en.wikipedia.org/wiki/Central_Cagayan_Agta_language
https://en.wikipedia.org/wiki/Baybay_language https://en.wikipedia.org/wiki/Dinapigue_Agta
https://en.wikipedia.org/wiki/Baybay_language https://en.wikipedia.org/wiki/Dupaningan_Agta
https://en.wikipedia.org/wiki/Baybay_language https://en.wikipedia.org/wiki/Nagtipunan_Agta
https://en.wikipedia.org/wiki/Baybay_language https://en.wikipedia.org/wiki/Paranan_Agta_language
https://en.wikipedia.org/wiki/Baybay_language https://en.wikipedia.org/wiki/Paranan_language
https://en.wikipedia.org/wiki/Baybay_language https://en.wikipedia.org/wiki/Central_Luzon
https://en.wikipedia.org/wiki/Baybay_language https://en.wikipedia.org/wiki/Antsi_language
https://en.wikipedia.org/wiki/Baybay_language https://en.wikipedia.org/wiki/Casiguran_Dumagat_Agta
https://en.wikipedia.org/wiki/Baybay_language https://en.wikipedia.org/wiki/Indi_language
https://en.wikipedia.org/wiki/Baybay_language https://en.wikipedia.org/wiki/Calabarzon
https://en.wikipedia.org/wiki/Baybay_language https://en.wikipedia.org/wiki/Metro_Manila
https://en.wikipedia.org/wiki/Baybay_language https://en.wikipedia.org/wiki/Hokaglish
https://en.wikipedia.org/wiki/Baybay_language https://en.wikipedia.org/wiki/Taglish
https://en.wikipedia.org/wiki/Baybay_language https://en.wikipedia.org/wiki/Mimaropa
https://en.wikipedia.org/wiki/Baybay_language https://en.wikipedia.org/wiki/Bicol_Region
https://en.wikipedia.org/wiki/Baybay_language https://en.wikipedia.org/wiki/Inagta_Partido_language
https://en.wikipedia.org/wiki/Baybay_language https://en.wikipedia.org/wiki/Southern_Catanduanes_Bikol_language
https://en.wikipedia.org/wiki/Baybay_language https://en.wikipedia.org/wiki/Visayas
https://en.wikipedia.org/wiki/Baybay_language https://en.wikipedia.org/wiki/Western_Visayas
https://en.wikipedia.org/wiki/Baybay_language https://en.wikipedia.org/wiki/Negros_Island_Region
https://en.wikipedia.org/wiki/Baybay_language https://en.wikipedia.org/wiki/Ata_language_(Austronesian)
https://en.wikipedia.org/wiki/Baybay_language https://en.wikipedia.org/wiki/Central_Visayas
https://en.wikipedia.org/wiki/Baybay_language https://en.wikipedia.org/wiki/Eskayan_language
https://en.wikipedia.org/wiki/Baybay_language https://en.wikipedia.org/wiki/Eastern_Visayas
https://en.wikipedia.org/wiki/Baybay_language https://en.wikipedia.org/wiki/Mindanao
https://en.wikipedia.org/wiki/Baybay_language https://en.wikipedia.org/wiki/Zamboanga_Peninsula
https://en.wikipedia.org/wiki/Baybay_language https://en.wikipedia.org/wiki/Northern_Mindanao
https://en.wikipedia.org/wiki/Baybay_language https://en.wikipedia.org/wiki/Bukid_language
https://en.wikipedia.org/wiki/Baybay_language https://en.wikipedia.org/wiki/Caraga
https://en.wikipedia.org/wiki/Baybay_language https://en.wikipedia.org/wiki/Davao_Region
https://en.wikipedia.org/wiki/Baybay_language https://en.wikipedia.org/wiki/Davaoe%C3%B1o_language
https://en.wikipedia.org/wiki/Baybay_language https://en.wikipedia.org/wiki/Soccsksargen
https://en.wikipedia.org/wiki/Baybay_language https://en.wikipedia.org/wiki/Autonomous_Region_in_Muslim_Mindanao
https://en.wikipedia.org/wiki/Baybay_language https://en.wikipedia.org/wiki/Sama_language
https://en.wikipedia.org/wiki/Baybay_language https://en.wikipedia.org/wiki/Arabic
https://en.wikipedia.org/wiki/Baybay_language https://en.wikipedia.org/wiki/Basque_language
https://en.wikipedia.org/wiki/Baybay_language https://en.wikipedia.org/wiki/Chinese_language
https://en.wikipedia.org/wiki/Baybay_language https://en.wikipedia.org/wiki/Philippine_Hokkien
https://en.wikipedia.org/wiki/Baybay_language https://en.wikipedia.org/wiki/Philippine_Mandarin
https://en.wikipedia.org/wiki/Baybay_language https://en.wikipedia.org/wiki/French_language
https://en.wikipedia.org/wiki/Baybay_language https://en.wikipedia.org/wiki/German_language
https://en.wikipedia.org/wiki/Baybay_language https://en.wikipedia.org/wiki/Japanese_language
https://en.wikipedia.org/wiki/Baybay_language https://en.wikipedia.org/wiki/Korean_language
https://en.wikipedia.org/wiki/Baybay_language https://en.wikipedia.org/wiki/Malay_language_in_the_Philippines
https://en.wikipedia.org/wiki/Baybay_language https://en.wikipedia.org/wiki/Indonesian_language
https://en.wikipedia.org/wiki/Baybay_language https://en.wikipedia.org/wiki/Malaysian_language
https://en.wikipedia.org/wiki/Baybay_language https://en.wikipedia.org/wiki/Sindhi_language
https://en.wikipedia.org/wiki/Baybay_language https://en.wikipedia.org/wiki/Philippine_Spanish
https://en.wikipedia.org/wiki/Baybay_language https://en.wikipedia.org/wiki/Spanish_language_in_the_Philippines
https://en.wikipedia.org/wiki/Baybay_language https://en.wikipedia.org/wiki/Vietnamese_language
https://en.wikipedia.org/wiki/Baybay_language https://en.wikipedia.org/wiki/American_Sign_Language
https://en.wikipedia.org/wiki/Baybay_language https://en.wikipedia.org/wiki/Philippine_Sign_Language
https://en.wikipedia.org/wiki/Baybay_language https://en.wikipedia.org/wiki/Proto-Philippine_language
https://en.wikipedia.org/wiki/Baybay_language https://en.wikipedia.org/wiki/Old_Tagalog
