https://en.wikipedia.org/wiki/Big_Hill,_Victoria_(Surf_Coast_Shire) https://en.wikipedia.org/wiki/Census_in_Australia#2016
https://en.wikipedia.org/wiki/Big_Hill,_Victoria_(Surf_Coast_Shire) https://en.wikipedia.org/wiki/Postcodes_in_Australia
https://en.wikipedia.org/wiki/Big_Hill,_Victoria_(Surf_Coast_Shire) https://en.wikipedia.org/wiki/Local_government_in_Victoria
https://en.wikipedia.org/wiki/Big_Hill,_Victoria_(Surf_Coast_Shire) https://en.wikipedia.org/wiki/Electorates_of_the_Australian_states_and_territories
https://en.wikipedia.org/wiki/Big_Hill,_Victoria_(Surf_Coast_Shire) https://en.wikipedia.org/wiki/Electoral_district_of_Polwarth
https://en.wikipedia.org/wiki/Big_Hill,_Victoria_(Surf_Coast_Shire) https://en.wikipedia.org/wiki/Divisions_of_the_Australian_House_of_Representatives
https://en.wikipedia.org/wiki/Big_Hill,_Victoria_(Surf_Coast_Shire) https://en.wikipedia.org/wiki/Division_of_Corangamite
https://en.wikipedia.org/wiki/Big_Hill,_Victoria_(Surf_Coast_Shire) https://en.wikipedia.org/wiki/Suburbs_and_localities_(Australia)
https://en.wikipedia.org/wiki/Big_Hill,_Victoria_(Surf_Coast_Shire) https://en.wikipedia.org/wiki/Australia
https://en.wikipedia.org/wiki/Big_Hill,_Victoria_(Surf_Coast_Shire) https://en.wikipedia.org/wiki/Great_Ocean_Road
https://en.wikipedia.org/wiki/Big_Hill,_Victoria_(Surf_Coast_Shire) https://en.wikipedia.org/wiki/Edna_Walling
https://en.wikipedia.org/wiki/Big_Hill,_Victoria_(Surf_Coast_Shire) https://en.wikipedia.org/wiki/Great_Otway_National_Park
https://en.wikipedia.org/wiki/Big_Hill,_Victoria_(Surf_Coast_Shire) https://en.wikipedia.org/wiki/House_at_Big_Hill
https://en.wikipedia.org/wiki/Big_Hill,_Victoria_(Surf_Coast_Shire) https://en.wikipedia.org/wiki/Australian_Bureau_of_Statistics
https://en.wikipedia.org/wiki/Big_Hill,_Victoria_(Surf_Coast_Shire) https://en.wikipedia.org/wiki/Government_of_Victoria
https://en.wikipedia.org/wiki/Big_Hill,_Victoria_(Surf_Coast_Shire) https://en.wikipedia.org/wiki/Aireys_Inlet
https://en.wikipedia.org/wiki/Big_Hill,_Victoria_(Surf_Coast_Shire) https://en.wikipedia.org/wiki/Anglesea,_Victoria
https://en.wikipedia.org/wiki/Big_Hill,_Victoria_(Surf_Coast_Shire) https://en.wikipedia.org/wiki/Bambra,_Victoria
https://en.wikipedia.org/wiki/Big_Hill,_Victoria_(Surf_Coast_Shire) https://en.wikipedia.org/wiki/Barrabool,_Victoria
https://en.wikipedia.org/wiki/Big_Hill,_Victoria_(Surf_Coast_Shire) https://en.wikipedia.org/wiki/Bellbrae,_Victoria
https://en.wikipedia.org/wiki/Big_Hill,_Victoria_(Surf_Coast_Shire) https://en.wikipedia.org/wiki/Bells_Beach,_Victoria
https://en.wikipedia.org/wiki/Big_Hill,_Victoria_(Surf_Coast_Shire) https://en.wikipedia.org/wiki/Birregurra,_Victoria
https://en.wikipedia.org/wiki/Big_Hill,_Victoria_(Surf_Coast_Shire) https://en.wikipedia.org/wiki/Breamlea,_Victoria
https://en.wikipedia.org/wiki/Big_Hill,_Victoria_(Surf_Coast_Shire) https://en.wikipedia.org/wiki/Buckley,_Victoria
https://en.wikipedia.org/wiki/Big_Hill,_Victoria_(Surf_Coast_Shire) https://en.wikipedia.org/wiki/Connewarre,_Victoria
https://en.wikipedia.org/wiki/Big_Hill,_Victoria_(Surf_Coast_Shire) https://en.wikipedia.org/wiki/Deans_Marsh,_Victoria
https://en.wikipedia.org/wiki/Big_Hill,_Victoria_(Surf_Coast_Shire) https://en.wikipedia.org/wiki/Fairhaven,_Victoria
https://en.wikipedia.org/wiki/Big_Hill,_Victoria_(Surf_Coast_Shire) https://en.wikipedia.org/wiki/Freshwater_Creek,_Victoria
https://en.wikipedia.org/wiki/Big_Hill,_Victoria_(Surf_Coast_Shire) https://en.wikipedia.org/wiki/Gherang
https://en.wikipedia.org/wiki/Big_Hill,_Victoria_(Surf_Coast_Shire) https://en.wikipedia.org/wiki/Gnarwarre,_Victoria
https://en.wikipedia.org/wiki/Big_Hill,_Victoria_(Surf_Coast_Shire) https://en.wikipedia.org/wiki/Inverleigh,_Victoria
https://en.wikipedia.org/wiki/Big_Hill,_Victoria_(Surf_Coast_Shire) https://en.wikipedia.org/wiki/Jan_Juc,_Victoria
https://en.wikipedia.org/wiki/Big_Hill,_Victoria_(Surf_Coast_Shire) https://en.wikipedia.org/wiki/Modewarre
https://en.wikipedia.org/wiki/Big_Hill,_Victoria_(Surf_Coast_Shire) https://en.wikipedia.org/wiki/Moggs_Creek,_Victoria
https://en.wikipedia.org/wiki/Big_Hill,_Victoria_(Surf_Coast_Shire) https://en.wikipedia.org/wiki/Moriac,_Victoria
https://en.wikipedia.org/wiki/Big_Hill,_Victoria_(Surf_Coast_Shire) https://en.wikipedia.org/wiki/Mount_Duneed,_Victoria
https://en.wikipedia.org/wiki/Big_Hill,_Victoria_(Surf_Coast_Shire) https://en.wikipedia.org/wiki/Mount_Moriac,_Victoria
https://en.wikipedia.org/wiki/Big_Hill,_Victoria_(Surf_Coast_Shire) https://en.wikipedia.org/wiki/Ombersley,_Victoria
https://en.wikipedia.org/wiki/Big_Hill,_Victoria_(Surf_Coast_Shire) https://en.wikipedia.org/wiki/Paraparap,_Victoria
https://en.wikipedia.org/wiki/Big_Hill,_Victoria_(Surf_Coast_Shire) https://en.wikipedia.org/wiki/Pennyroyal,_Victoria
https://en.wikipedia.org/wiki/Big_Hill,_Victoria_(Surf_Coast_Shire) https://en.wikipedia.org/wiki/Torquay,_Victoria
https://en.wikipedia.org/wiki/Big_Hill,_Victoria_(Surf_Coast_Shire) https://en.wikipedia.org/wiki/Wensleydale,_Victoria
https://en.wikipedia.org/wiki/Big_Hill,_Victoria_(Surf_Coast_Shire) https://en.wikipedia.org/wiki/Winchelsea,_Victoria
https://en.wikipedia.org/wiki/Big_Hill,_Victoria_(Surf_Coast_Shire) https://en.wikipedia.org/wiki/Winchelsea_South,_Victoria
https://en.wikipedia.org/wiki/Big_Hill,_Victoria_(Surf_Coast_Shire) https://en.wikipedia.org/wiki/Wurdiboluc,_Victoria
