https://en.wikipedia.org/wiki/Catholic_Church_in_Eritrea https://en.wikipedia.org/wiki/Kidane_Mehret_Cathedral,_Asmara
https://en.wikipedia.org/wiki/Catholic_Church_in_Eritrea https://en.wikipedia.org/wiki/Episcopal_polity
https://en.wikipedia.org/wiki/Catholic_Church_in_Eritrea https://en.wikipedia.org/wiki/Menghesteab_Tesfamariam
https://en.wikipedia.org/wiki/Catholic_Church_in_Eritrea https://en.wikipedia.org/wiki/Roman_Catholicism_in_Eritrea
https://en.wikipedia.org/wiki/Catholic_Church_in_Eritrea https://en.wikipedia.org/wiki/Christian_cross_variants
https://en.wikipedia.org/wiki/Catholic_Church_in_Eritrea https://en.wikipedia.org/wiki/Patriarchal_cross
https://en.wikipedia.org/wiki/Catholic_Church_in_Eritrea https://en.wikipedia.org/wiki/Catholic_Church_in_Tunisia#Christianity
https://en.wikipedia.org/wiki/Catholic_Church_in_Eritrea https://en.wikipedia.org/wiki/Catholic_Church_in_Uganda#Christianity
https://en.wikipedia.org/wiki/Catholic_Church_in_Eritrea https://en.wikipedia.org/wiki/Catholic_Church_in_Asia
https://en.wikipedia.org/wiki/Catholic_Church_in_Eritrea https://en.wikipedia.org/wiki/Catholic_Church_in_Afghanistan
https://en.wikipedia.org/wiki/Catholic_Church_in_Eritrea https://en.wikipedia.org/wiki/Catholic_Church_in_Bangladesh
https://en.wikipedia.org/wiki/Catholic_Church_in_Eritrea https://en.wikipedia.org/wiki/Catholic_Church_in_Bhutan
https://en.wikipedia.org/wiki/Catholic_Church_in_Eritrea https://en.wikipedia.org/wiki/Catholic_Church_in_Brunei
https://en.wikipedia.org/wiki/Catholic_Church_in_Eritrea https://en.wikipedia.org/wiki/Catholic_Church_in_Burma
https://en.wikipedia.org/wiki/Catholic_Church_in_Eritrea https://en.wikipedia.org/wiki/Catholic_Church_in_Cambodia
https://en.wikipedia.org/wiki/Catholic_Church_in_Eritrea https://en.wikipedia.org/wiki/Catholic_Church_in_China
https://en.wikipedia.org/wiki/Catholic_Church_in_Eritrea https://en.wikipedia.org/wiki/Catholic_Church_in_Hong_Kong
https://en.wikipedia.org/wiki/Catholic_Church_in_Eritrea https://en.wikipedia.org/wiki/Catholic_Church_in_India
https://en.wikipedia.org/wiki/Catholic_Church_in_Eritrea https://en.wikipedia.org/wiki/Catholic_Church_in_Indonesia
https://en.wikipedia.org/wiki/Catholic_Church_in_Eritrea https://en.wikipedia.org/wiki/Catholic_Church_in_Japan
https://en.wikipedia.org/wiki/Catholic_Church_in_Eritrea https://en.wikipedia.org/wiki/Catholic_Church_in_Kazakhstan
https://en.wikipedia.org/wiki/Catholic_Church_in_Eritrea https://en.wikipedia.org/wiki/Catholic_Church_in_Korea
https://en.wikipedia.org/wiki/Catholic_Church_in_Eritrea https://en.wikipedia.org/wiki/Catholic_Church_in_Laos
https://en.wikipedia.org/wiki/Catholic_Church_in_Eritrea https://en.wikipedia.org/wiki/Catholic_Church_in_Malaysia
https://en.wikipedia.org/wiki/Catholic_Church_in_Eritrea https://en.wikipedia.org/wiki/Catholic_Church_in_the_Maldives
https://en.wikipedia.org/wiki/Catholic_Church_in_Eritrea https://en.wikipedia.org/wiki/Catholic_Church_in_Mongolia
https://en.wikipedia.org/wiki/Catholic_Church_in_Eritrea https://en.wikipedia.org/wiki/Catholic_Church_in_Nepal
https://en.wikipedia.org/wiki/Catholic_Church_in_Eritrea https://en.wikipedia.org/wiki/Catholic_Church_in_North_Korea
https://en.wikipedia.org/wiki/Catholic_Church_in_Eritrea https://en.wikipedia.org/wiki/Catholic_Church_in_Pakistan
https://en.wikipedia.org/wiki/Catholic_Church_in_Eritrea https://en.wikipedia.org/wiki/Catholic_Church_in_the_Philippines
https://en.wikipedia.org/wiki/Catholic_Church_in_Eritrea https://en.wikipedia.org/wiki/Catholic_Church_in_Singapore
https://en.wikipedia.org/wiki/Catholic_Church_in_Eritrea https://en.wikipedia.org/wiki/Catholic_Church_in_South_Korea
https://en.wikipedia.org/wiki/Catholic_Church_in_Eritrea https://en.wikipedia.org/wiki/Catholic_Church_in_Sri_Lanka
https://en.wikipedia.org/wiki/Catholic_Church_in_Eritrea https://en.wikipedia.org/wiki/Catholic_Church_in_Taiwan
https://en.wikipedia.org/wiki/Catholic_Church_in_Eritrea https://en.wikipedia.org/wiki/Catholic_Church_in_Tajikistan
https://en.wikipedia.org/wiki/Catholic_Church_in_Eritrea https://en.wikipedia.org/wiki/Catholic_Church_in_Thailand
https://en.wikipedia.org/wiki/Catholic_Church_in_Eritrea https://en.wikipedia.org/wiki/Catholic_Church_in_Turkmenistan
https://en.wikipedia.org/wiki/Catholic_Church_in_Eritrea https://en.wikipedia.org/wiki/Catholic_Church_in_Uzbekistan
https://en.wikipedia.org/wiki/Catholic_Church_in_Eritrea https://en.wikipedia.org/wiki/Catholic_Church_in_Vietnam
https://en.wikipedia.org/wiki/Catholic_Church_in_Eritrea https://en.wikipedia.org/wiki/Catholic_Church_in_the_Middle_East
https://en.wikipedia.org/wiki/Catholic_Church_in_Eritrea https://en.wikipedia.org/wiki/Catholic_Church_in_Bahrain
https://en.wikipedia.org/wiki/Catholic_Church_in_Eritrea https://en.wikipedia.org/wiki/Catholic_Church_in_Iran
https://en.wikipedia.org/wiki/Catholic_Church_in_Eritrea https://en.wikipedia.org/wiki/Catholic_Church_in_Iraq
https://en.wikipedia.org/wiki/Catholic_Church_in_Eritrea https://en.wikipedia.org/wiki/Catholic_Church_in_Israel
https://en.wikipedia.org/wiki/Catholic_Church_in_Eritrea https://en.wikipedia.org/wiki/Catholic_Church_in_the_Palestinian_territories
https://en.wikipedia.org/wiki/Catholic_Church_in_Eritrea https://en.wikipedia.org/wiki/Catholic_Church_in_Jordan
https://en.wikipedia.org/wiki/Catholic_Church_in_Eritrea https://en.wikipedia.org/wiki/Catholic_Church_in_Kuwait
https://en.wikipedia.org/wiki/Catholic_Church_in_Eritrea https://en.wikipedia.org/wiki/Catholic_Church_in_Lebanon
https://en.wikipedia.org/wiki/Catholic_Church_in_Eritrea https://en.wikipedia.org/wiki/Catholic_Church_in_Oman
https://en.wikipedia.org/wiki/Catholic_Church_in_Eritrea https://en.wikipedia.org/wiki/Catholic_Church_in_Qatar
https://en.wikipedia.org/wiki/Catholic_Church_in_Eritrea https://en.wikipedia.org/wiki/Catholic_Church_in_Saudi_Arabia
https://en.wikipedia.org/wiki/Catholic_Church_in_Eritrea https://en.wikipedia.org/wiki/Catholic_Church_in_Syria
https://en.wikipedia.org/wiki/Catholic_Church_in_Eritrea https://en.wikipedia.org/wiki/Catholic_Church_in_the_United_Arab_Emirates
https://en.wikipedia.org/wiki/Catholic_Church_in_Eritrea https://en.wikipedia.org/wiki/Catholic_Church_in_Yemen
https://en.wikipedia.org/wiki/Catholic_Church_in_Eritrea https://en.wikipedia.org/wiki/Catholic_Church_in_Europe
https://en.wikipedia.org/wiki/Catholic_Church_in_Eritrea https://en.wikipedia.org/wiki/Catholic_Church_in_Albania
https://en.wikipedia.org/wiki/Catholic_Church_in_Eritrea https://en.wikipedia.org/wiki/Catholic_Church_in_Armenia
https://en.wikipedia.org/wiki/Catholic_Church_in_Eritrea https://en.wikipedia.org/wiki/Catholic_Church_in_Austria
https://en.wikipedia.org/wiki/Catholic_Church_in_Eritrea https://en.wikipedia.org/wiki/Catholic_Church_in_Azerbaijan
https://en.wikipedia.org/wiki/Catholic_Church_in_Eritrea https://en.wikipedia.org/wiki/Catholic_Church_in_Belarus
https://en.wikipedia.org/wiki/Catholic_Church_in_Eritrea https://en.wikipedia.org/wiki/Roman_Catholicism_in_Belgium
https://en.wikipedia.org/wiki/Catholic_Church_in_Eritrea https://en.wikipedia.org/wiki/Catholic_Church_in_Bosnia_and_Herzegovina
https://en.wikipedia.org/wiki/Catholic_Church_in_Eritrea https://en.wikipedia.org/wiki/Catholic_Church_in_Bulgaria
https://en.wikipedia.org/wiki/Catholic_Church_in_Eritrea https://en.wikipedia.org/wiki/Catholic_Church_in_Cyprus
https://en.wikipedia.org/wiki/Catholic_Church_in_Eritrea https://en.wikipedia.org/wiki/Catholic_Church_in_Denmark
https://en.wikipedia.org/wiki/Catholic_Church_in_Eritrea https://en.wikipedia.org/wiki/Catholic_Church_in_Finland
https://en.wikipedia.org/wiki/Catholic_Church_in_Eritrea https://en.wikipedia.org/wiki/Catholic_Church_in_France
https://en.wikipedia.org/wiki/Catholic_Church_in_Eritrea https://en.wikipedia.org/wiki/Catholic_Church_in_Georgia_(country)
https://en.wikipedia.org/wiki/Catholic_Church_in_Eritrea https://en.wikipedia.org/wiki/Catholic_Church_in_Abkhazia
https://en.wikipedia.org/wiki/Catholic_Church_in_Eritrea https://en.wikipedia.org/wiki/Catholic_Church_in_Germany
https://en.wikipedia.org/wiki/Catholic_Church_in_Eritrea https://en.wikipedia.org/wiki/Catholic_Church_in_Greece
https://en.wikipedia.org/wiki/Catholic_Church_in_Eritrea https://en.wikipedia.org/wiki/Catholic_Church_in_Iceland
https://en.wikipedia.org/wiki/Catholic_Church_in_Eritrea https://en.wikipedia.org/wiki/Catholic_Church_in_Ireland
https://en.wikipedia.org/wiki/Catholic_Church_in_Eritrea https://en.wikipedia.org/wiki/Catholic_Church_in_Italy
https://en.wikipedia.org/wiki/Catholic_Church_in_Eritrea https://en.wikipedia.org/wiki/Catholic_Church_in_Jersey
https://en.wikipedia.org/wiki/Catholic_Church_in_Eritrea https://en.wikipedia.org/wiki/Catholic_Church_in_Kosovo
https://en.wikipedia.org/wiki/Catholic_Church_in_Eritrea https://en.wikipedia.org/wiki/Catholic_Church_in_Lithuania
https://en.wikipedia.org/wiki/Catholic_Church_in_Eritrea https://en.wikipedia.org/wiki/Catholic_Church_in_Luxembourg
https://en.wikipedia.org/wiki/Catholic_Church_in_Eritrea https://en.wikipedia.org/wiki/Catholic_Church_in_the_Republic_of_Macedonia
https://en.wikipedia.org/wiki/Catholic_Church_in_Eritrea https://en.wikipedia.org/wiki/Catholic_Church_in_the_Netherlands
https://en.wikipedia.org/wiki/Catholic_Church_in_Eritrea https://en.wikipedia.org/wiki/Catholic_Church_in_Norway
https://en.wikipedia.org/wiki/Catholic_Church_in_Eritrea https://en.wikipedia.org/wiki/Catholic_Church_in_Malta
https://en.wikipedia.org/wiki/Catholic_Church_in_Eritrea https://en.wikipedia.org/wiki/Catholic_Church_in_Moldova
https://en.wikipedia.org/wiki/Catholic_Church_in_Eritrea https://en.wikipedia.org/wiki/Catholic_Church_in_Montenegro
https://en.wikipedia.org/wiki/Catholic_Church_in_Eritrea https://en.wikipedia.org/wiki/Catholic_Church_in_Poland
https://en.wikipedia.org/wiki/Catholic_Church_in_Eritrea https://en.wikipedia.org/wiki/Catholic_Church_in_Portugal
https://en.wikipedia.org/wiki/Catholic_Church_in_Eritrea https://en.wikipedia.org/wiki/Catholic_Church_in_Romania
https://en.wikipedia.org/wiki/Catholic_Church_in_Eritrea https://en.wikipedia.org/wiki/Catholic_Church_in_Serbia
https://en.wikipedia.org/wiki/Catholic_Church_in_Eritrea https://en.wikipedia.org/wiki/Catholic_Church_in_Spain
https://en.wikipedia.org/wiki/Catholic_Church_in_Eritrea https://en.wikipedia.org/wiki/Catholic_Church_in_Sweden
https://en.wikipedia.org/wiki/Catholic_Church_in_Eritrea https://en.wikipedia.org/wiki/Catholic_Church_in_Turkey
https://en.wikipedia.org/wiki/Catholic_Church_in_Eritrea https://en.wikipedia.org/wiki/Catholic_Church_in_Ukraine
https://en.wikipedia.org/wiki/Catholic_Church_in_Eritrea https://en.wikipedia.org/wiki/Catholic_Church_in_the_United_Kingdom
https://en.wikipedia.org/wiki/Catholic_Church_in_Eritrea https://en.wikipedia.org/wiki/Catholic_Church_in_England_and_Wales
https://en.wikipedia.org/wiki/Catholic_Church_in_Eritrea https://en.wikipedia.org/wiki/Catholic_Church_in_Scotland
https://en.wikipedia.org/wiki/Catholic_Church_in_Eritrea https://en.wikipedia.org/wiki/Catholic_Church_in_Ireland#Northern_Ireland
https://en.wikipedia.org/wiki/Catholic_Church_in_Eritrea https://en.wikipedia.org/wiki/Catholic_Church_in_North_America
https://en.wikipedia.org/wiki/Catholic_Church_in_Eritrea https://en.wikipedia.org/wiki/Catholic_Church_in_Antigua_and_Barbuda
https://en.wikipedia.org/wiki/Catholic_Church_in_Eritrea https://en.wikipedia.org/wiki/Catholic_Church_in_Barbados
https://en.wikipedia.org/wiki/Catholic_Church_in_Eritrea https://en.wikipedia.org/wiki/Catholic_Church_in_Belize
https://en.wikipedia.org/wiki/Catholic_Church_in_Eritrea https://en.wikipedia.org/wiki/Catholic_Church_in_Canada
https://en.wikipedia.org/wiki/Catholic_Church_in_Eritrea https://en.wikipedia.org/wiki/Catholic_Church_in_Costa_Rica
https://en.wikipedia.org/wiki/Catholic_Church_in_Eritrea https://en.wikipedia.org/wiki/Catholic_Church_in_Cuba
https://en.wikipedia.org/wiki/Catholic_Church_in_Eritrea https://en.wikipedia.org/wiki/Catholic_Church_in_Dominica
https://en.wikipedia.org/wiki/Catholic_Church_in_Eritrea https://en.wikipedia.org/wiki/Catholic_Church_in_the_Dominican_Republic
https://en.wikipedia.org/wiki/Catholic_Church_in_Eritrea https://en.wikipedia.org/wiki/Catholic_Church_in_El_Salvador#Christianity
https://en.wikipedia.org/wiki/Catholic_Church_in_Eritrea https://en.wikipedia.org/wiki/Catholic_Church_in_Grenada
https://en.wikipedia.org/wiki/Catholic_Church_in_Eritrea https://en.wikipedia.org/wiki/Catholic_Church_in_Guatemala
https://en.wikipedia.org/wiki/Catholic_Church_in_Eritrea https://en.wikipedia.org/wiki/Catholic_Church_in_Haiti
https://en.wikipedia.org/wiki/Catholic_Church_in_Eritrea https://en.wikipedia.org/wiki/Catholic_Church_in_Honduras
https://en.wikipedia.org/wiki/Catholic_Church_in_Eritrea https://en.wikipedia.org/wiki/Catholic_Church_in_Jamaica
https://en.wikipedia.org/wiki/Catholic_Church_in_Eritrea https://en.wikipedia.org/wiki/Catholic_Church_in_Mexico
https://en.wikipedia.org/wiki/Catholic_Church_in_Eritrea https://en.wikipedia.org/wiki/Catholic_Church_in_Nicaragua
https://en.wikipedia.org/wiki/Catholic_Church_in_Eritrea https://en.wikipedia.org/wiki/Catholic_Church_in_Panama
https://en.wikipedia.org/wiki/Catholic_Church_in_Eritrea https://en.wikipedia.org/wiki/Catholic_Church_in_Trinidad_and_Tobago
https://en.wikipedia.org/wiki/Catholic_Church_in_Eritrea https://en.wikipedia.org/wiki/Catholic_Church_in_the_United_States
https://en.wikipedia.org/wiki/Catholic_Church_in_Eritrea https://en.wikipedia.org/wiki/Catholic_Church_in_Latin_America
https://en.wikipedia.org/wiki/Catholic_Church_in_Eritrea https://en.wikipedia.org/wiki/Catholic_Church_in_Argentina
https://en.wikipedia.org/wiki/Catholic_Church_in_Eritrea https://en.wikipedia.org/wiki/Catholic_Church_in_Brazil
https://en.wikipedia.org/wiki/Catholic_Church_in_Eritrea https://en.wikipedia.org/wiki/Catholic_Church_in_Chile
https://en.wikipedia.org/wiki/Catholic_Church_in_Eritrea https://en.wikipedia.org/wiki/Catholic_Church_in_Colombia
https://en.wikipedia.org/wiki/Catholic_Church_in_Eritrea https://en.wikipedia.org/wiki/Catholic_Church_in_Ecuador
https://en.wikipedia.org/wiki/Catholic_Church_in_Eritrea https://en.wikipedia.org/wiki/Catholic_Church_in_Guyana
https://en.wikipedia.org/wiki/Catholic_Church_in_Eritrea https://en.wikipedia.org/wiki/Catholic_Church_in_Paraguay
https://en.wikipedia.org/wiki/Catholic_Church_in_Eritrea https://en.wikipedia.org/wiki/Catholic_Church_in_Peru
https://en.wikipedia.org/wiki/Catholic_Church_in_Eritrea https://en.wikipedia.org/wiki/Catholic_Church_in_Suriname
https://en.wikipedia.org/wiki/Catholic_Church_in_Eritrea https://en.wikipedia.org/wiki/Catholic_Church_in_Oceania
https://en.wikipedia.org/wiki/Catholic_Church_in_Eritrea https://en.wikipedia.org/wiki/Catholic_Church_in_Australia
https://en.wikipedia.org/wiki/Catholic_Church_in_Eritrea https://en.wikipedia.org/wiki/Catholic_Church_in_East_Timor
https://en.wikipedia.org/wiki/Catholic_Church_in_Eritrea https://en.wikipedia.org/wiki/Catholic_Church_in_Fiji
https://en.wikipedia.org/wiki/Catholic_Church_in_Eritrea https://en.wikipedia.org/wiki/Catholic_Church_in_Kiribati
https://en.wikipedia.org/wiki/Catholic_Church_in_Eritrea https://en.wikipedia.org/wiki/Catholic_Church_in_the_Marshall_Islands
https://en.wikipedia.org/wiki/Catholic_Church_in_Eritrea https://en.wikipedia.org/wiki/Catholic_Church_in_the_Federated_States_of_Micronesia
https://en.wikipedia.org/wiki/Catholic_Church_in_Eritrea https://en.wikipedia.org/wiki/Catholic_Church_in_Nauru
https://en.wikipedia.org/wiki/Catholic_Church_in_Eritrea https://en.wikipedia.org/wiki/Catholic_Church_in_New_Zealand
https://en.wikipedia.org/wiki/Catholic_Church_in_Eritrea https://en.wikipedia.org/wiki/Catholic_Church_in_Palau
https://en.wikipedia.org/wiki/Catholic_Church_in_Eritrea https://en.wikipedia.org/wiki/Catholic_Church_in_Papua_New_Guinea
https://en.wikipedia.org/wiki/Catholic_Church_in_Eritrea https://en.wikipedia.org/wiki/Catholic_Church_in_Samoa
https://en.wikipedia.org/wiki/Catholic_Church_in_Eritrea https://en.wikipedia.org/wiki/Catholic_Church_in_Tonga
https://en.wikipedia.org/wiki/Catholic_Church_in_Eritrea https://en.wikipedia.org/wiki/Catholic_Church_in_Tuvalu
https://en.wikipedia.org/wiki/Catholic_Church_in_Eritrea https://en.wikipedia.org/wiki/Catholic_Church_in_Vanuatu
https://en.wikipedia.org/wiki/Catholic_Church_in_Eritrea https://en.wikipedia.org/wiki/Particular_church
https://en.wikipedia.org/wiki/Catholic_Church_in_Eritrea https://en.wikipedia.org/wiki/Eritrea
https://en.wikipedia.org/wiki/Catholic_Church_in_Eritrea https://en.wikipedia.org/wiki/Eritrean_Orthodox_Tewahedo_Church
https://en.wikipedia.org/wiki/Catholic_Church_in_Eritrea https://en.wikipedia.org/wiki/Oriental_Orthodox
https://en.wikipedia.org/wiki/Catholic_Church_in_Eritrea https://en.wikipedia.org/wiki/Christianity
https://en.wikipedia.org/wiki/Catholic_Church_in_Eritrea https://en.wikipedia.org/wiki/Semitic_languages
https://en.wikipedia.org/wiki/Catholic_Church_in_Eritrea https://en.wikipedia.org/wiki/Coptic_Orthodox_Church_of_Alexandria
https://en.wikipedia.org/wiki/Catholic_Church_in_Eritrea https://en.wikipedia.org/wiki/Giustino_de_Jacobis
https://en.wikipedia.org/wiki/Catholic_Church_in_Eritrea https://en.wikipedia.org/wiki/Congregation_of_the_Mission
https://en.wikipedia.org/wiki/Catholic_Church_in_Eritrea https://en.wikipedia.org/wiki/Roman_rite
https://en.wikipedia.org/wiki/Catholic_Church_in_Eritrea https://en.wikipedia.org/wiki/Latin
https://en.wikipedia.org/wiki/Catholic_Church_in_Eritrea https://en.wikipedia.org/wiki/Battle_of_Halai
https://en.wikipedia.org/wiki/Catholic_Church_in_Eritrea https://en.wikipedia.org/wiki/Debub_Region
https://en.wikipedia.org/wiki/Catholic_Church_in_Eritrea https://en.wikipedia.org/wiki/Kingdom_of_Italy
https://en.wikipedia.org/wiki/Catholic_Church_in_Eritrea https://en.wikipedia.org/wiki/Apostolic_Prefecture_of_Eritrea
https://en.wikipedia.org/wiki/Catholic_Church_in_Eritrea https://en.wikipedia.org/wiki/Order_of_Friars_Minor_Capuchin
https://en.wikipedia.org/wiki/Catholic_Church_in_Eritrea https://en.wikipedia.org/wiki/French_people
https://en.wikipedia.org/wiki/Catholic_Church_in_Eritrea https://en.wikipedia.org/wiki/Eastern_Orthodox_Church
https://en.wikipedia.org/wiki/Catholic_Church_in_Eritrea https://en.wikipedia.org/wiki/Patriarchate_of_Alexandria
https://en.wikipedia.org/wiki/Catholic_Church_in_Eritrea https://en.wikipedia.org/wiki/Ethiopian_Orthodox_Tewahedo_Church
https://en.wikipedia.org/wiki/Catholic_Church_in_Eritrea https://en.wikipedia.org/wiki/Apostolic_Vicariate_of_Eritrea
https://en.wikipedia.org/wiki/Catholic_Church_in_Eritrea https://en.wikipedia.org/wiki/Ordinariate_for_Eastern_Catholic_faithful
https://en.wikipedia.org/wiki/Catholic_Church_in_Eritrea https://en.wikipedia.org/wiki/Thibaris
https://en.wikipedia.org/wiki/Catholic_Church_in_Eritrea https://en.wikipedia.org/wiki/Roman_Colleges#Collegio_Etiopico
https://en.wikipedia.org/wiki/Catholic_Church_in_Eritrea https://en.wikipedia.org/wiki/Italian_East_Africa
https://en.wikipedia.org/wiki/Catholic_Church_in_Eritrea https://en.wikipedia.org/wiki/Second_World_War
https://en.wikipedia.org/wiki/Catholic_Church_in_Eritrea https://en.wikipedia.org/wiki/Exarchate
https://en.wikipedia.org/wiki/Catholic_Church_in_Eritrea https://en.wikipedia.org/wiki/Ethiopian_Catholic_Archeparchy_of_Addis_Abeba
https://en.wikipedia.org/wiki/Catholic_Church_in_Eritrea https://en.wikipedia.org/wiki/Ethiopian_Catholic_Eparchy_of_Adigrat
https://en.wikipedia.org/wiki/Catholic_Church_in_Eritrea https://en.wikipedia.org/wiki/Eritrean_War_of_Independence
https://en.wikipedia.org/wiki/Catholic_Church_in_Eritrea https://en.wikipedia.org/wiki/Pope_John_Paul_II
https://en.wikipedia.org/wiki/Catholic_Church_in_Eritrea https://en.wikipedia.org/wiki/Keren,_Eritrea
https://en.wikipedia.org/wiki/Catholic_Church_in_Eritrea https://en.wikipedia.org/wiki/Barentu,_Eritrea
https://en.wikipedia.org/wiki/Catholic_Church_in_Eritrea https://en.wikipedia.org/wiki/Segheneyti
https://en.wikipedia.org/wiki/Catholic_Church_in_Eritrea https://en.wikipedia.org/wiki/Diocese
https://en.wikipedia.org/wiki/Catholic_Church_in_Eritrea https://en.wikipedia.org/wiki/Eritrean_Catholic_Eparchy_of_Barentu
https://en.wikipedia.org/wiki/Catholic_Church_in_Eritrea https://en.wikipedia.org/wiki/Kunama_people
https://en.wikipedia.org/wiki/Catholic_Church_in_Eritrea https://en.wikipedia.org/wiki/Eritrean_Catholic_Eparchy_of_Keren
https://en.wikipedia.org/wiki/Catholic_Church_in_Eritrea https://en.wikipedia.org/wiki/Eritrean_Catholic_Eparchy_of_Segheneyti
https://en.wikipedia.org/wiki/Catholic_Church_in_Eritrea https://en.wikipedia.org/wiki/Tigrinya_language
https://en.wikipedia.org/wiki/Catholic_Church_in_Eritrea https://en.wikipedia.org/wiki/WikiLeaks
https://en.wikipedia.org/wiki/Catholic_Church_in_Eritrea https://en.wikipedia.org/wiki/Christianity_in_Eritrea
https://en.wikipedia.org/wiki/Catholic_Church_in_Eritrea https://en.wikipedia.org/wiki/Religion_in_Eritrea
https://en.wikipedia.org/wiki/Catholic_Church_in_Eritrea https://en.wikipedia.org/wiki/List_of_saints_from_Africa
https://en.wikipedia.org/wiki/Catholic_Church_in_Eritrea https://en.wikipedia.org/wiki/International_Standard_Book_Number
https://en.wikipedia.org/wiki/Catholic_Church_in_Eritrea https://en.wikipedia.org/wiki/Apostolic_Constitution
https://en.wikipedia.org/wiki/Catholic_Church_in_Eritrea https://en.wikipedia.org/wiki/Papal_bull
https://en.wikipedia.org/wiki/Catholic_Church_in_Eritrea https://en.wikipedia.org/wiki/Wayback_Machine
https://en.wikipedia.org/wiki/Catholic_Church_in_Eritrea https://en.wikipedia.org/wiki/Index_of_Catholic_Church_articles
https://en.wikipedia.org/wiki/Catholic_Church_in_Eritrea https://en.wikipedia.org/wiki/Outline_of_the_Catholic_Church
https://en.wikipedia.org/wiki/Catholic_Church_in_Eritrea https://en.wikipedia.org/wiki/Lists_of_Catholics
https://en.wikipedia.org/wiki/Catholic_Church_in_Eritrea https://en.wikipedia.org/wiki/History_of_the_Catholic_Church
https://en.wikipedia.org/wiki/Catholic_Church_in_Eritrea https://en.wikipedia.org/wiki/Timeline_of_the_Catholic_Church
https://en.wikipedia.org/wiki/Catholic_Church_in_Eritrea https://en.wikipedia.org/wiki/Ecclesiastical_history_of_the_Catholic_Church
https://en.wikipedia.org/wiki/Catholic_Church_in_Eritrea https://en.wikipedia.org/wiki/Legal_history_of_the_Catholic_Church
https://en.wikipedia.org/wiki/Catholic_Church_in_Eritrea https://en.wikipedia.org/wiki/Early_Christianity
https://en.wikipedia.org/wiki/Catholic_Church_in_Eritrea https://en.wikipedia.org/wiki/Jesus_in_Christianity
https://en.wikipedia.org/wiki/Catholic_Church_in_Eritrea https://en.wikipedia.org/wiki/Ministry_of_Jesus
https://en.wikipedia.org/wiki/Catholic_Church_in_Eritrea https://en.wikipedia.org/wiki/Crucifixion_of_Jesus
https://en.wikipedia.org/wiki/Catholic_Church_in_Eritrea https://en.wikipedia.org/wiki/Resurrection_of_Jesus
https://en.wikipedia.org/wiki/Catholic_Church_in_Eritrea https://en.wikipedia.org/wiki/Great_Commission
https://en.wikipedia.org/wiki/Catholic_Church_in_Eritrea https://en.wikipedia.org/wiki/Apostles
https://en.wikipedia.org/wiki/Catholic_Church_in_Eritrea https://en.wikipedia.org/wiki/Apostolic_succession
https://en.wikipedia.org/wiki/Catholic_Church_in_Eritrea https://en.wikipedia.org/wiki/Primacy_of_Peter
https://en.wikipedia.org/wiki/Catholic_Church_in_Eritrea https://en.wikipedia.org/wiki/Apostolic_fathers
https://en.wikipedia.org/wiki/Catholic_Church_in_Eritrea https://en.wikipedia.org/wiki/Church_fathers
https://en.wikipedia.org/wiki/Catholic_Church_in_Eritrea https://en.wikipedia.org/wiki/History_of_the_papacy
https://en.wikipedia.org/wiki/Catholic_Church_in_Eritrea https://en.wikipedia.org/wiki/Historical_development_of_the_doctrine_of_papal_primacy
https://en.wikipedia.org/wiki/Catholic_Church_in_Eritrea https://en.wikipedia.org/wiki/Great_Church
https://en.wikipedia.org/wiki/Catholic_Church_in_Eritrea https://en.wikipedia.org/wiki/History_of_early_Christianity
https://en.wikipedia.org/wiki/Catholic_Church_in_Eritrea https://en.wikipedia.org/wiki/Constantine_the_Great_and_Christianity
https://en.wikipedia.org/wiki/Catholic_Church_in_Eritrea https://en.wikipedia.org/wiki/First_seven_ecumenical_councils
https://en.wikipedia.org/wiki/Catholic_Church_in_Eritrea https://en.wikipedia.org/wiki/First_Council_of_Nicaea
https://en.wikipedia.org/wiki/Catholic_Church_in_Eritrea https://en.wikipedia.org/wiki/Christianity_in_late_antiquity
https://en.wikipedia.org/wiki/Catholic_Church_in_Eritrea https://en.wikipedia.org/wiki/Development_of_the_Christian_biblical_canon
https://en.wikipedia.org/wiki/Catholic_Church_in_Eritrea https://en.wikipedia.org/wiki/Christian_monasticism
https://en.wikipedia.org/wiki/Catholic_Church_in_Eritrea https://en.wikipedia.org/wiki/Middle_Ages
https://en.wikipedia.org/wiki/Catholic_Church_in_Eritrea https://en.wikipedia.org/wiki/Early_Muslim_conquests
https://en.wikipedia.org/wiki/Catholic_Church_in_Eritrea https://en.wikipedia.org/wiki/Pope_Gregory_I
https://en.wikipedia.org/wiki/Catholic_Church_in_Eritrea https://en.wikipedia.org/wiki/Papal_States
https://en.wikipedia.org/wiki/Catholic_Church_in_Eritrea https://en.wikipedia.org/wiki/East%E2%80%93West_Schism
https://en.wikipedia.org/wiki/Catholic_Church_in_Eritrea https://en.wikipedia.org/wiki/Crusades
https://en.wikipedia.org/wiki/Catholic_Church_in_Eritrea https://en.wikipedia.org/wiki/Investiture_Controversy
https://en.wikipedia.org/wiki/Catholic_Church_in_Eritrea https://en.wikipedia.org/wiki/Western_Schism
https://en.wikipedia.org/wiki/Catholic_Church_in_Eritrea https://en.wikipedia.org/wiki/Inquisition
https://en.wikipedia.org/wiki/Catholic_Church_in_Eritrea https://en.wikipedia.org/wiki/Scholasticism
https://en.wikipedia.org/wiki/Catholic_Church_in_Eritrea https://en.wikipedia.org/wiki/Catholic_Church_and_the_Age_of_Discovery
https://en.wikipedia.org/wiki/Catholic_Church_in_Eritrea https://en.wikipedia.org/wiki/Modern_era
https://en.wikipedia.org/wiki/Catholic_Church_in_Eritrea https://en.wikipedia.org/wiki/Reformation
https://en.wikipedia.org/wiki/Catholic_Church_in_Eritrea https://en.wikipedia.org/wiki/Counter-Reformation
https://en.wikipedia.org/wiki/Catholic_Church_in_Eritrea https://en.wikipedia.org/wiki/Council_of_Trent
https://en.wikipedia.org/wiki/Catholic_Church_in_Eritrea https://en.wikipedia.org/wiki/Thirty_Years%27_War
https://en.wikipedia.org/wiki/Catholic_Church_in_Eritrea https://en.wikipedia.org/wiki/Age_of_Enlightenment
https://en.wikipedia.org/wiki/Catholic_Church_in_Eritrea https://en.wikipedia.org/wiki/Dechristianization_of_France_during_the_French_Revolution
https://en.wikipedia.org/wiki/Catholic_Church_in_Eritrea https://en.wikipedia.org/wiki/Catholic_Church_and_Nazi_Germany
https://en.wikipedia.org/wiki/Catholic_Church_in_Eritrea https://en.wikipedia.org/wiki/Second_Vatican_Council
https://en.wikipedia.org/wiki/Catholic_Church_in_Eritrea https://en.wikipedia.org/wiki/Holy_See%E2%80%93Soviet_Union_relations
https://en.wikipedia.org/wiki/Catholic_Church_in_Eritrea https://en.wikipedia.org/wiki/Catholic_Church_sexual_abuse_cases
https://en.wikipedia.org/wiki/Catholic_Church_in_Eritrea https://en.wikipedia.org/wiki/Catholic_Church_and_Islam
https://en.wikipedia.org/wiki/Catholic_Church_in_Eritrea https://en.wikipedia.org/wiki/Catholic_theology
https://en.wikipedia.org/wiki/Catholic_Church_in_Eritrea https://en.wikipedia.org/wiki/Catholic_Bible
https://en.wikipedia.org/wiki/Catholic_Church_in_Eritrea https://en.wikipedia.org/wiki/Catholic_tradition
https://en.wikipedia.org/wiki/Catholic_Church_in_Eritrea https://en.wikipedia.org/wiki/Catechism_of_the_Catholic_Church
https://en.wikipedia.org/wiki/Catholic_Church_in_Eritrea https://en.wikipedia.org/wiki/Catholic_theology_of_the_body
https://en.wikipedia.org/wiki/Catholic_Church_in_Eritrea https://en.wikipedia.org/wiki/Divine_grace
https://en.wikipedia.org/wiki/Catholic_Church_in_Eritrea https://en.wikipedia.org/wiki/Dogma_in_the_Catholic_Church
https://en.wikipedia.org/wiki/Catholic_Church_in_Eritrea https://en.wikipedia.org/wiki/Original_sin
https://en.wikipedia.org/wiki/Catholic_Church_in_Eritrea https://en.wikipedia.org/wiki/Kingdom_of_God
https://en.wikipedia.org/wiki/Catholic_Church_in_Eritrea https://en.wikipedia.org/wiki/List_of_Catholic_saints
https://en.wikipedia.org/wiki/Catholic_Church_in_Eritrea https://en.wikipedia.org/wiki/Nicene_Creed
https://en.wikipedia.org/wiki/Catholic_Church_in_Eritrea https://en.wikipedia.org/wiki/Salvation
https://en.wikipedia.org/wiki/Catholic_Church_in_Eritrea https://en.wikipedia.org/wiki/Sermon_on_the_Mount
https://en.wikipedia.org/wiki/Catholic_Church_in_Eritrea https://en.wikipedia.org/wiki/Ten_Commandments_in_Catholic_theology
https://en.wikipedia.org/wiki/Catholic_Church_in_Eritrea https://en.wikipedia.org/wiki/Trinity
https://en.wikipedia.org/wiki/Catholic_Church_in_Eritrea https://en.wikipedia.org/wiki/Christian_worship
https://en.wikipedia.org/wiki/Catholic_Church_in_Eritrea https://en.wikipedia.org/wiki/Catholic_ecclesiology
https://en.wikipedia.org/wiki/Catholic_Church_in_Eritrea https://en.wikipedia.org/wiki/Communitas_perfecta
https://en.wikipedia.org/wiki/Catholic_Church_in_Eritrea https://en.wikipedia.org/wiki/Catholic_Church_and_ecumenism
https://en.wikipedia.org/wiki/Catholic_Church_in_Eritrea https://en.wikipedia.org/wiki/Four_Marks_of_the_Church
https://en.wikipedia.org/wiki/Catholic_Church_in_Eritrea https://en.wikipedia.org/wiki/Infallibility_of_the_Church
https://en.wikipedia.org/wiki/Catholic_Church_in_Eritrea https://en.wikipedia.org/wiki/Mystici_corporis_Christi
https://en.wikipedia.org/wiki/Catholic_Church_in_Eritrea https://en.wikipedia.org/wiki/One_true_church
https://en.wikipedia.org/wiki/Catholic_Church_in_Eritrea https://en.wikipedia.org/wiki/People_of_God
https://en.wikipedia.org/wiki/Catholic_Church_in_Eritrea https://en.wikipedia.org/wiki/Churches_Militant,_Penitent,_and_Triumphant
https://en.wikipedia.org/wiki/Catholic_Church_in_Eritrea https://en.wikipedia.org/wiki/Subsistit_in
https://en.wikipedia.org/wiki/Catholic_Church_in_Eritrea https://en.wikipedia.org/wiki/Sacraments_of_the_Catholic_Church
https://en.wikipedia.org/wiki/Catholic_Church_in_Eritrea https://en.wikipedia.org/wiki/Baptism_(Catholic_Church)
https://en.wikipedia.org/wiki/Catholic_Church_in_Eritrea https://en.wikipedia.org/wiki/Confirmation_in_the_Catholic_Church
https://en.wikipedia.org/wiki/Catholic_Church_in_Eritrea https://en.wikipedia.org/wiki/Eucharist_in_the_Catholic_Church
https://en.wikipedia.org/wiki/Catholic_Church_in_Eritrea https://en.wikipedia.org/wiki/Sacrament_of_Penance
https://en.wikipedia.org/wiki/Catholic_Church_in_Eritrea https://en.wikipedia.org/wiki/Anointing_of_the_Sick_in_the_Catholic_Church
https://en.wikipedia.org/wiki/Catholic_Church_in_Eritrea https://en.wikipedia.org/wiki/Last_rites
https://en.wikipedia.org/wiki/Catholic_Church_in_Eritrea https://en.wikipedia.org/wiki/Marriage_in_the_Catholic_Church
https://en.wikipedia.org/wiki/Catholic_Church_in_Eritrea https://en.wikipedia.org/wiki/Mariology_of_the_Catholic_Church
https://en.wikipedia.org/wiki/Catholic_Church_in_Eritrea https://en.wikipedia.org/wiki/Assumption_of_Mary
https://en.wikipedia.org/wiki/Catholic_Church_in_Eritrea https://en.wikipedia.org/wiki/History_of_Catholic_mariology
https://en.wikipedia.org/wiki/Catholic_Church_in_Eritrea https://en.wikipedia.org/wiki/Immaculate_Conception
https://en.wikipedia.org/wiki/Catholic_Church_in_Eritrea https://en.wikipedia.org/wiki/Mariology_of_the_popes
https://en.wikipedia.org/wiki/Catholic_Church_in_Eritrea https://en.wikipedia.org/wiki/Mariology_of_the_saints
https://en.wikipedia.org/wiki/Catholic_Church_in_Eritrea https://en.wikipedia.org/wiki/Theotokos
https://en.wikipedia.org/wiki/Catholic_Church_in_Eritrea https://en.wikipedia.org/wiki/Perpetual_virginity_of_Mary
https://en.wikipedia.org/wiki/Catholic_Church_in_Eritrea https://en.wikipedia.org/wiki/Veneration_of_Mary_in_the_Catholic_Church
https://en.wikipedia.org/wiki/Catholic_Church_in_Eritrea https://en.wikipedia.org/wiki/Josephology
https://en.wikipedia.org/wiki/Catholic_Church_in_Eritrea https://en.wikipedia.org/wiki/Christian_philosophy
https://en.wikipedia.org/wiki/Catholic_Church_in_Eritrea https://en.wikipedia.org/wiki/Natural_law
https://en.wikipedia.org/wiki/Catholic_Church_in_Eritrea https://en.wikipedia.org/wiki/Catholic_moral_theology
https://en.wikipedia.org/wiki/Catholic_Church_in_Eritrea https://en.wikipedia.org/wiki/Personalism_(Catholic)
https://en.wikipedia.org/wiki/Catholic_Church_in_Eritrea https://en.wikipedia.org/wiki/Catholic_social_teaching
https://en.wikipedia.org/wiki/Catholic_Church_in_Eritrea https://en.wikipedia.org/wiki/List_of_Catholic_philosophers_and_theologians
https://en.wikipedia.org/wiki/Catholic_Church_in_Eritrea https://en.wikipedia.org/wiki/Catholic_Church_and_science
https://en.wikipedia.org/wiki/Catholic_Church_in_Eritrea https://en.wikipedia.org/wiki/Catholic_Church_and_evolution
https://en.wikipedia.org/wiki/Catholic_Church_in_Eritrea https://en.wikipedia.org/wiki/Separation_of_church_and_state
https://en.wikipedia.org/wiki/Catholic_Church_in_Eritrea https://en.wikipedia.org/wiki/Relations_between_the_Catholic_Church_and_the_state
https://en.wikipedia.org/wiki/Catholic_Church_in_Eritrea https://en.wikipedia.org/wiki/Catholic_Church_and_politics
https://en.wikipedia.org/wiki/Catholic_Church_in_Eritrea https://en.wikipedia.org/wiki/Saint_(Catholic)
https://en.wikipedia.org/wiki/Catholic_Church_in_Eritrea https://en.wikipedia.org/wiki/Holy_Family
https://en.wikipedia.org/wiki/Catholic_Church_in_Eritrea https://en.wikipedia.org/wiki/Mary,_mother_of_Jesus
https://en.wikipedia.org/wiki/Catholic_Church_in_Eritrea https://en.wikipedia.org/wiki/Saint_Joseph
https://en.wikipedia.org/wiki/Catholic_Church_in_Eritrea https://en.wikipedia.org/wiki/Prophets_of_Christianity
https://en.wikipedia.org/wiki/Catholic_Church_in_Eritrea https://en.wikipedia.org/wiki/Archangel
https://en.wikipedia.org/wiki/Catholic_Church_in_Eritrea https://en.wikipedia.org/wiki/Christian_martyrs
https://en.wikipedia.org/wiki/Catholic_Church_in_Eritrea https://en.wikipedia.org/wiki/Church_Fathers
https://en.wikipedia.org/wiki/Catholic_Church_in_Eritrea https://en.wikipedia.org/wiki/Doctor_of_the_Church
https://en.wikipedia.org/wiki/Catholic_Church_in_Eritrea https://en.wikipedia.org/wiki/Four_Evangelists
https://en.wikipedia.org/wiki/Catholic_Church_in_Eritrea https://en.wikipedia.org/wiki/Confessor_of_the_Faith
https://en.wikipedia.org/wiki/Catholic_Church_in_Eritrea https://en.wikipedia.org/wiki/Disciple_(Christianity)
https://en.wikipedia.org/wiki/Catholic_Church_in_Eritrea https://en.wikipedia.org/wiki/Virgin_(title)
https://en.wikipedia.org/wiki/Catholic_Church_in_Eritrea https://en.wikipedia.org/wiki/Hierarchy_of_the_Catholic_Church
https://en.wikipedia.org/wiki/Catholic_Church_in_Eritrea https://en.wikipedia.org/wiki/Catholic_laity
https://en.wikipedia.org/wiki/Catholic_Church_in_Eritrea https://en.wikipedia.org/wiki/Order_of_precedence_in_the_Catholic_Church
https://en.wikipedia.org/wiki/Catholic_Church_in_Eritrea https://en.wikipedia.org/wiki/Synod_of_Bishops_in_the_Catholic_Church
https://en.wikipedia.org/wiki/Catholic_Church_in_Eritrea https://en.wikipedia.org/wiki/Pope_Emeritus
https://en.wikipedia.org/wiki/Catholic_Church_in_Eritrea https://en.wikipedia.org/wiki/List_of_popes
https://en.wikipedia.org/wiki/Catholic_Church_in_Eritrea https://en.wikipedia.org/wiki/Canon_law_of_the_Catholic_Church
https://en.wikipedia.org/wiki/Catholic_Church_in_Eritrea https://en.wikipedia.org/wiki/College_of_Cardinals
https://en.wikipedia.org/wiki/Catholic_Church_in_Eritrea https://en.wikipedia.org/wiki/Cardinal_(Catholic_Church)
https://en.wikipedia.org/wiki/Catholic_Church_in_Eritrea https://en.wikipedia.org/wiki/List_of_living_cardinals
https://en.wikipedia.org/wiki/Catholic_Church_in_Eritrea https://en.wikipedia.org/wiki/Roman_Curia
https://en.wikipedia.org/wiki/Catholic_Church_in_Eritrea https://en.wikipedia.org/wiki/Dicastery
https://en.wikipedia.org/wiki/Catholic_Church_in_Eritrea https://en.wikipedia.org/wiki/Index_of_Vatican_City-related_articles
https://en.wikipedia.org/wiki/Catholic_Church_in_Eritrea https://en.wikipedia.org/wiki/Outline_of_Vatican_City
https://en.wikipedia.org/wiki/Catholic_Church_in_Eritrea https://en.wikipedia.org/wiki/List_of_Catholic_dioceses_(structured_view)
https://en.wikipedia.org/wiki/Catholic_Church_in_Eritrea https://en.wikipedia.org/wiki/Episcopal_conference
https://en.wikipedia.org/wiki/Catholic_Church_in_Eritrea https://en.wikipedia.org/wiki/Bishop_in_the_Catholic_Church
https://en.wikipedia.org/wiki/Catholic_Church_in_Eritrea https://en.wikipedia.org/wiki/Major_archbishop
https://en.wikipedia.org/wiki/Catholic_Church_in_Eritrea https://en.wikipedia.org/wiki/Primate_(bishop)
https://en.wikipedia.org/wiki/Catholic_Church_in_Eritrea https://en.wikipedia.org/wiki/Archbishop
https://en.wikipedia.org/wiki/Catholic_Church_in_Eritrea https://en.wikipedia.org/wiki/Diocesan_bishop
https://en.wikipedia.org/wiki/Catholic_Church_in_Eritrea https://en.wikipedia.org/wiki/Coadjutor_bishop
https://en.wikipedia.org/wiki/Catholic_Church_in_Eritrea https://en.wikipedia.org/wiki/Auxiliary_bishop
https://en.wikipedia.org/wiki/Catholic_Church_in_Eritrea https://en.wikipedia.org/wiki/Bishop_in_the_Catholic_Church#Emeritus_bishop
https://en.wikipedia.org/wiki/Catholic_Church_in_Eritrea https://en.wikipedia.org/wiki/Parish_in_the_Catholic_Church
https://en.wikipedia.org/wiki/Catholic_Church_in_Eritrea https://en.wikipedia.org/wiki/Priesthood_in_the_Catholic_Church
https://en.wikipedia.org/wiki/Catholic_Church_in_Eritrea https://en.wikipedia.org/wiki/Deacon
https://en.wikipedia.org/wiki/Catholic_Church_in_Eritrea https://en.wikipedia.org/wiki/Consecrated_life
https://en.wikipedia.org/wiki/Catholic_Church_in_Eritrea https://en.wikipedia.org/wiki/Superior_(hierarchy)
https://en.wikipedia.org/wiki/Catholic_Church_in_Eritrea https://en.wikipedia.org/wiki/Abbot
https://en.wikipedia.org/wiki/Catholic_Church_in_Eritrea https://en.wikipedia.org/wiki/Abbess
https://en.wikipedia.org/wiki/Catholic_Church_in_Eritrea https://en.wikipedia.org/wiki/Superior_general
https://en.wikipedia.org/wiki/Catholic_Church_in_Eritrea https://en.wikipedia.org/wiki/Provincial_superior
https://en.wikipedia.org/wiki/Catholic_Church_in_Eritrea https://en.wikipedia.org/wiki/Prior
https://en.wikipedia.org/wiki/Catholic_Church_in_Eritrea https://en.wikipedia.org/wiki/Prioress
https://en.wikipedia.org/wiki/Catholic_Church_in_Eritrea https://en.wikipedia.org/wiki/Grand_Master_(order)
https://en.wikipedia.org/wiki/Catholic_Church_in_Eritrea https://en.wikipedia.org/wiki/Brother_(Christian)
https://en.wikipedia.org/wiki/Catholic_Church_in_Eritrea https://en.wikipedia.org/wiki/Friar
https://en.wikipedia.org/wiki/Catholic_Church_in_Eritrea https://en.wikipedia.org/wiki/Monk
https://en.wikipedia.org/wiki/Catholic_Church_in_Eritrea https://en.wikipedia.org/wiki/Religious_sister
https://en.wikipedia.org/wiki/Catholic_Church_in_Eritrea https://en.wikipedia.org/wiki/Nun#Distinction_between_a_nun_and_a_religious_sister
https://en.wikipedia.org/wiki/Catholic_Church_in_Eritrea https://en.wikipedia.org/wiki/Hermit
https://en.wikipedia.org/wiki/Catholic_Church_in_Eritrea https://en.wikipedia.org/wiki/Catholic_novitiate
https://en.wikipedia.org/wiki/Catholic_Church_in_Eritrea https://en.wikipedia.org/wiki/Master_of_novices
https://en.wikipedia.org/wiki/Catholic_Church_in_Eritrea https://en.wikipedia.org/wiki/Oblate
https://en.wikipedia.org/wiki/Catholic_Church_in_Eritrea https://en.wikipedia.org/wiki/Postulant
https://en.wikipedia.org/wiki/Catholic_Church_in_Eritrea https://en.wikipedia.org/wiki/Catholic_Church_in_Georgia
https://en.wikipedia.org/wiki/Catholic_Church_in_Eritrea https://en.wikipedia.org/wiki/Antiochene_Rite
https://en.wikipedia.org/wiki/Catholic_Church_in_Eritrea https://en.wikipedia.org/wiki/Anglican_Use
https://en.wikipedia.org/wiki/Catholic_Church_in_Eritrea https://en.wikipedia.org/wiki/Ambrosian_Rite
https://en.wikipedia.org/wiki/Catholic_Church_in_Eritrea https://en.wikipedia.org/wiki/Mozarabic_Rite
https://en.wikipedia.org/wiki/Catholic_Church_in_Eritrea https://en.wikipedia.org/wiki/Roman_Rite
https://en.wikipedia.org/wiki/Catholic_Church_in_Eritrea https://en.wikipedia.org/wiki/Malankara_Rite
https://en.wikipedia.org/wiki/Catholic_Church_in_Eritrea https://en.wikipedia.org/wiki/Catholic_art
https://en.wikipedia.org/wiki/Catholic_Church_in_Eritrea https://en.wikipedia.org/wiki/List_of_Catholic_artists
https://en.wikipedia.org/wiki/Catholic_Church_in_Eritrea https://en.wikipedia.org/wiki/List_of_Catholic_authors
https://en.wikipedia.org/wiki/Catholic_Church_in_Eritrea https://en.wikipedia.org/wiki/Lists_of_Catholic_church_buildings
https://en.wikipedia.org/wiki/Catholic_Church_in_Eritrea https://en.wikipedia.org/wiki/Altarpiece
https://en.wikipedia.org/wiki/Catholic_Church_in_Eritrea https://en.wikipedia.org/wiki/Vatican_Library
https://en.wikipedia.org/wiki/Catholic_Church_in_Eritrea https://en.wikipedia.org/wiki/Vatican_Museums
https://en.wikipedia.org/wiki/Catholic_Church_in_Eritrea https://en.wikipedia.org/wiki/Orders,_decorations,_and_medals_of_the_Holy_See
https://en.wikipedia.org/wiki/Catholic_Church_in_Eritrea https://en.wikipedia.org/wiki/Role_of_Christianity_in_civilization
https://en.wikipedia.org/wiki/Catholic_Church_in_Eritrea https://en.wikipedia.org/wiki/Criticism_of_the_Catholic_Church
https://en.wikipedia.org/wiki/Catholic_Church_in_Eritrea https://en.wikipedia.org/wiki/Anti-Catholicism
https://en.wikipedia.org/wiki/Catholic_Church_in_Eritrea https://en.wikipedia.org/wiki/Acta_Apostolicae_Sedis
https://en.wikipedia.org/wiki/Catholic_Church_in_Eritrea https://en.wikipedia.org/wiki/News.va
https://en.wikipedia.org/wiki/Catholic_Church_in_Eritrea https://en.wikipedia.org/wiki/L%27Osservatore_Romano
https://en.wikipedia.org/wiki/Catholic_Church_in_Eritrea https://en.wikipedia.org/wiki/Vatican_Radio
https://en.wikipedia.org/wiki/Catholic_Church_in_Eritrea https://en.wikipedia.org/wiki/Vatican_Media
https://en.wikipedia.org/wiki/Catholic_Church_in_Eritrea https://en.wikipedia.org/wiki/Octava_Dies
https://en.wikipedia.org/wiki/Catholic_Church_in_Eritrea https://en.wikipedia.org/wiki/EWTN
https://en.wikipedia.org/wiki/Catholic_Church_in_Eritrea https://en.wikipedia.org/wiki/National_Catholic_Register
https://en.wikipedia.org/wiki/Catholic_Church_in_Eritrea https://en.wikipedia.org/wiki/The_Catholic_Herald
https://en.wikipedia.org/wiki/Catholic_Church_in_Eritrea https://en.wikipedia.org/wiki/La_Croix
https://en.wikipedia.org/wiki/Catholic_Church_in_Eritrea https://en.wikipedia.org/wiki/The_Tablet
https://en.wikipedia.org/wiki/Catholic_Church_in_Eritrea https://en.wikipedia.org/wiki/Religious_institute
https://en.wikipedia.org/wiki/Catholic_Church_in_Eritrea https://en.wikipedia.org/wiki/Catholic_religious_order
https://en.wikipedia.org/wiki/Catholic_Church_in_Eritrea https://en.wikipedia.org/wiki/Society_of_apostolic_life
https://en.wikipedia.org/wiki/Catholic_Church_in_Eritrea https://en.wikipedia.org/wiki/Assumptionists
https://en.wikipedia.org/wiki/Catholic_Church_in_Eritrea https://en.wikipedia.org/wiki/Order_of_the_Annunciation_of_the_Blessed_Virgin_Mary
https://en.wikipedia.org/wiki/Catholic_Church_in_Eritrea https://en.wikipedia.org/wiki/Augustinians
https://en.wikipedia.org/wiki/Catholic_Church_in_Eritrea https://en.wikipedia.org/wiki/Order_of_Saint_Basil_the_Great
https://en.wikipedia.org/wiki/Catholic_Church_in_Eritrea https://en.wikipedia.org/wiki/Benedictines
https://en.wikipedia.org/wiki/Catholic_Church_in_Eritrea https://en.wikipedia.org/wiki/Bethlehemites
https://en.wikipedia.org/wiki/Catholic_Church_in_Eritrea https://en.wikipedia.org/wiki/Order_of_the_Most_Holy_Annunciation
https://en.wikipedia.org/wiki/Catholic_Church_in_Eritrea https://en.wikipedia.org/wiki/Camaldolese
https://en.wikipedia.org/wiki/Catholic_Church_in_Eritrea https://en.wikipedia.org/wiki/Camillians
https://en.wikipedia.org/wiki/Catholic_Church_in_Eritrea https://en.wikipedia.org/wiki/Carmelites
https://en.wikipedia.org/wiki/Catholic_Church_in_Eritrea https://en.wikipedia.org/wiki/Carthusians
https://en.wikipedia.org/wiki/Catholic_Church_in_Eritrea https://en.wikipedia.org/wiki/Cistercians
https://en.wikipedia.org/wiki/Catholic_Church_in_Eritrea https://en.wikipedia.org/wiki/Poor_Clares
https://en.wikipedia.org/wiki/Catholic_Church_in_Eritrea https://en.wikipedia.org/wiki/Conceptionists
https://en.wikipedia.org/wiki/Catholic_Church_in_Eritrea https://en.wikipedia.org/wiki/Canons_Regular_of_the_Order_of_the_Holy_Cross
https://en.wikipedia.org/wiki/Catholic_Church_in_Eritrea https://en.wikipedia.org/wiki/Dominican_Order
https://en.wikipedia.org/wiki/Catholic_Church_in_Eritrea https://en.wikipedia.org/wiki/Franciscans
https://en.wikipedia.org/wiki/Catholic_Church_in_Eritrea https://en.wikipedia.org/wiki/Congregation_of_Our_Lady_of_Charity_of_the_Good_Shepherd
https://en.wikipedia.org/wiki/Catholic_Church_in_Eritrea https://en.wikipedia.org/wiki/Hieronymites
https://en.wikipedia.org/wiki/Catholic_Church_in_Eritrea https://en.wikipedia.org/wiki/Society_of_Jesus
https://en.wikipedia.org/wiki/Catholic_Church_in_Eritrea https://en.wikipedia.org/wiki/Order_of_the_Blessed_Virgin_Mary_of_Mercy
https://en.wikipedia.org/wiki/Catholic_Church_in_Eritrea https://en.wikipedia.org/wiki/Minim_(religious_order)
https://en.wikipedia.org/wiki/Catholic_Church_in_Eritrea https://en.wikipedia.org/wiki/Olivetans
https://en.wikipedia.org/wiki/Catholic_Church_in_Eritrea https://en.wikipedia.org/wiki/Oratory_of_Saint_Philip_Neri
https://en.wikipedia.org/wiki/Catholic_Church_in_Eritrea https://en.wikipedia.org/wiki/Piarists
https://en.wikipedia.org/wiki/Catholic_Church_in_Eritrea https://en.wikipedia.org/wiki/Premonstratensians
https://en.wikipedia.org/wiki/Catholic_Church_in_Eritrea https://en.wikipedia.org/wiki/Order_of_the_Most_Holy_Redeemer
https://en.wikipedia.org/wiki/Catholic_Church_in_Eritrea https://en.wikipedia.org/wiki/Servite_Order
https://en.wikipedia.org/wiki/Catholic_Church_in_Eritrea https://en.wikipedia.org/wiki/Theatines
https://en.wikipedia.org/wiki/Catholic_Church_in_Eritrea https://en.wikipedia.org/wiki/Trappists
https://en.wikipedia.org/wiki/Catholic_Church_in_Eritrea https://en.wikipedia.org/wiki/Trinitarian_Order
https://en.wikipedia.org/wiki/Catholic_Church_in_Eritrea https://en.wikipedia.org/wiki/Order_of_the_Visitation_of_Holy_Mary
https://en.wikipedia.org/wiki/Catholic_Church_in_Eritrea https://en.wikipedia.org/wiki/Directory_of_International_Associations_of_the_Faithful
https://en.wikipedia.org/wiki/Catholic_Church_in_Eritrea https://en.wikipedia.org/wiki/Fimcap
https://en.wikipedia.org/wiki/Catholic_Church_in_Eritrea https://en.wikipedia.org/wiki/International_Federation_of_Catholic_Universities
https://en.wikipedia.org/wiki/Catholic_Church_in_Eritrea https://en.wikipedia.org/wiki/Adolph_Kolping
https://en.wikipedia.org/wiki/Catholic_Church_in_Eritrea https://en.wikipedia.org/wiki/Schoenstatt_Apostolic_Movement
https://en.wikipedia.org/wiki/Catholic_Church_in_Eritrea https://en.wikipedia.org/wiki/International_Union_of_Catholic_Esperantists
https://en.wikipedia.org/wiki/Catholic_Church_in_Eritrea https://en.wikipedia.org/wiki/Community_of_Sant%27Egidio
https://en.wikipedia.org/wiki/Catholic_Church_in_Eritrea https://en.wikipedia.org/wiki/Catholic_charities
https://en.wikipedia.org/wiki/Catholic_Church_in_Eritrea https://en.wikipedia.org/wiki/Aid_to_the_Church_in_Need
https://en.wikipedia.org/wiki/Catholic_Church_in_Eritrea https://en.wikipedia.org/wiki/Caritas_Internationalis
https://en.wikipedia.org/wiki/Catholic_Church_in_Eritrea https://en.wikipedia.org/wiki/Catholic_Home_Missions
https://en.wikipedia.org/wiki/Catholic_Church_in_Eritrea https://en.wikipedia.org/wiki/Catholic_Relief_Services
https://en.wikipedia.org/wiki/Catholic_Church_in_Eritrea https://en.wikipedia.org/wiki/CIDSE
https://en.wikipedia.org/wiki/Catholic_Church_in_Eritrea https://en.wikipedia.org/wiki/Catholic_Church_and_health_care
https://en.wikipedia.org/wiki/Catholic_Church_in_Eritrea https://en.wikipedia.org/wiki/Catholic_school
https://en.wikipedia.org/wiki/Catholic_Church_in_Eritrea https://en.wikipedia.org/wiki/Catholic_higher_education
https://en.wikipedia.org/wiki/Catholic_Church_in_Eritrea https://en.wikipedia.org/wiki/Catholic_Church_in_Tunisia
https://en.wikipedia.org/wiki/Catholic_Church_in_Eritrea https://en.wikipedia.org/wiki/Catholic_Church_in_Uganda
https://en.wikipedia.org/wiki/Catholic_Church_in_Eritrea https://en.wikipedia.org/wiki/Catholic_Church_in_the_Sahrawi_Arab_Democratic_Republic
https://en.wikipedia.org/wiki/Catholic_Church_in_Eritrea https://en.wikipedia.org/wiki/Catholic_Church_in_Madeira
https://en.wikipedia.org/wiki/Catholic_Church_in_Eritrea https://en.wikipedia.org/wiki/Catholic_Church_in_Mayotte
https://en.wikipedia.org/wiki/Catholic_Church_in_Eritrea https://en.wikipedia.org/wiki/Catholic_Church_in_R%C3%A9union
https://en.wikipedia.org/wiki/Catholic_Church_in_Eritrea https://en.wikipedia.org/wiki/Catholic_Church_in_Saint_Helena
https://en.wikipedia.org/wiki/Catholic_Church_in_Eritrea https://en.wikipedia.org/wiki/Catholic_Church_in_Western_Sahara
