https://en.wikipedia.org/wiki/Daniel_O%27Brien,_3rd_Viscount_Clare https://en.wikipedia.org/wiki/Dutch_States_Army
https://en.wikipedia.org/wiki/Daniel_O%27Brien,_3rd_Viscount_Clare https://en.wikipedia.org/wiki/Sir_John_Fenwick,_3rd_Baronet
https://en.wikipedia.org/wiki/Daniel_O%27Brien,_3rd_Viscount_Clare https://en.wikipedia.org/wiki/Northumberland_Fusiliers
https://en.wikipedia.org/wiki/Daniel_O%27Brien,_3rd_Viscount_Clare https://en.wikipedia.org/wiki/War_of_the_Two_Kings
https://en.wikipedia.org/wiki/Daniel_O%27Brien,_3rd_Viscount_Clare https://en.wikipedia.org/wiki/Jacobitism
https://en.wikipedia.org/wiki/Daniel_O%27Brien,_3rd_Viscount_Clare https://en.wikipedia.org/wiki/Irish_Army_(Kingdom_of_Ireland)
https://en.wikipedia.org/wiki/Daniel_O%27Brien,_3rd_Viscount_Clare https://en.wikipedia.org/wiki/James_II_of_Ireland
https://en.wikipedia.org/wiki/Daniel_O%27Brien,_3rd_Viscount_Clare https://en.wikipedia.org/wiki/William_III_of_England
https://en.wikipedia.org/wiki/Daniel_O%27Brien,_3rd_Viscount_Clare https://en.wikipedia.org/wiki/Battle_of_the_Boyne
https://en.wikipedia.org/wiki/Daniel_O%27Brien,_3rd_Viscount_Clare https://en.wikipedia.org/wiki/Flight_of_the_Wild_Geese
https://en.wikipedia.org/wiki/Daniel_O%27Brien,_3rd_Viscount_Clare https://en.wikipedia.org/wiki/Thomas_Lennard,_1st_Earl_of_Sussex
https://en.wikipedia.org/wiki/Daniel_O%27Brien,_3rd_Viscount_Clare https://en.wikipedia.org/wiki/O%27Brien_dynasty
https://en.wikipedia.org/wiki/Daniel_O%27Brien,_3rd_Viscount_Clare https://en.wikipedia.org/wiki/High_Kings_of_Ireland
https://en.wikipedia.org/wiki/Daniel_O%27Brien,_3rd_Viscount_Clare https://en.wikipedia.org/wiki/Kingdom_of_Munster
https://en.wikipedia.org/wiki/Daniel_O%27Brien,_3rd_Viscount_Clare https://en.wikipedia.org/wiki/List_of_kings_of_Munster
https://en.wikipedia.org/wiki/Daniel_O%27Brien,_3rd_Viscount_Clare https://en.wikipedia.org/wiki/Thomond
https://en.wikipedia.org/wiki/Daniel_O%27Brien,_3rd_Viscount_Clare https://en.wikipedia.org/wiki/List_of_monarchs_of_Thomond
https://en.wikipedia.org/wiki/Daniel_O%27Brien,_3rd_Viscount_Clare https://en.wikipedia.org/wiki/Kingdom_of_Dublin
https://en.wikipedia.org/wiki/Daniel_O%27Brien,_3rd_Viscount_Clare https://en.wikipedia.org/wiki/Kingdom_of_the_Isles
https://en.wikipedia.org/wiki/Daniel_O%27Brien,_3rd_Viscount_Clare https://en.wikipedia.org/wiki/Earl_of_Thomond
https://en.wikipedia.org/wiki/Daniel_O%27Brien,_3rd_Viscount_Clare https://en.wikipedia.org/wiki/Baron_Inchiquin
https://en.wikipedia.org/wiki/Daniel_O%27Brien,_3rd_Viscount_Clare https://en.wikipedia.org/wiki/O%27Brien_baronets
https://en.wikipedia.org/wiki/Daniel_O%27Brien,_3rd_Viscount_Clare https://en.wikipedia.org/wiki/Composition_of_Connacht
https://en.wikipedia.org/wiki/Daniel_O%27Brien,_3rd_Viscount_Clare https://en.wikipedia.org/wiki/Brian_Boru
https://en.wikipedia.org/wiki/Daniel_O%27Brien,_3rd_Viscount_Clare https://en.wikipedia.org/wiki/Donnchad_mac_Briain
https://en.wikipedia.org/wiki/Daniel_O%27Brien,_3rd_Viscount_Clare https://en.wikipedia.org/wiki/Tadc_mac_Briain
https://en.wikipedia.org/wiki/Daniel_O%27Brien,_3rd_Viscount_Clare https://en.wikipedia.org/wiki/Toirdhealbhach_Ua_Briain
https://en.wikipedia.org/wiki/Daniel_O%27Brien,_3rd_Viscount_Clare https://en.wikipedia.org/wiki/Muircheartach_Ua_Briain
https://en.wikipedia.org/wiki/Daniel_O%27Brien,_3rd_Viscount_Clare https://en.wikipedia.org/wiki/Domnall_mac_Taidc
https://en.wikipedia.org/wiki/Daniel_O%27Brien,_3rd_Viscount_Clare https://en.wikipedia.org/wiki/Domnall_Gerrl%C3%A1mhach
https://en.wikipedia.org/wiki/Daniel_O%27Brien,_3rd_Viscount_Clare https://en.wikipedia.org/wiki/Diarmait_Ua_Briain
https://en.wikipedia.org/wiki/Daniel_O%27Brien,_3rd_Viscount_Clare https://en.wikipedia.org/wiki/Conchobar_Ua_Briain
https://en.wikipedia.org/wiki/Daniel_O%27Brien,_3rd_Viscount_Clare https://en.wikipedia.org/wiki/Bja%C3%B0munjo_M%C3%BDrjartaksd%C3%B3ttir
https://en.wikipedia.org/wiki/Daniel_O%27Brien,_3rd_Viscount_Clare https://en.wikipedia.org/wiki/Domhnall_M%C3%B3r_%C3%93_Briain
https://en.wikipedia.org/wiki/Daniel_O%27Brien,_3rd_Viscount_Clare https://en.wikipedia.org/wiki/Tadhg_Cael_Uisce_%C3%93_Briain
https://en.wikipedia.org/wiki/Daniel_O%27Brien,_3rd_Viscount_Clare https://en.wikipedia.org/wiki/Muircheartach_%C3%93_Briain
https://en.wikipedia.org/wiki/Daniel_O%27Brien,_3rd_Viscount_Clare https://en.wikipedia.org/wiki/Mathghamhain_Maonmhaighe_%C3%93_Briain
https://en.wikipedia.org/wiki/Daniel_O%27Brien,_3rd_Viscount_Clare https://en.wikipedia.org/wiki/Tadhg_an_Chomhaid_%C3%93_Briain
https://en.wikipedia.org/wiki/Daniel_O%27Brien,_3rd_Viscount_Clare https://en.wikipedia.org/wiki/Conchobhar_mac_Toirdhealbaig_%C3%93_Briain
https://en.wikipedia.org/wiki/Daniel_O%27Brien,_3rd_Viscount_Clare https://en.wikipedia.org/wiki/Murrough_O%27Brien,_1st_Earl_of_Thomond
https://en.wikipedia.org/wiki/Daniel_O%27Brien,_3rd_Viscount_Clare https://en.wikipedia.org/wiki/Donough_O%27Brien,_2nd_Earl_of_Thomond
https://en.wikipedia.org/wiki/Daniel_O%27Brien,_3rd_Viscount_Clare https://en.wikipedia.org/wiki/Connor_O%27Brien,_3rd_Earl_of_Thomond
https://en.wikipedia.org/wiki/Daniel_O%27Brien,_3rd_Viscount_Clare https://en.wikipedia.org/wiki/Donogh_O%27Brien,_4th_Earl_of_Thomond
https://en.wikipedia.org/wiki/Daniel_O%27Brien,_3rd_Viscount_Clare https://en.wikipedia.org/wiki/Henry_O%27Brien,_5th_Earl_of_Thomond
https://en.wikipedia.org/wiki/Daniel_O%27Brien,_3rd_Viscount_Clare https://en.wikipedia.org/wiki/Barnabas_O%27Brien,_6th_Earl_of_Thomond
https://en.wikipedia.org/wiki/Daniel_O%27Brien,_3rd_Viscount_Clare https://en.wikipedia.org/wiki/Henry_O%27Brien,_7th_Earl_of_Thomond
https://en.wikipedia.org/wiki/Daniel_O%27Brien,_3rd_Viscount_Clare https://en.wikipedia.org/wiki/Henry_O%27Brien,_Lord_Ibrackan
https://en.wikipedia.org/wiki/Daniel_O%27Brien,_3rd_Viscount_Clare https://en.wikipedia.org/wiki/Henry_O%27Brien,_8th_Earl_of_Thomond
https://en.wikipedia.org/wiki/Daniel_O%27Brien,_3rd_Viscount_Clare https://en.wikipedia.org/wiki/Daniel_O%27Brien,_1st_Viscount_Clare
https://en.wikipedia.org/wiki/Daniel_O%27Brien,_3rd_Viscount_Clare https://en.wikipedia.org/wiki/Charles_O%27Brien,_6th_Viscount_Clare
https://en.wikipedia.org/wiki/Daniel_O%27Brien,_3rd_Viscount_Clare https://en.wikipedia.org/wiki/Charles_O%27Brien,_7th_Viscount_Clare
https://en.wikipedia.org/wiki/Daniel_O%27Brien,_3rd_Viscount_Clare https://en.wikipedia.org/wiki/Dermod_O%27Brien,_2nd_Baron_Inchiquin
https://en.wikipedia.org/wiki/Daniel_O%27Brien,_3rd_Viscount_Clare https://en.wikipedia.org/wiki/Murrough_McDermot_O%27Brien,_3rd_Baron_Inchiquin
https://en.wikipedia.org/wiki/Daniel_O%27Brien,_3rd_Viscount_Clare https://en.wikipedia.org/wiki/Murrough_O%27Brien,_4th_Baron_Inchiquin
https://en.wikipedia.org/wiki/Daniel_O%27Brien,_3rd_Viscount_Clare https://en.wikipedia.org/wiki/Dermod_O%27Brien,_5th_Baron_Inchiquin
https://en.wikipedia.org/wiki/Daniel_O%27Brien,_3rd_Viscount_Clare https://en.wikipedia.org/wiki/Murrough_O%27Brien,_1st_Earl_of_Inchiquin
https://en.wikipedia.org/wiki/Daniel_O%27Brien,_3rd_Viscount_Clare https://en.wikipedia.org/wiki/William_O%27Brien,_2nd_Earl_of_Inchiquin
https://en.wikipedia.org/wiki/Daniel_O%27Brien,_3rd_Viscount_Clare https://en.wikipedia.org/wiki/William_O%27Brien,_3rd_Earl_of_Inchiquin
https://en.wikipedia.org/wiki/Daniel_O%27Brien,_3rd_Viscount_Clare https://en.wikipedia.org/wiki/William_O%27Brien,_4th_Earl_of_Inchiquin
https://en.wikipedia.org/wiki/Daniel_O%27Brien,_3rd_Viscount_Clare https://en.wikipedia.org/wiki/James_O%27Brien_(1695%E2%80%931771)
https://en.wikipedia.org/wiki/Daniel_O%27Brien,_3rd_Viscount_Clare https://en.wikipedia.org/wiki/Edward_Dominic_O%27Brien
https://en.wikipedia.org/wiki/Daniel_O%27Brien,_3rd_Viscount_Clare https://en.wikipedia.org/wiki/Murrough_O%27Brien,_1st_Marquess_of_Thomond
https://en.wikipedia.org/wiki/Daniel_O%27Brien,_3rd_Viscount_Clare https://en.wikipedia.org/wiki/William_O%27Brien,_2nd_Marquess_of_Thomond
https://en.wikipedia.org/wiki/Daniel_O%27Brien,_3rd_Viscount_Clare https://en.wikipedia.org/wiki/James_O%27Brien,_3rd_Marquess_of_Thomond
https://en.wikipedia.org/wiki/Daniel_O%27Brien,_3rd_Viscount_Clare https://en.wikipedia.org/wiki/Sir_Donough_O%27Brien,_1st_Baronet
https://en.wikipedia.org/wiki/Daniel_O%27Brien,_3rd_Viscount_Clare https://en.wikipedia.org/wiki/Sir_Edward_O%27Brien,_2nd_Baronet
https://en.wikipedia.org/wiki/Daniel_O%27Brien,_3rd_Viscount_Clare https://en.wikipedia.org/wiki/Sir_Lucius_O%27Brien,_3rd_Baronet
https://en.wikipedia.org/wiki/Daniel_O%27Brien,_3rd_Viscount_Clare https://en.wikipedia.org/wiki/Sir_Edward_O%27Brien,_4th_Baronet
https://en.wikipedia.org/wiki/Daniel_O%27Brien,_3rd_Viscount_Clare https://en.wikipedia.org/wiki/William_Smith_O%27Brien
https://en.wikipedia.org/wiki/Daniel_O%27Brien,_3rd_Viscount_Clare https://en.wikipedia.org/wiki/Lucius_O%27Brien,_13th_Baron_Inchiquin
https://en.wikipedia.org/wiki/Daniel_O%27Brien,_3rd_Viscount_Clare https://en.wikipedia.org/wiki/Edward_O%27Brien,_14th_Baron_Inchiquin
https://en.wikipedia.org/wiki/Daniel_O%27Brien,_3rd_Viscount_Clare https://en.wikipedia.org/wiki/Lucius_O%27Brien,_15th_Baron_Inchiquin
https://en.wikipedia.org/wiki/Daniel_O%27Brien,_3rd_Viscount_Clare https://en.wikipedia.org/wiki/Donough_O%27Brien,_16th_Baron_Inchiquin
https://en.wikipedia.org/wiki/Daniel_O%27Brien,_3rd_Viscount_Clare https://en.wikipedia.org/wiki/Phaedrig_O%27Brien,_17th_Baron_Inchiquin
https://en.wikipedia.org/wiki/Daniel_O%27Brien,_3rd_Viscount_Clare https://en.wikipedia.org/wiki/Conor_Myles_John_O%27Brien,_18th_Baron_Inchiquin
https://en.wikipedia.org/wiki/Daniel_O%27Brien,_3rd_Viscount_Clare https://en.wikipedia.org/wiki/County_Clare
https://en.wikipedia.org/wiki/Daniel_O%27Brien,_3rd_Viscount_Clare https://en.wikipedia.org/wiki/County_Limerick
https://en.wikipedia.org/wiki/Daniel_O%27Brien,_3rd_Viscount_Clare https://en.wikipedia.org/wiki/Dromoland_Castle
https://en.wikipedia.org/wiki/Daniel_O%27Brien,_3rd_Viscount_Clare https://en.wikipedia.org/wiki/MacMahon
https://en.wikipedia.org/wiki/Daniel_O%27Brien,_3rd_Viscount_Clare https://en.wikipedia.org/wiki/MacConsidine
https://en.wikipedia.org/wiki/Daniel_O%27Brien,_3rd_Viscount_Clare https://en.wikipedia.org/wiki/Lysaght_(disambiguation)
https://en.wikipedia.org/wiki/Daniel_O%27Brien,_3rd_Viscount_Clare https://en.wikipedia.org/wiki/O%27Crotty
https://en.wikipedia.org/wiki/Daniel_O%27Brien,_3rd_Viscount_Clare https://en.wikipedia.org/wiki/Viscount
https://en.wikipedia.org/wiki/Daniel_O%27Brien,_3rd_Viscount_Clare https://en.wikipedia.org/wiki/Viscountess
