https://en.wikipedia.org/wiki/Dennis_McCauley https://en.wikipedia.org/wiki/Billerica,_Massachusetts
https://en.wikipedia.org/wiki/Dennis_McCauley https://en.wikipedia.org/wiki/Massachusetts
https://en.wikipedia.org/wiki/Dennis_McCauley https://en.wikipedia.org/wiki/U.S.
https://en.wikipedia.org/wiki/Dennis_McCauley https://en.wikipedia.org/wiki/Position_(ice_hockey)
https://en.wikipedia.org/wiki/Dennis_McCauley https://en.wikipedia.org/wiki/Forward_(ice_hockey)
https://en.wikipedia.org/wiki/Dennis_McCauley https://en.wikipedia.org/wiki/Shot_(ice_hockey)
https://en.wikipedia.org/wiki/Dennis_McCauley https://en.wikipedia.org/wiki/National_Hockey_League
https://en.wikipedia.org/wiki/Dennis_McCauley https://en.wikipedia.org/wiki/Prospect_(sports)
https://en.wikipedia.org/wiki/Dennis_McCauley https://en.wikipedia.org/wiki/NHL_Entry_Draft
https://en.wikipedia.org/wiki/Dennis_McCauley https://en.wikipedia.org/wiki/United_States
https://en.wikipedia.org/wiki/Dennis_McCauley https://en.wikipedia.org/wiki/Ice_hockey
https://en.wikipedia.org/wiki/Dennis_McCauley https://en.wikipedia.org/wiki/International_Standard_Book_Number
