https://en.wikipedia.org/wiki/Faculty_of_History,_University_of_Oxford https://en.wikipedia.org/wiki/Regius_Professor_of_Modern_History_(Oxford)
https://en.wikipedia.org/wiki/Faculty_of_History,_University_of_Oxford https://en.wikipedia.org/wiki/Humanities_Division,_University_of_Oxford
https://en.wikipedia.org/wiki/Faculty_of_History,_University_of_Oxford https://en.wikipedia.org/wiki/City_of_Oxford_High_School_for_Boys
https://en.wikipedia.org/wiki/Faculty_of_History,_University_of_Oxford https://en.wikipedia.org/wiki/George_Street,_Oxford
https://en.wikipedia.org/wiki/Faculty_of_History,_University_of_Oxford https://en.wikipedia.org/wiki/Indian_Institute
https://en.wikipedia.org/wiki/Faculty_of_History,_University_of_Oxford https://en.wikipedia.org/wiki/Catte_Street
https://en.wikipedia.org/wiki/Faculty_of_History,_University_of_Oxford https://en.wikipedia.org/wiki/Centre_for_the_History_of_Childhood
https://en.wikipedia.org/wiki/Faculty_of_History,_University_of_Oxford https://en.wikipedia.org/wiki/Martin_Biddle
https://en.wikipedia.org/wiki/Faculty_of_History,_University_of_Oxford https://en.wikipedia.org/wiki/John_Blair_(historian)
https://en.wikipedia.org/wiki/Faculty_of_History,_University_of_Oxford https://en.wikipedia.org/wiki/Judith_M._Brown
https://en.wikipedia.org/wiki/Faculty_of_History,_University_of_Oxford https://en.wikipedia.org/wiki/Averil_Cameron
https://en.wikipedia.org/wiki/Faculty_of_History,_University_of_Oxford https://en.wikipedia.org/wiki/Richard_Carwardine
https://en.wikipedia.org/wiki/Faculty_of_History,_University_of_Oxford https://en.wikipedia.org/wiki/Thomas_Charles-Edwards
https://en.wikipedia.org/wiki/Faculty_of_History,_University_of_Oxford https://en.wikipedia.org/wiki/Barry_Cunliffe
https://en.wikipedia.org/wiki/Faculty_of_History,_University_of_Oxford https://en.wikipedia.org/wiki/Robert_John_Weston_Evans
https://en.wikipedia.org/wiki/Faculty_of_History,_University_of_Oxford https://en.wikipedia.org/wiki/R._F._Foster_(historian)
https://en.wikipedia.org/wiki/Faculty_of_History,_University_of_Oxford https://en.wikipedia.org/wiki/Timothy_Garton_Ash
https://en.wikipedia.org/wiki/Faculty_of_History,_University_of_Oxford https://en.wikipedia.org/wiki/Robert_Gildea
https://en.wikipedia.org/wiki/Faculty_of_History,_University_of_Oxford https://en.wikipedia.org/wiki/Pekka_Hamalainen_(historian)
https://en.wikipedia.org/wiki/Faculty_of_History,_University_of_Oxford https://en.wikipedia.org/wiki/Brian_Harrison_(historian)
https://en.wikipedia.org/wiki/Faculty_of_History,_University_of_Oxford https://en.wikipedia.org/wiki/Peter_Harrison_(historian)
https://en.wikipedia.org/wiki/Faculty_of_History,_University_of_Oxford https://en.wikipedia.org/wiki/Felicity_Heal
https://en.wikipedia.org/wiki/Faculty_of_History,_University_of_Oxford https://en.wikipedia.org/wiki/Daniel_Walker_Howe
https://en.wikipedia.org/wiki/Faculty_of_History,_University_of_Oxford https://en.wikipedia.org/wiki/Robin_Kelley
https://en.wikipedia.org/wiki/Faculty_of_History,_University_of_Oxford https://en.wikipedia.org/wiki/Martin_Kemp_(art_historian)
https://en.wikipedia.org/wiki/Faculty_of_History,_University_of_Oxford https://en.wikipedia.org/wiki/Yasmin_Khan
https://en.wikipedia.org/wiki/Faculty_of_History,_University_of_Oxford https://en.wikipedia.org/wiki/Alan_Knight_(historian)
https://en.wikipedia.org/wiki/Faculty_of_History,_University_of_Oxford https://en.wikipedia.org/wiki/Paul_Langford
https://en.wikipedia.org/wiki/Faculty_of_History,_University_of_Oxford https://en.wikipedia.org/wiki/Colin_Lucas
https://en.wikipedia.org/wiki/Faculty_of_History,_University_of_Oxford https://en.wikipedia.org/wiki/Diarmaid_MacCulloch
https://en.wikipedia.org/wiki/Faculty_of_History,_University_of_Oxford https://en.wikipedia.org/wiki/Margaret_MacMillan
https://en.wikipedia.org/wiki/Faculty_of_History,_University_of_Oxford https://en.wikipedia.org/wiki/Henry_Mayr-Harting
https://en.wikipedia.org/wiki/Faculty_of_History,_University_of_Oxford https://en.wikipedia.org/wiki/Avner_Offer
https://en.wikipedia.org/wiki/Faculty_of_History,_University_of_Oxford https://en.wikipedia.org/wiki/Francis_Robinson
https://en.wikipedia.org/wiki/Faculty_of_History,_University_of_Oxford https://en.wikipedia.org/wiki/Lyndal_Roper
https://en.wikipedia.org/wiki/Faculty_of_History,_University_of_Oxford https://en.wikipedia.org/wiki/George_Rousseau
https://en.wikipedia.org/wiki/Faculty_of_History,_University_of_Oxford https://en.wikipedia.org/wiki/Robert_Service_(historian)
https://en.wikipedia.org/wiki/Faculty_of_History,_University_of_Oxford https://en.wikipedia.org/wiki/Richard_Sharpe_(historian)
https://en.wikipedia.org/wiki/Faculty_of_History,_University_of_Oxford https://en.wikipedia.org/wiki/Paul_Slack
https://en.wikipedia.org/wiki/Faculty_of_History,_University_of_Oxford https://en.wikipedia.org/wiki/Hew_Strachan
https://en.wikipedia.org/wiki/Faculty_of_History,_University_of_Oxford https://en.wikipedia.org/wiki/Keith_Thomas_(historian)
https://en.wikipedia.org/wiki/Faculty_of_History,_University_of_Oxford https://en.wikipedia.org/wiki/Christopher_Wickham
https://en.wikipedia.org/wiki/Faculty_of_History,_University_of_Oxford https://en.wikipedia.org/wiki/Blair_Worden
https://en.wikipedia.org/wiki/Faculty_of_History,_University_of_Oxford https://en.wikipedia.org/wiki/List_of_University_of_Oxford_people_in_academic_disciplines
https://en.wikipedia.org/wiki/Faculty_of_History,_University_of_Oxford https://en.wikipedia.org/wiki/Clement_Attlee
https://en.wikipedia.org/wiki/Faculty_of_History,_University_of_Oxford https://en.wikipedia.org/wiki/Matthew_d%27Ancona
https://en.wikipedia.org/wiki/Faculty_of_History,_University_of_Oxford https://en.wikipedia.org/wiki/The_Spectator
https://en.wikipedia.org/wiki/Faculty_of_History,_University_of_Oxford https://en.wikipedia.org/wiki/Niall_Ferguson
https://en.wikipedia.org/wiki/Faculty_of_History,_University_of_Oxford https://en.wikipedia.org/wiki/John_Gorton
https://en.wikipedia.org/wiki/Faculty_of_History,_University_of_Oxford https://en.wikipedia.org/wiki/Australia
https://en.wikipedia.org/wiki/Faculty_of_History,_University_of_Oxford https://en.wikipedia.org/wiki/Graham_Greene
https://en.wikipedia.org/wiki/Faculty_of_History,_University_of_Oxford https://en.wikipedia.org/wiki/Dominic_Grieve
https://en.wikipedia.org/wiki/Faculty_of_History,_University_of_Oxford https://en.wikipedia.org/wiki/Harald_V_of_Norway
https://en.wikipedia.org/wiki/Faculty_of_History,_University_of_Oxford https://en.wikipedia.org/wiki/Norway
https://en.wikipedia.org/wiki/Faculty_of_History,_University_of_Oxford https://en.wikipedia.org/wiki/T._E._Lawrence
https://en.wikipedia.org/wiki/Faculty_of_History,_University_of_Oxford https://en.wikipedia.org/wiki/George_Osborne
https://en.wikipedia.org/wiki/Faculty_of_History,_University_of_Oxford https://en.wikipedia.org/wiki/Chancellor_of_the_Exchequer
https://en.wikipedia.org/wiki/Faculty_of_History,_University_of_Oxford https://en.wikipedia.org/wiki/Michael_Palin
https://en.wikipedia.org/wiki/Faculty_of_History,_University_of_Oxford https://en.wikipedia.org/wiki/Lester_B._Pearson
https://en.wikipedia.org/wiki/Faculty_of_History,_University_of_Oxford https://en.wikipedia.org/wiki/Canada
https://en.wikipedia.org/wiki/Faculty_of_History,_University_of_Oxford https://en.wikipedia.org/wiki/John_Redwood
https://en.wikipedia.org/wiki/Faculty_of_History,_University_of_Oxford https://en.wikipedia.org/wiki/Secretary_of_State_for_Wales
https://en.wikipedia.org/wiki/Faculty_of_History,_University_of_Oxford https://en.wikipedia.org/wiki/Evelyn_Waugh
https://en.wikipedia.org/wiki/Faculty_of_History,_University_of_Oxford https://en.wikipedia.org/wiki/Andrew_Lloyd_Webber
https://en.wikipedia.org/wiki/Faculty_of_History,_University_of_Oxford https://en.wikipedia.org/wiki/Eric_Williams
https://en.wikipedia.org/wiki/Faculty_of_History,_University_of_Oxford https://en.wikipedia.org/wiki/Trinidad_and_Tobago
https://en.wikipedia.org/wiki/Faculty_of_History,_University_of_Oxford https://en.wikipedia.org/wiki/Harold_Wilson
https://en.wikipedia.org/wiki/Faculty_of_History,_University_of_Oxford https://en.wikipedia.org/wiki/List_of_Chancellors_of_the_University_of_Oxford
https://en.wikipedia.org/wiki/Faculty_of_History,_University_of_Oxford https://en.wikipedia.org/wiki/Chris_Patten
https://en.wikipedia.org/wiki/Faculty_of_History,_University_of_Oxford https://en.wikipedia.org/wiki/List_of_Vice-Chancellors_of_the_University_of_Oxford
https://en.wikipedia.org/wiki/Faculty_of_History,_University_of_Oxford https://en.wikipedia.org/wiki/Louise_Richardson
https://en.wikipedia.org/wiki/Faculty_of_History,_University_of_Oxford https://en.wikipedia.org/wiki/Registrar_of_the_University_of_Oxford
https://en.wikipedia.org/wiki/Faculty_of_History,_University_of_Oxford https://en.wikipedia.org/wiki/List_of_Heads_of_Houses,_University_of_Oxford
https://en.wikipedia.org/wiki/Faculty_of_History,_University_of_Oxford https://en.wikipedia.org/wiki/Colleges_of_the_University_of_Oxford
https://en.wikipedia.org/wiki/Faculty_of_History,_University_of_Oxford https://en.wikipedia.org/wiki/All_Souls_College,_Oxford
https://en.wikipedia.org/wiki/Faculty_of_History,_University_of_Oxford https://en.wikipedia.org/wiki/Balliol_College,_Oxford
https://en.wikipedia.org/wiki/Faculty_of_History,_University_of_Oxford https://en.wikipedia.org/wiki/Brasenose_College,_Oxford
https://en.wikipedia.org/wiki/Faculty_of_History,_University_of_Oxford https://en.wikipedia.org/wiki/Christ_Church,_Oxford
https://en.wikipedia.org/wiki/Faculty_of_History,_University_of_Oxford https://en.wikipedia.org/wiki/Corpus_Christi_College,_Oxford
https://en.wikipedia.org/wiki/Faculty_of_History,_University_of_Oxford https://en.wikipedia.org/wiki/Exeter_College,_Oxford
https://en.wikipedia.org/wiki/Faculty_of_History,_University_of_Oxford https://en.wikipedia.org/wiki/Green_Templeton_College,_Oxford
https://en.wikipedia.org/wiki/Faculty_of_History,_University_of_Oxford https://en.wikipedia.org/wiki/Harris_Manchester_College,_Oxford
https://en.wikipedia.org/wiki/Faculty_of_History,_University_of_Oxford https://en.wikipedia.org/wiki/Hertford_College,_Oxford
https://en.wikipedia.org/wiki/Faculty_of_History,_University_of_Oxford https://en.wikipedia.org/wiki/Jesus_College,_Oxford
https://en.wikipedia.org/wiki/Faculty_of_History,_University_of_Oxford https://en.wikipedia.org/wiki/Keble_College,_Oxford
https://en.wikipedia.org/wiki/Faculty_of_History,_University_of_Oxford https://en.wikipedia.org/wiki/Kellogg_College,_Oxford
https://en.wikipedia.org/wiki/Faculty_of_History,_University_of_Oxford https://en.wikipedia.org/wiki/Lady_Margaret_Hall,_Oxford
https://en.wikipedia.org/wiki/Faculty_of_History,_University_of_Oxford https://en.wikipedia.org/wiki/Linacre_College,_Oxford
https://en.wikipedia.org/wiki/Faculty_of_History,_University_of_Oxford https://en.wikipedia.org/wiki/Lincoln_College,_Oxford
https://en.wikipedia.org/wiki/Faculty_of_History,_University_of_Oxford https://en.wikipedia.org/wiki/Magdalen_College,_Oxford
https://en.wikipedia.org/wiki/Faculty_of_History,_University_of_Oxford https://en.wikipedia.org/wiki/Mansfield_College,_Oxford
https://en.wikipedia.org/wiki/Faculty_of_History,_University_of_Oxford https://en.wikipedia.org/wiki/Merton_College,_Oxford
https://en.wikipedia.org/wiki/Faculty_of_History,_University_of_Oxford https://en.wikipedia.org/wiki/New_College,_Oxford
https://en.wikipedia.org/wiki/Faculty_of_History,_University_of_Oxford https://en.wikipedia.org/wiki/Nuffield_College,_Oxford
https://en.wikipedia.org/wiki/Faculty_of_History,_University_of_Oxford https://en.wikipedia.org/wiki/Oriel_College,_Oxford
https://en.wikipedia.org/wiki/Faculty_of_History,_University_of_Oxford https://en.wikipedia.org/wiki/Pembroke_College,_Oxford
https://en.wikipedia.org/wiki/Faculty_of_History,_University_of_Oxford https://en.wikipedia.org/wiki/The_Queen%27s_College,_Oxford
https://en.wikipedia.org/wiki/Faculty_of_History,_University_of_Oxford https://en.wikipedia.org/wiki/St_Anne%27s_College,_Oxford
https://en.wikipedia.org/wiki/Faculty_of_History,_University_of_Oxford https://en.wikipedia.org/wiki/St_Antony%27s_College,_Oxford
https://en.wikipedia.org/wiki/Faculty_of_History,_University_of_Oxford https://en.wikipedia.org/wiki/St_Catherine%27s_College,_Oxford
https://en.wikipedia.org/wiki/Faculty_of_History,_University_of_Oxford https://en.wikipedia.org/wiki/St_Cross_College,_Oxford
https://en.wikipedia.org/wiki/Faculty_of_History,_University_of_Oxford https://en.wikipedia.org/wiki/St_Edmund_Hall,_Oxford
https://en.wikipedia.org/wiki/Faculty_of_History,_University_of_Oxford https://en.wikipedia.org/wiki/St_Hilda%27s_College,_Oxford
https://en.wikipedia.org/wiki/Faculty_of_History,_University_of_Oxford https://en.wikipedia.org/wiki/St_Hugh%27s_College,_Oxford
https://en.wikipedia.org/wiki/Faculty_of_History,_University_of_Oxford https://en.wikipedia.org/wiki/St_John%27s_College,_Oxford
https://en.wikipedia.org/wiki/Faculty_of_History,_University_of_Oxford https://en.wikipedia.org/wiki/St_Peter%27s_College,_Oxford
https://en.wikipedia.org/wiki/Faculty_of_History,_University_of_Oxford https://en.wikipedia.org/wiki/Somerville_College,_Oxford
https://en.wikipedia.org/wiki/Faculty_of_History,_University_of_Oxford https://en.wikipedia.org/wiki/Trinity_College,_Oxford
https://en.wikipedia.org/wiki/Faculty_of_History,_University_of_Oxford https://en.wikipedia.org/wiki/University_College,_Oxford
https://en.wikipedia.org/wiki/Faculty_of_History,_University_of_Oxford https://en.wikipedia.org/wiki/Wadham_College,_Oxford
https://en.wikipedia.org/wiki/Faculty_of_History,_University_of_Oxford https://en.wikipedia.org/wiki/Wolfson_College,_Oxford
https://en.wikipedia.org/wiki/Faculty_of_History,_University_of_Oxford https://en.wikipedia.org/wiki/Worcester_College,_Oxford
https://en.wikipedia.org/wiki/Faculty_of_History,_University_of_Oxford https://en.wikipedia.org/wiki/Permanent_Private_Hall
https://en.wikipedia.org/wiki/Faculty_of_History,_University_of_Oxford https://en.wikipedia.org/wiki/Blackfriars,_Oxford
https://en.wikipedia.org/wiki/Faculty_of_History,_University_of_Oxford https://en.wikipedia.org/wiki/Campion_Hall
https://en.wikipedia.org/wiki/Faculty_of_History,_University_of_Oxford https://en.wikipedia.org/wiki/Regent%27s_Park_College,_Oxford
https://en.wikipedia.org/wiki/Faculty_of_History,_University_of_Oxford https://en.wikipedia.org/wiki/St_Benet%27s_Hall,_Oxford
https://en.wikipedia.org/wiki/Faculty_of_History,_University_of_Oxford https://en.wikipedia.org/wiki/St_Stephen%27s_House,_Oxford
https://en.wikipedia.org/wiki/Faculty_of_History,_University_of_Oxford https://en.wikipedia.org/wiki/Wycliffe_Hall,_Oxford
https://en.wikipedia.org/wiki/Faculty_of_History,_University_of_Oxford https://en.wikipedia.org/wiki/Divisions_of_the_University_of_Oxford
https://en.wikipedia.org/wiki/Faculty_of_History,_University_of_Oxford https://en.wikipedia.org/wiki/Divisions_of_the_University_of_Oxford#Humanities_Division
https://en.wikipedia.org/wiki/Faculty_of_History,_University_of_Oxford https://en.wikipedia.org/wiki/Rothermere_American_Institute
https://en.wikipedia.org/wiki/Faculty_of_History,_University_of_Oxford https://en.wikipedia.org/wiki/Faculty_of_Classics,_University_of_Oxford
https://en.wikipedia.org/wiki/Faculty_of_History,_University_of_Oxford https://en.wikipedia.org/wiki/Ruskin_School_of_Drawing_and_Fine_Art
https://en.wikipedia.org/wiki/Faculty_of_History,_University_of_Oxford https://en.wikipedia.org/wiki/Faculty_of_Linguistics,_Philology_%26_Phonetics,_University_of_Oxford
https://en.wikipedia.org/wiki/Faculty_of_History,_University_of_Oxford https://en.wikipedia.org/wiki/Faculty_of_Medieval_and_Modern_Languages,_University_of_Oxford
https://en.wikipedia.org/wiki/Faculty_of_History,_University_of_Oxford https://en.wikipedia.org/wiki/Faculty_of_Oriental_Studies
https://en.wikipedia.org/wiki/Faculty_of_History,_University_of_Oxford https://en.wikipedia.org/wiki/Faculty_of_Philosophy,_University_of_Oxford
https://en.wikipedia.org/wiki/Faculty_of_History,_University_of_Oxford https://en.wikipedia.org/wiki/Faculty_of_Theology_and_Religion,_University_of_Oxford
https://en.wikipedia.org/wiki/Faculty_of_History,_University_of_Oxford https://en.wikipedia.org/wiki/Divisions_of_the_University_of_Oxford#Medical_Sciences_Division
https://en.wikipedia.org/wiki/Faculty_of_History,_University_of_Oxford https://en.wikipedia.org/wiki/Department_of_Biochemistry,_University_of_Oxford
https://en.wikipedia.org/wiki/Faculty_of_History,_University_of_Oxford https://en.wikipedia.org/wiki/Wellcome_Centre_for_Human_Genetics
https://en.wikipedia.org/wiki/Faculty_of_History,_University_of_Oxford https://en.wikipedia.org/wiki/Sir_William_Dunn_School_of_Pathology
https://en.wikipedia.org/wiki/Faculty_of_History,_University_of_Oxford https://en.wikipedia.org/wiki/Nuffield_Department_of_Population_Health
https://en.wikipedia.org/wiki/Faculty_of_History,_University_of_Oxford https://en.wikipedia.org/wiki/Oxford_University_Medical_School
https://en.wikipedia.org/wiki/Faculty_of_History,_University_of_Oxford https://en.wikipedia.org/wiki/Divisions_of_the_University_of_Oxford#Mathematical,_Physical_and_Life_Sciences_Division_(MPLS)
https://en.wikipedia.org/wiki/Faculty_of_History,_University_of_Oxford https://en.wikipedia.org/wiki/Department_of_Chemistry,_University_of_Oxford
https://en.wikipedia.org/wiki/Faculty_of_History,_University_of_Oxford https://en.wikipedia.org/wiki/Department_of_Computer_Science,_University_of_Oxford
https://en.wikipedia.org/wiki/Faculty_of_History,_University_of_Oxford https://en.wikipedia.org/wiki/Department_of_Engineering_Science,_University_of_Oxford
https://en.wikipedia.org/wiki/Faculty_of_History,_University_of_Oxford https://en.wikipedia.org/wiki/Department_of_Materials,_University_of_Oxford
https://en.wikipedia.org/wiki/Faculty_of_History,_University_of_Oxford https://en.wikipedia.org/wiki/Mathematical_Institute,_University_of_Oxford
https://en.wikipedia.org/wiki/Faculty_of_History,_University_of_Oxford https://en.wikipedia.org/wiki/Department_of_Physics,_University_of_Oxford
https://en.wikipedia.org/wiki/Faculty_of_History,_University_of_Oxford https://en.wikipedia.org/wiki/Department_of_Plant_Sciences,_University_of_Oxford
https://en.wikipedia.org/wiki/Faculty_of_History,_University_of_Oxford https://en.wikipedia.org/wiki/Department_of_Zoology,_University_of_Oxford
https://en.wikipedia.org/wiki/Faculty_of_History,_University_of_Oxford https://en.wikipedia.org/wiki/Divisions_of_the_University_of_Oxford#Social_Sciences_Division
https://en.wikipedia.org/wiki/Faculty_of_History,_University_of_Oxford https://en.wikipedia.org/wiki/Institute_of_Archaeology_(Oxford)
https://en.wikipedia.org/wiki/Faculty_of_History,_University_of_Oxford https://en.wikipedia.org/wiki/Research_Laboratory_for_Archaeology_and_the_History_of_Art
https://en.wikipedia.org/wiki/Faculty_of_History,_University_of_Oxford https://en.wikipedia.org/wiki/Sa%C3%AFd_Business_School
https://en.wikipedia.org/wiki/Faculty_of_History,_University_of_Oxford https://en.wikipedia.org/wiki/Oxford_University_Department_for_Continuing_Education
https://en.wikipedia.org/wiki/Faculty_of_History,_University_of_Oxford https://en.wikipedia.org/wiki/Smith_School_of_Enterprise_and_the_Environment
https://en.wikipedia.org/wiki/Faculty_of_History,_University_of_Oxford https://en.wikipedia.org/wiki/Blavatnik_School_of_Government
https://en.wikipedia.org/wiki/Faculty_of_History,_University_of_Oxford https://en.wikipedia.org/wiki/Department_of_Social_Policy_and_Intervention
https://en.wikipedia.org/wiki/Faculty_of_History,_University_of_Oxford https://en.wikipedia.org/wiki/Oxford_Department_of_International_Development
https://en.wikipedia.org/wiki/Faculty_of_History,_University_of_Oxford https://en.wikipedia.org/wiki/Faculty_of_Law,_University_of_Oxford
https://en.wikipedia.org/wiki/Faculty_of_History,_University_of_Oxford https://en.wikipedia.org/wiki/Oxford_Martin_School
https://en.wikipedia.org/wiki/Faculty_of_History,_University_of_Oxford https://en.wikipedia.org/wiki/University_of_Oxford_Botanic_Garden
https://en.wikipedia.org/wiki/Faculty_of_History,_University_of_Oxford https://en.wikipedia.org/wiki/Oxford_University_Press
https://en.wikipedia.org/wiki/Faculty_of_History,_University_of_Oxford https://en.wikipedia.org/wiki/Oxford_Internet_Institute
https://en.wikipedia.org/wiki/Faculty_of_History,_University_of_Oxford https://en.wikipedia.org/wiki/Oxford_Science_Park
https://en.wikipedia.org/wiki/Faculty_of_History,_University_of_Oxford https://en.wikipedia.org/wiki/Begbroke_Science_Park
https://en.wikipedia.org/wiki/Faculty_of_History,_University_of_Oxford https://en.wikipedia.org/wiki/Oxford-Man_Institute_of_Quantitative_Finance
https://en.wikipedia.org/wiki/Faculty_of_History,_University_of_Oxford https://en.wikipedia.org/wiki/Recognised_Independent_Centre
https://en.wikipedia.org/wiki/Faculty_of_History,_University_of_Oxford https://en.wikipedia.org/wiki/Oxford_Centre_for_Buddhist_Studies
https://en.wikipedia.org/wiki/Faculty_of_History,_University_of_Oxford https://en.wikipedia.org/wiki/Oxford_Institute_for_Energy_Studies
https://en.wikipedia.org/wiki/Faculty_of_History,_University_of_Oxford https://en.wikipedia.org/wiki/Oxford_Centre_for_Hebrew_and_Jewish_Studies
https://en.wikipedia.org/wiki/Faculty_of_History,_University_of_Oxford https://en.wikipedia.org/wiki/Oxford_Centre_for_Hindu_Studies
https://en.wikipedia.org/wiki/Faculty_of_History,_University_of_Oxford https://en.wikipedia.org/wiki/Oxford_Centre_for_Islamic_Studies
https://en.wikipedia.org/wiki/Faculty_of_History,_University_of_Oxford https://en.wikipedia.org/wiki/Oxford_University_Australian_Rules_Football_Club
https://en.wikipedia.org/wiki/Faculty_of_History,_University_of_Oxford https://en.wikipedia.org/wiki/Oxford_University_Amateur_Boxing_Club
https://en.wikipedia.org/wiki/Faculty_of_History,_University_of_Oxford https://en.wikipedia.org/wiki/Oxford_University_Cricket_Club
https://en.wikipedia.org/wiki/Faculty_of_History,_University_of_Oxford https://en.wikipedia.org/wiki/Oxford_University_Cycling_Club
https://en.wikipedia.org/wiki/Faculty_of_History,_University_of_Oxford https://en.wikipedia.org/wiki/Oxford_University_Dancesport_Club
https://en.wikipedia.org/wiki/Faculty_of_History,_University_of_Oxford https://en.wikipedia.org/wiki/Oxford_University_A.F.C.
https://en.wikipedia.org/wiki/Faculty_of_History,_University_of_Oxford https://en.wikipedia.org/wiki/Oxford_University_Gliding_Club
https://en.wikipedia.org/wiki/Faculty_of_History,_University_of_Oxford https://en.wikipedia.org/wiki/Oxford_University_Handball_Club
https://en.wikipedia.org/wiki/Faculty_of_History,_University_of_Oxford https://en.wikipedia.org/wiki/Oxford_University_Ice_Hockey_Club
https://en.wikipedia.org/wiki/Faculty_of_History,_University_of_Oxford https://en.wikipedia.org/wiki/Oxford_University_Mountaineering_Club
https://en.wikipedia.org/wiki/Faculty_of_History,_University_of_Oxford https://en.wikipedia.org/wiki/Oxford_University_Quidditch_Club
https://en.wikipedia.org/wiki/Faculty_of_History,_University_of_Oxford https://en.wikipedia.org/wiki/Oxford_University_Polo_Club
https://en.wikipedia.org/wiki/Faculty_of_History,_University_of_Oxford https://en.wikipedia.org/wiki/Oxford_University_Rowing_Clubs
https://en.wikipedia.org/wiki/Faculty_of_History,_University_of_Oxford https://en.wikipedia.org/wiki/Oxford_University_RFC
https://en.wikipedia.org/wiki/Faculty_of_History,_University_of_Oxford https://en.wikipedia.org/wiki/Oxford_University_Women%27s_Association_Football_Club
https://en.wikipedia.org/wiki/Faculty_of_History,_University_of_Oxford https://en.wikipedia.org/wiki/Cherwell_(newspaper)
https://en.wikipedia.org/wiki/Faculty_of_History,_University_of_Oxford https://en.wikipedia.org/wiki/The_Mays
https://en.wikipedia.org/wiki/Faculty_of_History,_University_of_Oxford https://en.wikipedia.org/wiki/Oxford_University_Student_Union
https://en.wikipedia.org/wiki/Faculty_of_History,_University_of_Oxford https://en.wikipedia.org/wiki/Oxford_Union
https://en.wikipedia.org/wiki/Faculty_of_History,_University_of_Oxford https://en.wikipedia.org/wiki/Cuppers
https://en.wikipedia.org/wiki/Faculty_of_History,_University_of_Oxford https://en.wikipedia.org/wiki/The_Boat_Race
https://en.wikipedia.org/wiki/Faculty_of_History,_University_of_Oxford https://en.wikipedia.org/wiki/Women%27s_Boat_Race
https://en.wikipedia.org/wiki/Faculty_of_History,_University_of_Oxford https://en.wikipedia.org/wiki/Henley_Boat_Races
https://en.wikipedia.org/wiki/Faculty_of_History,_University_of_Oxford https://en.wikipedia.org/wiki/The_Varsity_Polo_Match
https://en.wikipedia.org/wiki/Faculty_of_History,_University_of_Oxford https://en.wikipedia.org/wiki/Rugby_League_Varsity_Match
https://en.wikipedia.org/wiki/Faculty_of_History,_University_of_Oxford https://en.wikipedia.org/wiki/University_Golf_Match
https://en.wikipedia.org/wiki/Faculty_of_History,_University_of_Oxford https://en.wikipedia.org/wiki/The_Varsity_Match
https://en.wikipedia.org/wiki/Faculty_of_History,_University_of_Oxford https://en.wikipedia.org/wiki/University_of_Oxford_in_popular_culture
https://en.wikipedia.org/wiki/Faculty_of_History,_University_of_Oxford https://en.wikipedia.org/wiki/List_of_fictional_Oxford_colleges
https://en.wikipedia.org/wiki/Faculty_of_History,_University_of_Oxford https://en.wikipedia.org/wiki/List_of_fictional_University_of_Oxford_people
https://en.wikipedia.org/wiki/Faculty_of_History,_University_of_Oxford https://en.wikipedia.org/wiki/Oxford_University_Gazette
https://en.wikipedia.org/wiki/Faculty_of_History,_University_of_Oxford https://en.wikipedia.org/wiki/The_Oxford_Magazine
