https://en.wikipedia.org/wiki/Flemington_Racecourse https://en.wikipedia.org/wiki/Flemington,_Victoria
https://en.wikipedia.org/wiki/Flemington_Racecourse https://en.wikipedia.org/wiki/Seven_Network
https://en.wikipedia.org/wiki/Flemington_Racecourse https://en.wikipedia.org/wiki/Flat_racing
https://en.wikipedia.org/wiki/Flemington_Racecourse https://en.wikipedia.org/wiki/National_Hunt_racing
https://en.wikipedia.org/wiki/Flemington_Racecourse https://en.wikipedia.org/wiki/Steeplechase_(horse_racing)
https://en.wikipedia.org/wiki/Flemington_Racecourse https://en.wikipedia.org/wiki/Horse_racing
https://en.wikipedia.org/wiki/Flemington_Racecourse https://en.wikipedia.org/wiki/Melbourne
https://en.wikipedia.org/wiki/Flemington_Racecourse https://en.wikipedia.org/wiki/Victoria_(Australia)
https://en.wikipedia.org/wiki/Flemington_Racecourse https://en.wikipedia.org/wiki/Australia
https://en.wikipedia.org/wiki/Flemington_Racecourse https://en.wikipedia.org/wiki/Maribyrnong_River
https://en.wikipedia.org/wiki/Flemington_Racecourse https://en.wikipedia.org/wiki/Crown_land
https://en.wikipedia.org/wiki/Flemington_Racecourse https://en.wikipedia.org/wiki/Phar_Lap
https://en.wikipedia.org/wiki/Flemington_Racecourse https://en.wikipedia.org/wiki/Harold_Freedman
https://en.wikipedia.org/wiki/Flemington_Racecourse https://en.wikipedia.org/wiki/Australian_National_Heritage_List
https://en.wikipedia.org/wiki/Flemington_Racecourse https://en.wikipedia.org/wiki/Melbourne_Cup_2006
https://en.wikipedia.org/wiki/Flemington_Racecourse https://en.wikipedia.org/wiki/Victorian_Heritage_Register
https://en.wikipedia.org/wiki/Flemington_Racecourse https://en.wikipedia.org/wiki/Salt_Water_River_railway_station
https://en.wikipedia.org/wiki/Flemington_Racecourse https://en.wikipedia.org/wiki/Melbourne_tram_route_57
https://en.wikipedia.org/wiki/Flemington_Racecourse https://en.wikipedia.org/wiki/Group_races
https://en.wikipedia.org/wiki/Flemington_Racecourse https://en.wikipedia.org/wiki/Ascot_Vale_Stakes
https://en.wikipedia.org/wiki/Flemington_Racecourse https://en.wikipedia.org/wiki/Australian_Guineas
https://en.wikipedia.org/wiki/Flemington_Racecourse https://en.wikipedia.org/wiki/Cadbury_Guineas
https://en.wikipedia.org/wiki/Flemington_Racecourse https://en.wikipedia.org/wiki/Black_Caviar_Lightning
https://en.wikipedia.org/wiki/Flemington_Racecourse https://en.wikipedia.org/wiki/Cantala_Stakes
https://en.wikipedia.org/wiki/Flemington_Racecourse https://en.wikipedia.org/wiki/Myer_Classic
https://en.wikipedia.org/wiki/Flemington_Racecourse https://en.wikipedia.org/wiki/List_of_Melbourne_Cup_winners
https://en.wikipedia.org/wiki/Flemington_Racecourse https://en.wikipedia.org/wiki/The_Age_Classic
https://en.wikipedia.org/wiki/Flemington_Racecourse https://en.wikipedia.org/wiki/Turnbull_Stakes
https://en.wikipedia.org/wiki/Flemington_Racecourse https://en.wikipedia.org/wiki/VRC_Oaks
https://en.wikipedia.org/wiki/Flemington_Racecourse https://en.wikipedia.org/wiki/Crown_Oaks
https://en.wikipedia.org/wiki/Flemington_Racecourse https://en.wikipedia.org/wiki/A.V_Kewney_Stakes
https://en.wikipedia.org/wiki/Flemington_Racecourse https://en.wikipedia.org/wiki/Blamey_Stakes
https://en.wikipedia.org/wiki/Flemington_Racecourse https://en.wikipedia.org/wiki/Craiglee_Stakes
https://en.wikipedia.org/wiki/Flemington_Racecourse https://en.wikipedia.org/wiki/Edward_Manifold_Stakes
https://en.wikipedia.org/wiki/Flemington_Racecourse https://en.wikipedia.org/wiki/Gilgai_Stakes
https://en.wikipedia.org/wiki/Flemington_Racecourse https://en.wikipedia.org/wiki/Salinger_Stakes
https://en.wikipedia.org/wiki/Flemington_Racecourse https://en.wikipedia.org/wiki/Hilton_International_Stakes
https://en.wikipedia.org/wiki/Flemington_Racecourse https://en.wikipedia.org/wiki/Rose_Of_Kingston_Stakes
https://en.wikipedia.org/wiki/Flemington_Racecourse https://en.wikipedia.org/wiki/VRC_Sires%27_Produce_Stakes
https://en.wikipedia.org/wiki/Flemington_Racecourse https://en.wikipedia.org/wiki/Wakeful_Stakes
https://en.wikipedia.org/wiki/Flemington_Racecourse https://en.wikipedia.org/wiki/Aurie%27s_Star_Handicap
https://en.wikipedia.org/wiki/Flemington_Racecourse https://en.wikipedia.org/wiki/Thoroughbred_Breeders_Stakes
https://en.wikipedia.org/wiki/Flemington_Racecourse https://en.wikipedia.org/wiki/Bobby_Lewis_Quality
https://en.wikipedia.org/wiki/Flemington_Racecourse https://en.wikipedia.org/wiki/Chatham_Stakes
https://en.wikipedia.org/wiki/Flemington_Racecourse https://en.wikipedia.org/wiki/Frances_Tressady_Stakes
https://en.wikipedia.org/wiki/Flemington_Racecourse https://en.wikipedia.org/wiki/Hotham_Handicap
https://en.wikipedia.org/wiki/Flemington_Racecourse https://en.wikipedia.org/wiki/Saab_Quality
https://en.wikipedia.org/wiki/Flemington_Racecourse https://en.wikipedia.org/wiki/Maribyrnong_Plate
https://en.wikipedia.org/wiki/Flemington_Racecourse https://en.wikipedia.org/wiki/Matron_Stakes_(Australia)
https://en.wikipedia.org/wiki/Flemington_Racecourse https://en.wikipedia.org/wiki/Let%27s_Elope_Stakes
https://en.wikipedia.org/wiki/Flemington_Racecourse https://en.wikipedia.org/wiki/Standish_Handicap
https://en.wikipedia.org/wiki/Flemington_Racecourse https://en.wikipedia.org/wiki/C_S_Hayes_Stakes
https://en.wikipedia.org/wiki/Flemington_Racecourse https://en.wikipedia.org/wiki/The_Vanity
https://en.wikipedia.org/wiki/Flemington_Racecourse https://en.wikipedia.org/wiki/VRC_Carbine_Club_Stakes
https://en.wikipedia.org/wiki/Flemington_Racecourse https://en.wikipedia.org/wiki/VRC_Queen_Elizabeth_Stakes
https://en.wikipedia.org/wiki/Flemington_Racecourse https://en.wikipedia.org/wiki/VRC_St_Leger_Stakes
https://en.wikipedia.org/wiki/Flemington_Racecourse https://en.wikipedia.org/wiki/Handicap_(horse_racing)
https://en.wikipedia.org/wiki/Flemington_Racecourse https://en.wikipedia.org/wiki/Weight_for_Age
https://en.wikipedia.org/wiki/Flemington_Racecourse https://en.wikipedia.org/wiki/Australian_horse-racing
https://en.wikipedia.org/wiki/Flemington_Racecourse https://en.wikipedia.org/wiki/Melbourne_Spring_Racing_Carnival
https://en.wikipedia.org/wiki/Flemington_Racecourse https://en.wikipedia.org/wiki/Caulfield_Racecourse
https://en.wikipedia.org/wiki/Flemington_Racecourse https://en.wikipedia.org/wiki/Sandown_Racecourse
https://en.wikipedia.org/wiki/Flemington_Racecourse https://en.wikipedia.org/wiki/Aspendale_Racecourse
https://en.wikipedia.org/wiki/Flemington_Racecourse https://en.wikipedia.org/wiki/Arden_Street_Oval
https://en.wikipedia.org/wiki/Flemington_Racecourse https://en.wikipedia.org/wiki/Tabcorp_Park
