https://en.wikipedia.org/wiki/Geelong,_Victoria https://en.wikipedia.org/wiki/Victoria,_Australia
https://en.wikipedia.org/wiki/Geelong,_Victoria https://en.wikipedia.org/wiki/Local_government_area
https://en.wikipedia.org/wiki/Geelong,_Victoria https://en.wikipedia.org/wiki/Geelong_(disambiguation)
https://en.wikipedia.org/wiki/Geelong,_Victoria https://en.wikipedia.org/wiki/List_of_cities_in_Australia_by_population
https://en.wikipedia.org/wiki/Geelong,_Victoria https://en.wikipedia.org/wiki/Postcodes_in_Australia
https://en.wikipedia.org/wiki/Geelong,_Victoria https://en.wikipedia.org/wiki/Time_in_Australia
https://en.wikipedia.org/wiki/Geelong,_Victoria https://en.wikipedia.org/wiki/Australian_Eastern_Standard_Time
https://en.wikipedia.org/wiki/Geelong,_Victoria https://en.wikipedia.org/wiki/UTC%2B10
https://en.wikipedia.org/wiki/Geelong,_Victoria https://en.wikipedia.org/wiki/Daylight_saving_time
https://en.wikipedia.org/wiki/Geelong,_Victoria https://en.wikipedia.org/wiki/Australian_Eastern_Daylight_Time
https://en.wikipedia.org/wiki/Geelong,_Victoria https://en.wikipedia.org/wiki/UTC%2B11
https://en.wikipedia.org/wiki/Geelong,_Victoria https://en.wikipedia.org/wiki/Local_government_in_Victoria
https://en.wikipedia.org/wiki/Geelong,_Victoria https://en.wikipedia.org/wiki/Lands_administrative_divisions_of_Australia
https://en.wikipedia.org/wiki/Geelong,_Victoria https://en.wikipedia.org/wiki/Grant_County,_Victoria
https://en.wikipedia.org/wiki/Geelong,_Victoria https://en.wikipedia.org/wiki/Electorates_of_the_Australian_states_and_territories
https://en.wikipedia.org/wiki/Geelong,_Victoria https://en.wikipedia.org/wiki/Divisions_of_the_Australian_House_of_Representatives
https://en.wikipedia.org/wiki/Geelong,_Victoria https://en.wikipedia.org/wiki/States_and_territories_of_Australia
https://en.wikipedia.org/wiki/Geelong,_Victoria https://en.wikipedia.org/wiki/Australia
https://en.wikipedia.org/wiki/Geelong,_Victoria https://en.wikipedia.org/wiki/Winchelsea
https://en.wikipedia.org/wiki/Geelong,_Victoria https://en.wikipedia.org/wiki/Indigenous_Australians
https://en.wikipedia.org/wiki/Geelong,_Victoria https://en.wikipedia.org/wiki/Wool
https://en.wikipedia.org/wiki/Geelong,_Victoria https://en.wikipedia.org/wiki/Rope
https://en.wikipedia.org/wiki/Geelong,_Victoria https://en.wikipedia.org/wiki/Paper_mill
https://en.wikipedia.org/wiki/Geelong,_Victoria https://en.wikipedia.org/wiki/Demonym
https://en.wikipedia.org/wiki/Geelong,_Victoria https://en.wikipedia.org/wiki/Timeline_of_Geelong_history
https://en.wikipedia.org/wiki/Geelong,_Victoria https://en.wikipedia.org/wiki/Indigenous_Australian
https://en.wikipedia.org/wiki/Geelong,_Victoria https://en.wikipedia.org/wiki/John_Murray_(Australian_explorer)
https://en.wikipedia.org/wiki/Geelong,_Victoria https://en.wikipedia.org/wiki/HMS_Lady_Nelson_(1798)
https://en.wikipedia.org/wiki/Geelong,_Victoria https://en.wikipedia.org/wiki/John_Bowen_(colonist)
https://en.wikipedia.org/wiki/Geelong,_Victoria https://en.wikipedia.org/wiki/Philip_Gidley_King
https://en.wikipedia.org/wiki/Geelong,_Victoria https://en.wikipedia.org/wiki/Arthur_Phillip
https://en.wikipedia.org/wiki/Geelong,_Victoria https://en.wikipedia.org/wiki/Matthew_Flinders
https://en.wikipedia.org/wiki/Geelong,_Victoria https://en.wikipedia.org/wiki/Charles_Grimes_(surveyor)
https://en.wikipedia.org/wiki/Geelong,_Victoria https://en.wikipedia.org/wiki/Sloop
https://en.wikipedia.org/wiki/Geelong,_Victoria https://en.wikipedia.org/wiki/HMS_Cumberland_(1803)
https://en.wikipedia.org/wiki/Geelong,_Victoria https://en.wikipedia.org/wiki/HMS_Calcutta_(1795)
https://en.wikipedia.org/wiki/Geelong,_Victoria https://en.wikipedia.org/wiki/David_Collins_(governor)
https://en.wikipedia.org/wiki/Geelong,_Victoria https://en.wikipedia.org/wiki/Penal_colony
https://en.wikipedia.org/wiki/Geelong,_Victoria https://en.wikipedia.org/wiki/James_Hingston_Tuckey
https://en.wikipedia.org/wiki/Geelong,_Victoria https://en.wikipedia.org/wiki/Victorian_Aborigines
https://en.wikipedia.org/wiki/Geelong,_Victoria https://en.wikipedia.org/wiki/Hamilton_Hume
https://en.wikipedia.org/wiki/Geelong,_Victoria https://en.wikipedia.org/wiki/William_Hovell
https://en.wikipedia.org/wiki/Geelong,_Victoria https://en.wikipedia.org/wiki/Convict
https://en.wikipedia.org/wiki/Geelong,_Victoria https://en.wikipedia.org/wiki/William_Buckley_(convict)
https://en.wikipedia.org/wiki/Geelong,_Victoria https://en.wikipedia.org/wiki/John_Batman
https://en.wikipedia.org/wiki/Geelong,_Victoria https://en.wikipedia.org/wiki/Van_Diemen%27s_Land
https://en.wikipedia.org/wiki/Geelong,_Victoria https://en.wikipedia.org/wiki/John_Helder_Wedge
https://en.wikipedia.org/wiki/Geelong,_Victoria https://en.wikipedia.org/wiki/Pardon
https://en.wikipedia.org/wiki/Geelong,_Victoria https://en.wikipedia.org/wiki/Sir_George_Arthur,_1st_Baronet
https://en.wikipedia.org/wiki/Geelong,_Victoria https://en.wikipedia.org/wiki/Interpreting
https://en.wikipedia.org/wiki/Geelong,_Victoria https://en.wikipedia.org/wiki/Squatting_(pastoral)
https://en.wikipedia.org/wiki/Geelong,_Victoria https://en.wikipedia.org/wiki/James_Strachan_(Australian_politician)
https://en.wikipedia.org/wiki/Geelong,_Victoria https://en.wikipedia.org/wiki/Foster_Fyans
https://en.wikipedia.org/wiki/Geelong,_Victoria https://en.wikipedia.org/wiki/Magistrate
https://en.wikipedia.org/wiki/Geelong,_Victoria https://en.wikipedia.org/wiki/Breakwater_(structure)
https://en.wikipedia.org/wiki/Geelong,_Victoria https://en.wikipedia.org/wiki/Charles_Sievwright
https://en.wikipedia.org/wiki/Geelong,_Victoria https://en.wikipedia.org/wiki/Geelong_Keys
https://en.wikipedia.org/wiki/Geelong,_Victoria https://en.wikipedia.org/wiki/Charles_La_Trobe
https://en.wikipedia.org/wiki/Geelong,_Victoria https://en.wikipedia.org/wiki/Theory_of_Portuguese_discovery_of_Australia
https://en.wikipedia.org/wiki/Geelong,_Victoria https://en.wikipedia.org/wiki/Alexander_Thomson_(pioneer)
https://en.wikipedia.org/wiki/Geelong,_Victoria https://en.wikipedia.org/wiki/Geelong_East,_Victoria
https://en.wikipedia.org/wiki/Geelong,_Victoria https://en.wikipedia.org/wiki/List_of_mayors_of_Geelong
https://en.wikipedia.org/wiki/Geelong,_Victoria https://en.wikipedia.org/wiki/Eugene_von_Gu%C3%A9rard
https://en.wikipedia.org/wiki/Geelong,_Victoria https://en.wikipedia.org/wiki/James_Harrison_(engineer)
https://en.wikipedia.org/wiki/Geelong,_Victoria https://en.wikipedia.org/wiki/Refrigeration
https://en.wikipedia.org/wiki/Geelong,_Victoria https://en.wikipedia.org/wiki/Shipping_channel
https://en.wikipedia.org/wiki/Geelong,_Victoria https://en.wikipedia.org/wiki/Geelong_and_Melbourne_Railway_Company
https://en.wikipedia.org/wiki/Geelong,_Victoria https://en.wikipedia.org/wiki/Rabbit
https://en.wikipedia.org/wiki/Geelong,_Victoria https://en.wikipedia.org/wiki/Rabbits_in_Australia
https://en.wikipedia.org/wiki/Geelong,_Victoria https://en.wikipedia.org/wiki/Thomas_Austin
https://en.wikipedia.org/wiki/Geelong,_Victoria https://en.wikipedia.org/wiki/Hunting
https://en.wikipedia.org/wiki/Geelong,_Victoria https://en.wikipedia.org/wiki/Winchelsea,_Victoria
https://en.wikipedia.org/wiki/Geelong,_Victoria https://en.wikipedia.org/wiki/Bright_and_Hitchcocks
https://en.wikipedia.org/wiki/Geelong,_Victoria https://en.wikipedia.org/wiki/Graham_Berry
https://en.wikipedia.org/wiki/Geelong,_Victoria https://en.wikipedia.org/wiki/Premiers_of_Victoria
https://en.wikipedia.org/wiki/Geelong,_Victoria https://en.wikipedia.org/wiki/Bendigo,_Victoria
https://en.wikipedia.org/wiki/Geelong,_Victoria https://en.wikipedia.org/wiki/Textile_manufacturing
https://en.wikipedia.org/wiki/Geelong,_Victoria https://en.wikipedia.org/wiki/Clipper
https://en.wikipedia.org/wiki/Geelong,_Victoria https://en.wikipedia.org/wiki/Lightning_(clipper)
https://en.wikipedia.org/wiki/Geelong,_Victoria https://en.wikipedia.org/wiki/Bellarine_Peninsula_Railway
https://en.wikipedia.org/wiki/Geelong,_Victoria https://en.wikipedia.org/wiki/Telephone
https://en.wikipedia.org/wiki/Geelong,_Victoria https://en.wikipedia.org/wiki/Phylloxera
https://en.wikipedia.org/wiki/Geelong,_Victoria https://en.wikipedia.org/wiki/Geelong_Post_Office
https://en.wikipedia.org/wiki/Geelong,_Victoria https://en.wikipedia.org/wiki/Geelong_Harbour_Trust
https://en.wikipedia.org/wiki/Geelong,_Victoria https://en.wikipedia.org/wiki/Whisky
https://en.wikipedia.org/wiki/Geelong,_Victoria https://en.wikipedia.org/wiki/Distillation
https://en.wikipedia.org/wiki/Geelong,_Victoria https://en.wikipedia.org/wiki/K-Rock_(Australia)
https://en.wikipedia.org/wiki/Geelong,_Victoria https://en.wikipedia.org/wiki/T_%26_G_Building,_Geelong
https://en.wikipedia.org/wiki/Geelong,_Victoria https://en.wikipedia.org/wiki/International_Harvester
https://en.wikipedia.org/wiki/Geelong,_Victoria https://en.wikipedia.org/wiki/Grain_elevator
https://en.wikipedia.org/wiki/Geelong,_Victoria https://en.wikipedia.org/wiki/Parking_meter
https://en.wikipedia.org/wiki/Geelong,_Victoria https://en.wikipedia.org/wiki/Woolworths_Supermarkets
https://en.wikipedia.org/wiki/Geelong,_Victoria https://en.wikipedia.org/wiki/Cycling_in_Geelong
https://en.wikipedia.org/wiki/Geelong,_Victoria https://en.wikipedia.org/wiki/Cycling_in_Geelong#cite_note-3
https://en.wikipedia.org/wiki/Geelong,_Victoria https://en.wikipedia.org/wiki/Cycling_in_Geelong#cite_note-4
https://en.wikipedia.org/wiki/Geelong,_Victoria https://en.wikipedia.org/wiki/Government_of_Australia
https://en.wikipedia.org/wiki/Geelong,_Victoria https://en.wikipedia.org/wiki/Tariff
https://en.wikipedia.org/wiki/Geelong,_Victoria https://en.wikipedia.org/wiki/Target_(Australia)
https://en.wikipedia.org/wiki/Geelong,_Victoria https://en.wikipedia.org/wiki/Pyramid_Building_Society
https://en.wikipedia.org/wiki/Geelong,_Victoria https://en.wikipedia.org/wiki/Low-cost_airline
https://en.wikipedia.org/wiki/Geelong,_Victoria https://en.wikipedia.org/wiki/AU$
https://en.wikipedia.org/wiki/Geelong,_Victoria https://en.wikipedia.org/wiki/Big_W
https://en.wikipedia.org/wiki/Geelong,_Victoria https://en.wikipedia.org/wiki/Swimming_pool
https://en.wikipedia.org/wiki/Geelong,_Victoria https://en.wikipedia.org/wiki/Government_of_Victoria
https://en.wikipedia.org/wiki/Geelong,_Victoria https://en.wikipedia.org/wiki/Transport_Accident_Commission
https://en.wikipedia.org/wiki/Geelong,_Victoria https://en.wikipedia.org/wiki/Lake_Connewarre
https://en.wikipedia.org/wiki/Geelong,_Victoria https://en.wikipedia.org/wiki/Cambrian
https://en.wikipedia.org/wiki/Geelong,_Victoria https://en.wikipedia.org/wiki/Volcano
https://en.wikipedia.org/wiki/Geelong,_Victoria https://en.wikipedia.org/wiki/Devonian
https://en.wikipedia.org/wiki/Geelong,_Victoria https://en.wikipedia.org/wiki/Prehistoric
https://en.wikipedia.org/wiki/Geelong,_Victoria https://en.wikipedia.org/wiki/Lowland
https://en.wikipedia.org/wiki/Geelong,_Victoria https://en.wikipedia.org/wiki/Moriac,_Victoria
https://en.wikipedia.org/wiki/Geelong,_Victoria https://en.wikipedia.org/wiki/Lava
https://en.wikipedia.org/wiki/Geelong,_Victoria https://en.wikipedia.org/wiki/Barrabool_Hills
https://en.wikipedia.org/wiki/Geelong,_Victoria https://en.wikipedia.org/wiki/Brisbane_Ranges
https://en.wikipedia.org/wiki/Geelong,_Victoria https://en.wikipedia.org/wiki/You_Yangs
https://en.wikipedia.org/wiki/Geelong,_Victoria https://en.wikipedia.org/wiki/Agriculture
https://en.wikipedia.org/wiki/Geelong,_Victoria https://en.wikipedia.org/wiki/Grazing
https://en.wikipedia.org/wiki/Geelong,_Victoria https://en.wikipedia.org/wiki/Forestry
https://en.wikipedia.org/wiki/Geelong,_Victoria https://en.wikipedia.org/wiki/Viticulture
https://en.wikipedia.org/wiki/Geelong,_Victoria https://en.wikipedia.org/wiki/Quarry
https://en.wikipedia.org/wiki/Geelong,_Victoria https://en.wikipedia.org/wiki/Bluestone
https://en.wikipedia.org/wiki/Geelong,_Victoria https://en.wikipedia.org/wiki/Sandstone
https://en.wikipedia.org/wiki/Geelong,_Victoria https://en.wikipedia.org/wiki/Brown_coal
https://en.wikipedia.org/wiki/Geelong,_Victoria https://en.wikipedia.org/wiki/Anglesea,_Victoria
https://en.wikipedia.org/wiki/Geelong,_Victoria https://en.wikipedia.org/wiki/Anglesea_Power_Station,_Victoria_(Australia)
https://en.wikipedia.org/wiki/Geelong,_Victoria https://en.wikipedia.org/wiki/Limestone
https://en.wikipedia.org/wiki/Geelong,_Victoria https://en.wikipedia.org/wiki/Cement
https://en.wikipedia.org/wiki/Geelong,_Victoria https://en.wikipedia.org/wiki/Balliang
https://en.wikipedia.org/wiki/Geelong,_Victoria https://en.wikipedia.org/wiki/Barwon_Heads
https://en.wikipedia.org/wiki/Geelong,_Victoria https://en.wikipedia.org/wiki/Batesford
https://en.wikipedia.org/wiki/Geelong,_Victoria https://en.wikipedia.org/wiki/Bell_Park
https://en.wikipedia.org/wiki/Geelong,_Victoria https://en.wikipedia.org/wiki/Bell_Post_Hill
https://en.wikipedia.org/wiki/Geelong,_Victoria https://en.wikipedia.org/wiki/Bellarine
https://en.wikipedia.org/wiki/Geelong,_Victoria https://en.wikipedia.org/wiki/Breamlea
https://en.wikipedia.org/wiki/Geelong,_Victoria https://en.wikipedia.org/wiki/Connewarre
https://en.wikipedia.org/wiki/Geelong,_Victoria https://en.wikipedia.org/wiki/Curlewis
https://en.wikipedia.org/wiki/Geelong,_Victoria https://en.wikipedia.org/wiki/East_Geelong
https://en.wikipedia.org/wiki/Geelong,_Victoria https://en.wikipedia.org/wiki/Geelong_West
https://en.wikipedia.org/wiki/Geelong,_Victoria https://en.wikipedia.org/wiki/Grovedale
https://en.wikipedia.org/wiki/Geelong,_Victoria https://en.wikipedia.org/wiki/Hamlyn_Heights
https://en.wikipedia.org/wiki/Geelong,_Victoria https://en.wikipedia.org/wiki/Herne_Hill
https://en.wikipedia.org/wiki/Geelong,_Victoria https://en.wikipedia.org/wiki/Highton
https://en.wikipedia.org/wiki/Geelong,_Victoria https://en.wikipedia.org/wiki/Lovely_Banks
https://en.wikipedia.org/wiki/Geelong,_Victoria https://en.wikipedia.org/wiki/Manifold_Heights
https://en.wikipedia.org/wiki/Geelong,_Victoria https://en.wikipedia.org/wiki/Mannerim
https://en.wikipedia.org/wiki/Geelong,_Victoria https://en.wikipedia.org/wiki/Moolap
https://en.wikipedia.org/wiki/Geelong,_Victoria https://en.wikipedia.org/wiki/Moorabool
https://en.wikipedia.org/wiki/Geelong,_Victoria https://en.wikipedia.org/wiki/Mount_Duneed
https://en.wikipedia.org/wiki/Geelong,_Victoria https://en.wikipedia.org/wiki/Point_Lonsdale
https://en.wikipedia.org/wiki/Geelong,_Victoria https://en.wikipedia.org/wiki/Point_Wilson
https://en.wikipedia.org/wiki/Geelong,_Victoria https://en.wikipedia.org/wiki/St_Albans_Park
https://en.wikipedia.org/wiki/Geelong,_Victoria https://en.wikipedia.org/wiki/Staughton_Vale
https://en.wikipedia.org/wiki/Geelong,_Victoria https://en.wikipedia.org/wiki/Swan_Bay
https://en.wikipedia.org/wiki/Geelong,_Victoria https://en.wikipedia.org/wiki/Wandana_Heights
https://en.wikipedia.org/wiki/Geelong,_Victoria https://en.wikipedia.org/wiki/Heavy_industry
https://en.wikipedia.org/wiki/Geelong,_Victoria https://en.wikipedia.org/wiki/Housing_Commission_of_Victoria
https://en.wikipedia.org/wiki/Geelong,_Victoria https://en.wikipedia.org/wiki/Light_industrial
https://en.wikipedia.org/wiki/Geelong,_Victoria https://en.wikipedia.org/wiki/Armstrong_Creek_Growth_Area
https://en.wikipedia.org/wiki/Geelong,_Victoria https://en.wikipedia.org/wiki/Balyang_Sanctuary
https://en.wikipedia.org/wiki/Geelong,_Victoria https://en.wikipedia.org/wiki/Point_Lonsdale_Lighthouse
https://en.wikipedia.org/wiki/Geelong,_Victoria https://en.wikipedia.org/wiki/Queenscliffe_Maritime_Museum
https://en.wikipedia.org/wiki/Geelong,_Victoria https://en.wikipedia.org/wiki/Rippleside_Park
https://en.wikipedia.org/wiki/Geelong,_Victoria https://en.wikipedia.org/wiki/Searoad_Ferries
https://en.wikipedia.org/wiki/Geelong,_Victoria https://en.wikipedia.org/wiki/Sorrento,_Victoria
https://en.wikipedia.org/wiki/Geelong,_Victoria https://en.wikipedia.org/wiki/Serendip_Sanctuary
https://en.wikipedia.org/wiki/Geelong,_Victoria https://en.wikipedia.org/wiki/Geelong_Botanic_Gardens
https://en.wikipedia.org/wiki/Geelong,_Victoria https://en.wikipedia.org/wiki/Eastern_Beach,_Australia
https://en.wikipedia.org/wiki/Geelong,_Victoria https://en.wikipedia.org/wiki/Ozone_(paddle_steamer)
https://en.wikipedia.org/wiki/Geelong,_Victoria https://en.wikipedia.org/wiki/You_Yangs_Regional_Park
https://en.wikipedia.org/wiki/Geelong,_Victoria https://en.wikipedia.org/wiki/Temperate
https://en.wikipedia.org/wiki/Geelong,_Victoria https://en.wikipedia.org/wiki/Oceanic_climate
https://en.wikipedia.org/wiki/Geelong,_Victoria https://en.wikipedia.org/wiki/K%C3%B6ppen_climate_classification
https://en.wikipedia.org/wiki/Geelong,_Victoria https://en.wikipedia.org/wiki/Precipitation_(meteorology)
https://en.wikipedia.org/wiki/Geelong,_Victoria https://en.wikipedia.org/wiki/Early_2009_southeastern_Australia_heat_wave
https://en.wikipedia.org/wiki/Geelong,_Victoria https://en.wikipedia.org/wiki/Rain_shadow
https://en.wikipedia.org/wiki/Geelong,_Victoria https://en.wikipedia.org/wiki/Relative_humidity
https://en.wikipedia.org/wiki/Geelong,_Victoria https://en.wikipedia.org/wiki/Target_Australia
https://en.wikipedia.org/wiki/Geelong,_Victoria https://en.wikipedia.org/wiki/GMHBA_Limited
https://en.wikipedia.org/wiki/Geelong,_Victoria https://en.wikipedia.org/wiki/Victorian_Heritage_Register
https://en.wikipedia.org/wiki/Geelong,_Victoria https://en.wikipedia.org/wiki/Waurn_Ponds_Shopping_Centre
https://en.wikipedia.org/wiki/Geelong,_Victoria https://en.wikipedia.org/wiki/Mitre_10
https://en.wikipedia.org/wiki/Geelong,_Victoria https://en.wikipedia.org/wiki/CSIRO
https://en.wikipedia.org/wiki/Geelong,_Victoria https://en.wikipedia.org/wiki/Broadmeadows,_Victoria
https://en.wikipedia.org/wiki/Geelong,_Victoria https://en.wikipedia.org/wiki/Alcoa_World_Alumina_and_Chemicals
https://en.wikipedia.org/wiki/Geelong,_Victoria https://en.wikipedia.org/wiki/Recession
https://en.wikipedia.org/wiki/Geelong,_Victoria https://en.wikipedia.org/wiki/Williams_Landing
https://en.wikipedia.org/wiki/Geelong,_Victoria https://en.wikipedia.org/wiki/Census
https://en.wikipedia.org/wiki/Geelong,_Victoria https://en.wikipedia.org/wiki/Median_(statistics)
https://en.wikipedia.org/wiki/Geelong,_Victoria https://en.wikipedia.org/wiki/England
https://en.wikipedia.org/wiki/Geelong,_Victoria https://en.wikipedia.org/wiki/Italy
https://en.wikipedia.org/wiki/Geelong,_Victoria https://en.wikipedia.org/wiki/Croatia
https://en.wikipedia.org/wiki/Geelong,_Victoria https://en.wikipedia.org/wiki/Netherlands
https://en.wikipedia.org/wiki/Geelong,_Victoria https://en.wikipedia.org/wiki/Scotland
https://en.wikipedia.org/wiki/Geelong,_Victoria https://en.wikipedia.org/wiki/English_(language)
https://en.wikipedia.org/wiki/Geelong,_Victoria https://en.wikipedia.org/wiki/Croats
https://en.wikipedia.org/wiki/Geelong,_Victoria https://en.wikipedia.org/wiki/Prussia
https://en.wikipedia.org/wiki/Geelong,_Victoria https://en.wikipedia.org/wiki/Lutheranism
https://en.wikipedia.org/wiki/Geelong,_Victoria https://en.wikipedia.org/wiki/Catholic_Church_in_Australia
https://en.wikipedia.org/wiki/Geelong,_Victoria https://en.wikipedia.org/wiki/St._Mary_of_the_Angels_Basilica,_Geelong
https://en.wikipedia.org/wiki/Geelong,_Victoria https://en.wikipedia.org/wiki/Irreligion
https://en.wikipedia.org/wiki/Geelong,_Victoria https://en.wikipedia.org/wiki/Anglican
https://en.wikipedia.org/wiki/Geelong,_Victoria https://en.wikipedia.org/wiki/Uniting_Church
https://en.wikipedia.org/wiki/Geelong,_Victoria https://en.wikipedia.org/wiki/List_of_Presbyterian_denominations_in_Australia
https://en.wikipedia.org/wiki/Geelong,_Victoria https://en.wikipedia.org/wiki/Eastern_Orthodox_Church
https://en.wikipedia.org/wiki/Geelong,_Victoria https://en.wikipedia.org/wiki/Local_government_in_Australia
https://en.wikipedia.org/wiki/Geelong,_Victoria https://en.wikipedia.org/wiki/Municipality
https://en.wikipedia.org/wiki/Geelong,_Victoria https://en.wikipedia.org/wiki/Ward_(country_subdivision)
https://en.wikipedia.org/wiki/Geelong,_Victoria https://en.wikipedia.org/wiki/Councillor
https://en.wikipedia.org/wiki/Geelong,_Victoria https://en.wikipedia.org/wiki/Postal_voting
https://en.wikipedia.org/wiki/Geelong,_Victoria https://en.wikipedia.org/wiki/Mayor_of_Geelong
https://en.wikipedia.org/wiki/Geelong,_Victoria https://en.wikipedia.org/wiki/Paparazzo
https://en.wikipedia.org/wiki/Geelong,_Victoria https://en.wikipedia.org/wiki/Darryn_Lyons
https://en.wikipedia.org/wiki/Geelong,_Victoria https://en.wikipedia.org/wiki/Victorian_Government
https://en.wikipedia.org/wiki/Geelong,_Victoria https://en.wikipedia.org/wiki/City_of_Greater_Geelong#Council
https://en.wikipedia.org/wiki/Geelong,_Victoria https://en.wikipedia.org/wiki/Politics_of_Victoria
https://en.wikipedia.org/wiki/Geelong,_Victoria https://en.wikipedia.org/wiki/Victorian_Legislative_Assembly
https://en.wikipedia.org/wiki/Geelong,_Victoria https://en.wikipedia.org/wiki/Politics_of_Australia
https://en.wikipedia.org/wiki/Geelong,_Victoria https://en.wikipedia.org/wiki/Australian_House_of_Representatives
https://en.wikipedia.org/wiki/Geelong,_Victoria https://en.wikipedia.org/wiki/Richard_Casey,_Baron_Casey
https://en.wikipedia.org/wiki/Geelong,_Victoria https://en.wikipedia.org/wiki/Governor-General_of_Australia
https://en.wikipedia.org/wiki/Geelong,_Victoria https://en.wikipedia.org/wiki/Hubert_Opperman
https://en.wikipedia.org/wiki/Geelong,_Victoria https://en.wikipedia.org/wiki/Gordon_Scholes
https://en.wikipedia.org/wiki/Geelong,_Victoria https://en.wikipedia.org/wiki/Speaker_of_the_Australian_House_of_Representatives
https://en.wikipedia.org/wiki/Geelong,_Victoria https://en.wikipedia.org/wiki/Gough_Whitlam
https://en.wikipedia.org/wiki/Geelong,_Victoria https://en.wikipedia.org/wiki/Liberal_Party_of_Australia
https://en.wikipedia.org/wiki/Geelong,_Victoria https://en.wikipedia.org/wiki/Prime_Minister_of_Australia
https://en.wikipedia.org/wiki/Geelong,_Victoria https://en.wikipedia.org/wiki/James_Scullin
https://en.wikipedia.org/wiki/Geelong,_Victoria https://en.wikipedia.org/wiki/Australian_federal_election,_2007
https://en.wikipedia.org/wiki/Geelong,_Victoria https://en.wikipedia.org/wiki/Royal_Geelong_Show
https://en.wikipedia.org/wiki/Geelong,_Victoria https://en.wikipedia.org/wiki/Geelong_Showgrounds
https://en.wikipedia.org/wiki/Geelong,_Victoria https://en.wikipedia.org/wiki/Pako_Festa
https://en.wikipedia.org/wiki/Geelong,_Victoria https://en.wikipedia.org/wiki/F%C3%A9d%C3%A9ration_Internationale_de_l%27Art_Photographique
https://en.wikipedia.org/wiki/Geelong,_Victoria https://en.wikipedia.org/wiki/Geelong_Heritage_Centre
https://en.wikipedia.org/wiki/Geelong,_Victoria https://en.wikipedia.org/wiki/Pubs
https://en.wikipedia.org/wiki/Geelong,_Victoria https://en.wikipedia.org/wiki/Nightclubs
https://en.wikipedia.org/wiki/Geelong,_Victoria https://en.wikipedia.org/wiki/Barry_Crocker
https://en.wikipedia.org/wiki/Geelong,_Victoria https://en.wikipedia.org/wiki/Gyan_Evans
https://en.wikipedia.org/wiki/Geelong,_Victoria https://en.wikipedia.org/wiki/Magic_Dirt
https://en.wikipedia.org/wiki/Geelong,_Victoria https://en.wikipedia.org/wiki/Jeff_Lang
https://en.wikipedia.org/wiki/Geelong,_Victoria https://en.wikipedia.org/wiki/Denis_Walter
https://en.wikipedia.org/wiki/Geelong,_Victoria https://en.wikipedia.org/wiki/Chrissy_Amphlett
https://en.wikipedia.org/wiki/Geelong,_Victoria https://en.wikipedia.org/wiki/Helen_Garner
https://en.wikipedia.org/wiki/Geelong,_Victoria https://en.wikipedia.org/wiki/Queenscliff_Music_Festival
https://en.wikipedia.org/wiki/Geelong,_Victoria https://en.wikipedia.org/wiki/Meredith_Music_Festival
https://en.wikipedia.org/wiki/Geelong,_Victoria https://en.wikipedia.org/wiki/Offshore_Festival
https://en.wikipedia.org/wiki/Geelong,_Victoria https://en.wikipedia.org/wiki/Geelong_Independent
https://en.wikipedia.org/wiki/Geelong,_Victoria https://en.wikipedia.org/wiki/Geelong_News
https://en.wikipedia.org/wiki/Geelong,_Victoria https://en.wikipedia.org/wiki/Free-to-air
https://en.wikipedia.org/wiki/Geelong,_Victoria https://en.wikipedia.org/wiki/Australian_Broadcasting_Corporation
https://en.wikipedia.org/wiki/Geelong,_Victoria https://en.wikipedia.org/wiki/Special_Broadcasting_Service
https://en.wikipedia.org/wiki/Geelong,_Victoria https://en.wikipedia.org/wiki/Seven_Network
https://en.wikipedia.org/wiki/Geelong,_Victoria https://en.wikipedia.org/wiki/Nine_Network
https://en.wikipedia.org/wiki/Geelong,_Victoria https://en.wikipedia.org/wiki/Network_Ten
https://en.wikipedia.org/wiki/Geelong,_Victoria https://en.wikipedia.org/wiki/C31_Melbourne
https://en.wikipedia.org/wiki/Geelong,_Victoria https://en.wikipedia.org/wiki/Cable_television
https://en.wikipedia.org/wiki/Geelong,_Victoria https://en.wikipedia.org/wiki/Satellite_television
https://en.wikipedia.org/wiki/Geelong,_Victoria https://en.wikipedia.org/wiki/Foxtel
https://en.wikipedia.org/wiki/Geelong,_Victoria https://en.wikipedia.org/wiki/Neighbourhood_Cable
https://en.wikipedia.org/wiki/Geelong,_Victoria https://en.wikipedia.org/wiki/95.5_K-Rock
https://en.wikipedia.org/wiki/Geelong,_Victoria https://en.wikipedia.org/wiki/Rhema_FM
https://en.wikipedia.org/wiki/Geelong,_Victoria https://en.wikipedia.org/wiki/Hot_Country_Radio
https://en.wikipedia.org/wiki/Geelong,_Victoria https://en.wikipedia.org/wiki/94.7_The_Pulse
https://en.wikipedia.org/wiki/Geelong,_Victoria https://en.wikipedia.org/wiki/3GPH
https://en.wikipedia.org/wiki/Geelong,_Victoria https://en.wikipedia.org/wiki/93.9_Bay_FM
https://en.wikipedia.org/wiki/Geelong,_Victoria https://en.wikipedia.org/wiki/Visual_art
https://en.wikipedia.org/wiki/Geelong,_Victoria https://en.wikipedia.org/wiki/Eugene_von_Guerard
https://en.wikipedia.org/wiki/Geelong,_Victoria https://en.wikipedia.org/wiki/SeaChange
https://en.wikipedia.org/wiki/Geelong,_Victoria https://en.wikipedia.org/wiki/On_the_Beach_(1959_film)
https://en.wikipedia.org/wiki/Geelong,_Victoria https://en.wikipedia.org/wiki/Mad_Max
https://en.wikipedia.org/wiki/Geelong,_Victoria https://en.wikipedia.org/wiki/Everynight_..._Everynight
https://en.wikipedia.org/wiki/Geelong,_Victoria https://en.wikipedia.org/wiki/Ned_Kelly_(2003_film)
https://en.wikipedia.org/wiki/Geelong,_Victoria https://en.wikipedia.org/wiki/Ghost_Rider_(2007_film)
https://en.wikipedia.org/wiki/Geelong,_Victoria https://en.wikipedia.org/wiki/Little_River_Earth_Sanctuary
https://en.wikipedia.org/wiki/Geelong,_Victoria https://en.wikipedia.org/wiki/December_Boys
https://en.wikipedia.org/wiki/Geelong,_Victoria https://en.wikipedia.org/wiki/Knowing_(film)
https://en.wikipedia.org/wiki/Geelong,_Victoria https://en.wikipedia.org/wiki/Royal_Australian_Navy
https://en.wikipedia.org/wiki/Geelong,_Victoria https://en.wikipedia.org/wiki/HMAS_Geelong_(J201)
https://en.wikipedia.org/wiki/Geelong,_Victoria https://en.wikipedia.org/wiki/HMAS_Geelong_(FCPB_215)
https://en.wikipedia.org/wiki/Geelong,_Victoria https://en.wikipedia.org/wiki/Contagion_(film)
https://en.wikipedia.org/wiki/Geelong,_Victoria https://en.wikipedia.org/wiki/List_of_schools_in_Geelong
https://en.wikipedia.org/wiki/Geelong,_Victoria https://en.wikipedia.org/wiki/Public_education
https://en.wikipedia.org/wiki/Geelong,_Victoria https://en.wikipedia.org/wiki/Private_education
https://en.wikipedia.org/wiki/Geelong,_Victoria https://en.wikipedia.org/wiki/The_Geelong_College
https://en.wikipedia.org/wiki/Geelong,_Victoria https://en.wikipedia.org/wiki/Geelong_Grammar_School
https://en.wikipedia.org/wiki/Geelong,_Victoria https://en.wikipedia.org/wiki/Charles,_Prince_of_Wales
https://en.wikipedia.org/wiki/Geelong,_Victoria https://en.wikipedia.org/wiki/Geelong_High_School
https://en.wikipedia.org/wiki/Geelong,_Victoria https://en.wikipedia.org/wiki/Private_hospital
https://en.wikipedia.org/wiki/Geelong,_Victoria https://en.wikipedia.org/wiki/St_John_of_God_Health_Care
https://en.wikipedia.org/wiki/Geelong,_Victoria https://en.wikipedia.org/wiki/Otway_Ranges
https://en.wikipedia.org/wiki/Geelong,_Victoria https://en.wikipedia.org/wiki/Steiglitz,_Victoria
https://en.wikipedia.org/wiki/Geelong,_Victoria https://en.wikipedia.org/wiki/Sewage_treatment
https://en.wikipedia.org/wiki/Geelong,_Victoria https://en.wikipedia.org/wiki/Electrical_grid
https://en.wikipedia.org/wiki/Geelong,_Victoria https://en.wikipedia.org/wiki/Latrobe_Valley
https://en.wikipedia.org/wiki/Geelong,_Victoria https://en.wikipedia.org/wiki/Coal_gas
https://en.wikipedia.org/wiki/Geelong,_Victoria https://en.wikipedia.org/wiki/Geelong_Gas_Company
https://en.wikipedia.org/wiki/Geelong,_Victoria https://en.wikipedia.org/wiki/Gasworks
https://en.wikipedia.org/wiki/Geelong,_Victoria https://en.wikipedia.org/wiki/North_Geelong_railway_station
https://en.wikipedia.org/wiki/Geelong,_Victoria https://en.wikipedia.org/wiki/Natural_gas
https://en.wikipedia.org/wiki/Geelong,_Victoria https://en.wikipedia.org/wiki/Gas_and_Fuel_Corporation_of_Victoria
https://en.wikipedia.org/wiki/Geelong,_Victoria https://en.wikipedia.org/wiki/Automobile
https://en.wikipedia.org/wiki/Geelong,_Victoria https://en.wikipedia.org/wiki/Bellarine_Highway
https://en.wikipedia.org/wiki/Geelong,_Victoria https://en.wikipedia.org/wiki/Midland_Highway_(Victoria)
https://en.wikipedia.org/wiki/Geelong,_Victoria https://en.wikipedia.org/wiki/Hamilton_Highway
https://en.wikipedia.org/wiki/Geelong,_Victoria https://en.wikipedia.org/wiki/Lewis_Bandt_Bridge
https://en.wikipedia.org/wiki/Geelong,_Victoria https://en.wikipedia.org/wiki/Coup%C3%A9_utility
https://en.wikipedia.org/wiki/Geelong,_Victoria https://en.wikipedia.org/wiki/Rail_transport_in_Victoria
https://en.wikipedia.org/wiki/Geelong,_Victoria https://en.wikipedia.org/wiki/Geelong_V/Line_rail_service
https://en.wikipedia.org/wiki/Geelong,_Victoria https://en.wikipedia.org/wiki/Warrnambool_V/Line_rail_service
https://en.wikipedia.org/wiki/Geelong,_Victoria https://en.wikipedia.org/wiki/Western_standard_gauge_line
https://en.wikipedia.org/wiki/Geelong,_Victoria https://en.wikipedia.org/wiki/Geelong-Ballarat_railway_line
https://en.wikipedia.org/wiki/Geelong,_Victoria https://en.wikipedia.org/wiki/Diesel_engine
https://en.wikipedia.org/wiki/Geelong,_Victoria https://en.wikipedia.org/wiki/Terang,_Victoria
https://en.wikipedia.org/wiki/Geelong,_Victoria https://en.wikipedia.org/wiki/Camperdown,_Victoria
https://en.wikipedia.org/wiki/Geelong,_Victoria https://en.wikipedia.org/wiki/Great_Southern_Rail_(Australia)
https://en.wikipedia.org/wiki/Geelong,_Victoria https://en.wikipedia.org/wiki/The_Overland
https://en.wikipedia.org/wiki/Geelong,_Victoria https://en.wikipedia.org/wiki/North_Shore_railway_station
https://en.wikipedia.org/wiki/Geelong,_Victoria https://en.wikipedia.org/wiki/Melbourne-Adelaide_railway
https://en.wikipedia.org/wiki/Geelong,_Victoria https://en.wikipedia.org/wiki/Myki
https://en.wikipedia.org/wiki/Geelong,_Victoria https://en.wikipedia.org/wiki/Marshall_railway_station
https://en.wikipedia.org/wiki/Geelong,_Victoria https://en.wikipedia.org/wiki/Port
https://en.wikipedia.org/wiki/Geelong,_Victoria https://en.wikipedia.org/wiki/Crude_oil
https://en.wikipedia.org/wiki/Geelong,_Victoria https://en.wikipedia.org/wiki/Grain
https://en.wikipedia.org/wiki/Geelong,_Victoria https://en.wikipedia.org/wiki/Woodchipping
https://en.wikipedia.org/wiki/Geelong,_Victoria https://en.wikipedia.org/wiki/Alumina
https://en.wikipedia.org/wiki/Geelong,_Victoria https://en.wikipedia.org/wiki/Mornington_Peninsula
https://en.wikipedia.org/wiki/Geelong,_Victoria https://en.wikipedia.org/wiki/Searoad_ferry
https://en.wikipedia.org/wiki/Geelong,_Victoria https://en.wikipedia.org/wiki/Sorrento
https://en.wikipedia.org/wiki/Geelong,_Victoria https://en.wikipedia.org/wiki/Docklands,_Victoria
https://en.wikipedia.org/wiki/Geelong,_Victoria https://en.wikipedia.org/wiki/Geelong_Transit_System
https://en.wikipedia.org/wiki/Geelong,_Victoria https://en.wikipedia.org/wiki/Public_Transport_Victoria
https://en.wikipedia.org/wiki/Geelong,_Victoria https://en.wikipedia.org/wiki/CDC_Geelong
https://en.wikipedia.org/wiki/Geelong,_Victoria https://en.wikipedia.org/wiki/McHarry%27s_Buslines
https://en.wikipedia.org/wiki/Geelong,_Victoria https://en.wikipedia.org/wiki/Daylesford,_Victoria
https://en.wikipedia.org/wiki/Geelong,_Victoria https://en.wikipedia.org/wiki/Apollo_Bay,_Victoria
https://en.wikipedia.org/wiki/Geelong,_Victoria https://en.wikipedia.org/wiki/Bicycle
https://en.wikipedia.org/wiki/Geelong,_Victoria https://en.wikipedia.org/wiki/Bellarine_Rail_Trail
https://en.wikipedia.org/wiki/Geelong,_Victoria https://en.wikipedia.org/wiki/Ted_Wilson_trail
https://en.wikipedia.org/wiki/Geelong,_Victoria https://en.wikipedia.org/wiki/Oldest_football_club
https://en.wikipedia.org/wiki/Geelong,_Victoria https://en.wikipedia.org/wiki/VFL/AFL
https://en.wikipedia.org/wiki/Geelong,_Victoria https://en.wikipedia.org/wiki/Docklands_Stadium
https://en.wikipedia.org/wiki/Geelong,_Victoria https://en.wikipedia.org/wiki/Victorian_Football_League
https://en.wikipedia.org/wiki/Geelong,_Victoria https://en.wikipedia.org/wiki/Melbourne_Cricket_Ground
https://en.wikipedia.org/wiki/Geelong,_Victoria https://en.wikipedia.org/wiki/Geelong_Football_League
https://en.wikipedia.org/wiki/Geelong,_Victoria https://en.wikipedia.org/wiki/Geelong_%26_District_Football_League
https://en.wikipedia.org/wiki/Geelong,_Victoria https://en.wikipedia.org/wiki/Bellarine_Football_League
https://en.wikipedia.org/wiki/Geelong,_Victoria https://en.wikipedia.org/wiki/Geelong_Supercats
https://en.wikipedia.org/wiki/Geelong,_Victoria https://en.wikipedia.org/wiki/2006_Commonwealth_Games
https://en.wikipedia.org/wiki/Geelong,_Victoria https://en.wikipedia.org/wiki/Corio_Bay_Stingrays
https://en.wikipedia.org/wiki/Geelong,_Victoria https://en.wikipedia.org/wiki/2003_FIBA_Oceania_Championship
https://en.wikipedia.org/wiki/Geelong,_Victoria https://en.wikipedia.org/wiki/Australia%27s_national_basketball_team
https://en.wikipedia.org/wiki/Geelong,_Victoria https://en.wikipedia.org/wiki/North_Geelong_Warriors_FC
https://en.wikipedia.org/wiki/Geelong,_Victoria https://en.wikipedia.org/wiki/National_Premier_Leagues_Victoria
https://en.wikipedia.org/wiki/Geelong,_Victoria https://en.wikipedia.org/wiki/Victorian_Premier_League
https://en.wikipedia.org/wiki/Geelong,_Victoria https://en.wikipedia.org/wiki/Geelong_SC
https://en.wikipedia.org/wiki/Geelong,_Victoria https://en.wikipedia.org/wiki/Victorian_Rugby_League
https://en.wikipedia.org/wiki/Geelong,_Victoria https://en.wikipedia.org/wiki/Thoroughbred_racing_in_Australia
https://en.wikipedia.org/wiki/Geelong,_Victoria https://en.wikipedia.org/wiki/Melbourne_Cup
https://en.wikipedia.org/wiki/Geelong,_Victoria https://en.wikipedia.org/wiki/Picnic_horse_racing
https://en.wikipedia.org/wiki/Geelong,_Victoria https://en.wikipedia.org/wiki/2007_Bay_Classic_Series
https://en.wikipedia.org/wiki/Geelong,_Victoria https://en.wikipedia.org/wiki/Triathlon
https://en.wikipedia.org/wiki/Geelong,_Victoria https://en.wikipedia.org/wiki/Sports_car
https://en.wikipedia.org/wiki/Geelong,_Victoria https://en.wikipedia.org/wiki/Racing_car
https://en.wikipedia.org/wiki/Geelong,_Victoria https://en.wikipedia.org/wiki/Water_skiing
https://en.wikipedia.org/wiki/Geelong,_Victoria https://en.wikipedia.org/wiki/Rowing_(sport)
https://en.wikipedia.org/wiki/Geelong,_Victoria https://en.wikipedia.org/wiki/Fishing
https://en.wikipedia.org/wiki/Geelong,_Victoria https://en.wikipedia.org/wiki/Hiking
https://en.wikipedia.org/wiki/Geelong,_Victoria https://en.wikipedia.org/wiki/Skate_park
https://en.wikipedia.org/wiki/Geelong,_Victoria https://en.wikipedia.org/wiki/Bev_Francis
https://en.wikipedia.org/wiki/Geelong,_Victoria https://en.wikipedia.org/wiki/Female_bodybuilding
https://en.wikipedia.org/wiki/Geelong,_Victoria https://en.wikipedia.org/wiki/Powerlifting
https://en.wikipedia.org/wiki/Geelong,_Victoria https://en.wikipedia.org/wiki/Shot_put
https://en.wikipedia.org/wiki/Geelong,_Victoria https://en.wikipedia.org/wiki/Geelong_Field_Naturalists_Club
https://en.wikipedia.org/wiki/Geelong,_Victoria https://en.wikipedia.org/wiki/List_of_cities_in_Australia#Victoria
https://en.wikipedia.org/wiki/Geelong,_Victoria https://en.wikipedia.org/wiki/List_of_Heritage_listed_buildings_in_Geelong
https://en.wikipedia.org/wiki/Geelong,_Victoria https://en.wikipedia.org/wiki/Geelong%27s_Woolstores
https://en.wikipedia.org/wiki/Geelong,_Victoria https://en.wikipedia.org/wiki/Macquarie_Dictionary
https://en.wikipedia.org/wiki/Geelong,_Victoria https://en.wikipedia.org/wiki/State_Library_of_Victoria
https://en.wikipedia.org/wiki/Geelong,_Victoria https://en.wikipedia.org/wiki/AllMusic
https://en.wikipedia.org/wiki/Geelong,_Victoria https://en.wikipedia.org/wiki/Penguin_Books
https://en.wikipedia.org/wiki/Geelong,_Victoria https://en.wikipedia.org/wiki/IMDb
https://en.wikipedia.org/wiki/Geelong,_Victoria https://en.wikipedia.org/wiki/Wayback_Machine
https://en.wikipedia.org/wiki/Geelong,_Victoria https://en.wikipedia.org/wiki/International_Federation_of_Bodybuilding_and_Fitness
https://en.wikipedia.org/wiki/Geelong,_Victoria https://en.wikipedia.org/wiki/Balliang,_Victoria
https://en.wikipedia.org/wiki/Geelong,_Victoria https://en.wikipedia.org/wiki/Barwon_Heads,_Victoria
https://en.wikipedia.org/wiki/Geelong,_Victoria https://en.wikipedia.org/wiki/Batesford,_Victoria
https://en.wikipedia.org/wiki/Geelong,_Victoria https://en.wikipedia.org/wiki/Bell_Park,_Victoria
https://en.wikipedia.org/wiki/Geelong,_Victoria https://en.wikipedia.org/wiki/Bell_Post_Hill,_Victoria
https://en.wikipedia.org/wiki/Geelong,_Victoria https://en.wikipedia.org/wiki/Bellarine,_Victoria
https://en.wikipedia.org/wiki/Geelong,_Victoria https://en.wikipedia.org/wiki/Connewarre,_Victoria
https://en.wikipedia.org/wiki/Geelong,_Victoria https://en.wikipedia.org/wiki/Curlewis,_Victoria
https://en.wikipedia.org/wiki/Geelong,_Victoria https://en.wikipedia.org/wiki/Hamlyn_Heights,_Victoria
https://en.wikipedia.org/wiki/Geelong,_Victoria https://en.wikipedia.org/wiki/Herne_Hill,_Victoria
https://en.wikipedia.org/wiki/Geelong,_Victoria https://en.wikipedia.org/wiki/Indented_Head,_Victoria
https://en.wikipedia.org/wiki/Geelong,_Victoria https://en.wikipedia.org/wiki/Manifold_Heights,_Victoria
https://en.wikipedia.org/wiki/Geelong,_Victoria https://en.wikipedia.org/wiki/Mannerim,_Victoria
https://en.wikipedia.org/wiki/Geelong,_Victoria https://en.wikipedia.org/wiki/Moorabool,_Victoria
https://en.wikipedia.org/wiki/Geelong,_Victoria https://en.wikipedia.org/wiki/Point_Lonsdale,_Victoria
https://en.wikipedia.org/wiki/Geelong,_Victoria https://en.wikipedia.org/wiki/Point_Wilson,_Victoria
https://en.wikipedia.org/wiki/Geelong,_Victoria https://en.wikipedia.org/wiki/Rippleside,_Victoria
https://en.wikipedia.org/wiki/Geelong,_Victoria https://en.wikipedia.org/wiki/St_Albans_Park,_Victoria
https://en.wikipedia.org/wiki/Geelong,_Victoria https://en.wikipedia.org/wiki/Staughton_Vale,_Victoria
https://en.wikipedia.org/wiki/Geelong,_Victoria https://en.wikipedia.org/wiki/Swan_Bay,_Victoria
https://en.wikipedia.org/wiki/Geelong,_Victoria https://en.wikipedia.org/wiki/Wandana_Heights,_Victoria
https://en.wikipedia.org/wiki/Geelong,_Victoria https://en.wikipedia.org/wiki/List_of_cities_in_Australia
https://en.wikipedia.org/wiki/Geelong,_Victoria https://en.wikipedia.org/wiki/Australian_Capital_Territory
https://en.wikipedia.org/wiki/Geelong,_Victoria https://en.wikipedia.org/wiki/Canberra
https://en.wikipedia.org/wiki/Geelong,_Victoria https://en.wikipedia.org/wiki/Albury
https://en.wikipedia.org/wiki/Geelong,_Victoria https://en.wikipedia.org/wiki/Armidale,_New_South_Wales
https://en.wikipedia.org/wiki/Geelong,_Victoria https://en.wikipedia.org/wiki/Bathurst,_New_South_Wales
https://en.wikipedia.org/wiki/Geelong,_Victoria https://en.wikipedia.org/wiki/Broken_Hill
https://en.wikipedia.org/wiki/Geelong,_Victoria https://en.wikipedia.org/wiki/Cessnock,_New_South_Wales
https://en.wikipedia.org/wiki/Geelong,_Victoria https://en.wikipedia.org/wiki/Coffs_Harbour
https://en.wikipedia.org/wiki/Geelong,_Victoria https://en.wikipedia.org/wiki/Dubbo
https://en.wikipedia.org/wiki/Geelong,_Victoria https://en.wikipedia.org/wiki/Gosford
https://en.wikipedia.org/wiki/Geelong,_Victoria https://en.wikipedia.org/wiki/Goulburn,_New_South_Wales
https://en.wikipedia.org/wiki/Geelong,_Victoria https://en.wikipedia.org/wiki/Grafton,_New_South_Wales
https://en.wikipedia.org/wiki/Geelong,_Victoria https://en.wikipedia.org/wiki/Griffith,_New_South_Wales
https://en.wikipedia.org/wiki/Geelong,_Victoria https://en.wikipedia.org/wiki/City_of_Lake_Macquarie
https://en.wikipedia.org/wiki/Geelong,_Victoria https://en.wikipedia.org/wiki/Lismore,_New_South_Wales
https://en.wikipedia.org/wiki/Geelong,_Victoria https://en.wikipedia.org/wiki/Lithgow,_New_South_Wales
https://en.wikipedia.org/wiki/Geelong,_Victoria https://en.wikipedia.org/wiki/Maitland,_New_South_Wales
https://en.wikipedia.org/wiki/Geelong,_Victoria https://en.wikipedia.org/wiki/Newcastle,_New_South_Wales
https://en.wikipedia.org/wiki/Geelong,_Victoria https://en.wikipedia.org/wiki/Orange,_New_South_Wales
https://en.wikipedia.org/wiki/Geelong,_Victoria https://en.wikipedia.org/wiki/Queanbeyan
https://en.wikipedia.org/wiki/Geelong,_Victoria https://en.wikipedia.org/wiki/Tamworth,_New_South_Wales
https://en.wikipedia.org/wiki/Geelong,_Victoria https://en.wikipedia.org/wiki/Wagga_Wagga
https://en.wikipedia.org/wiki/Geelong,_Victoria https://en.wikipedia.org/wiki/Wollongong
https://en.wikipedia.org/wiki/Geelong,_Victoria https://en.wikipedia.org/wiki/Northern_Territory
https://en.wikipedia.org/wiki/Geelong,_Victoria https://en.wikipedia.org/wiki/Darwin,_Northern_Territory
https://en.wikipedia.org/wiki/Geelong,_Victoria https://en.wikipedia.org/wiki/Palmerston,_Northern_Territory
https://en.wikipedia.org/wiki/Geelong,_Victoria https://en.wikipedia.org/wiki/Queensland
https://en.wikipedia.org/wiki/Geelong,_Victoria https://en.wikipedia.org/wiki/Brisbane
https://en.wikipedia.org/wiki/Geelong,_Victoria https://en.wikipedia.org/wiki/Bundaberg
https://en.wikipedia.org/wiki/Geelong,_Victoria https://en.wikipedia.org/wiki/Cairns
https://en.wikipedia.org/wiki/Geelong,_Victoria https://en.wikipedia.org/wiki/Caboolture,_Queensland
https://en.wikipedia.org/wiki/Geelong,_Victoria https://en.wikipedia.org/wiki/Caloundra
https://en.wikipedia.org/wiki/Geelong,_Victoria https://en.wikipedia.org/wiki/Gladstone,_Queensland
https://en.wikipedia.org/wiki/Geelong,_Victoria https://en.wikipedia.org/wiki/Gold_Coast,_Queensland
https://en.wikipedia.org/wiki/Geelong,_Victoria https://en.wikipedia.org/wiki/Gympie
https://en.wikipedia.org/wiki/Geelong,_Victoria https://en.wikipedia.org/wiki/Hervey_Bay
https://en.wikipedia.org/wiki/Geelong,_Victoria https://en.wikipedia.org/wiki/Ipswich,_Queensland
https://en.wikipedia.org/wiki/Geelong,_Victoria https://en.wikipedia.org/wiki/Mackay,_Queensland
https://en.wikipedia.org/wiki/Geelong,_Victoria https://en.wikipedia.org/wiki/Maryborough,_Queensland
https://en.wikipedia.org/wiki/Geelong,_Victoria https://en.wikipedia.org/wiki/Mount_Isa
https://en.wikipedia.org/wiki/Geelong,_Victoria https://en.wikipedia.org/wiki/Rockhampton
https://en.wikipedia.org/wiki/Geelong,_Victoria https://en.wikipedia.org/wiki/Sunshine_Coast,_Queensland
https://en.wikipedia.org/wiki/Geelong,_Victoria https://en.wikipedia.org/wiki/Toowoomba
https://en.wikipedia.org/wiki/Geelong,_Victoria https://en.wikipedia.org/wiki/Townsville
https://en.wikipedia.org/wiki/Geelong,_Victoria https://en.wikipedia.org/wiki/South_Australia
https://en.wikipedia.org/wiki/Geelong,_Victoria https://en.wikipedia.org/wiki/Mount_Gambier,_South_Australia
https://en.wikipedia.org/wiki/Geelong,_Victoria https://en.wikipedia.org/wiki/Murray_Bridge,_South_Australia
https://en.wikipedia.org/wiki/Geelong,_Victoria https://en.wikipedia.org/wiki/Port_Augusta
https://en.wikipedia.org/wiki/Geelong,_Victoria https://en.wikipedia.org/wiki/Port_Lincoln
https://en.wikipedia.org/wiki/Geelong,_Victoria https://en.wikipedia.org/wiki/Port_Pirie
https://en.wikipedia.org/wiki/Geelong,_Victoria https://en.wikipedia.org/wiki/Victor_Harbor,_South_Australia
https://en.wikipedia.org/wiki/Geelong,_Victoria https://en.wikipedia.org/wiki/Whyalla
https://en.wikipedia.org/wiki/Geelong,_Victoria https://en.wikipedia.org/wiki/Burnie,_Tasmania
https://en.wikipedia.org/wiki/Geelong,_Victoria https://en.wikipedia.org/wiki/Devonport,_Tasmania
https://en.wikipedia.org/wiki/Geelong,_Victoria https://en.wikipedia.org/wiki/Hobart
https://en.wikipedia.org/wiki/Geelong,_Victoria https://en.wikipedia.org/wiki/Launceston,_Tasmania
https://en.wikipedia.org/wiki/Geelong,_Victoria https://en.wikipedia.org/wiki/Ararat,_Victoria
https://en.wikipedia.org/wiki/Geelong,_Victoria https://en.wikipedia.org/wiki/Bairnsdale
https://en.wikipedia.org/wiki/Geelong,_Victoria https://en.wikipedia.org/wiki/Benalla
https://en.wikipedia.org/wiki/Geelong,_Victoria https://en.wikipedia.org/wiki/Bendigo
https://en.wikipedia.org/wiki/Geelong,_Victoria https://en.wikipedia.org/wiki/Horsham,_Victoria
https://en.wikipedia.org/wiki/Geelong,_Victoria https://en.wikipedia.org/wiki/Mildura
https://en.wikipedia.org/wiki/Geelong,_Victoria https://en.wikipedia.org/wiki/Sale,_Victoria
https://en.wikipedia.org/wiki/Geelong,_Victoria https://en.wikipedia.org/wiki/Shepparton
https://en.wikipedia.org/wiki/Geelong,_Victoria https://en.wikipedia.org/wiki/Traralgon
https://en.wikipedia.org/wiki/Geelong,_Victoria https://en.wikipedia.org/wiki/Wangaratta
https://en.wikipedia.org/wiki/Geelong,_Victoria https://en.wikipedia.org/wiki/Wodonga
https://en.wikipedia.org/wiki/Geelong,_Victoria https://en.wikipedia.org/wiki/Western_Australia
https://en.wikipedia.org/wiki/Geelong,_Victoria https://en.wikipedia.org/wiki/Albany,_Western_Australia
https://en.wikipedia.org/wiki/Geelong,_Victoria https://en.wikipedia.org/wiki/Bunbury,_Western_Australia
https://en.wikipedia.org/wiki/Geelong,_Victoria https://en.wikipedia.org/wiki/Busselton
https://en.wikipedia.org/wiki/Geelong,_Victoria https://en.wikipedia.org/wiki/Geraldton
https://en.wikipedia.org/wiki/Geelong,_Victoria https://en.wikipedia.org/wiki/Kalgoorlie
https://en.wikipedia.org/wiki/Geelong,_Victoria https://en.wikipedia.org/wiki/Mandurah
https://en.wikipedia.org/wiki/Geelong,_Victoria https://en.wikipedia.org/wiki/Perth
https://en.wikipedia.org/wiki/Geelong,_Victoria https://en.wikipedia.org/wiki/Integrated_Authority_File
https://en.wikipedia.org/wiki/Geelong,_Victoria https://en.wikipedia.org/wiki/Library_of_Congress_Control_Number
https://en.wikipedia.org/wiki/Geelong,_Victoria https://en.wikipedia.org/wiki/MusicBrainz
https://en.wikipedia.org/wiki/Geelong,_Victoria https://en.wikipedia.org/wiki/Virtual_International_Authority_File
https://en.wikipedia.org/wiki/Geelong,_Victoria https://en.wikipedia.org/wiki/WorldCat_Identities
