https://en.wikipedia.org/wiki/Haverford_Township,_Delaware_County,_Pennsylvania https://en.wikipedia.org/wiki/Geographic_coordinate_system
https://en.wikipedia.org/wiki/Haverford_Township,_Delaware_County,_Pennsylvania https://en.wikipedia.org/wiki/Time_zone
https://en.wikipedia.org/wiki/Haverford_Township,_Delaware_County,_Pennsylvania https://en.wikipedia.org/wiki/UTC-5
https://en.wikipedia.org/wiki/Haverford_Township,_Delaware_County,_Pennsylvania https://en.wikipedia.org/wiki/Eastern_Time_Zone
https://en.wikipedia.org/wiki/Haverford_Township,_Delaware_County,_Pennsylvania https://en.wikipedia.org/wiki/Daylight_saving_time
https://en.wikipedia.org/wiki/Haverford_Township,_Delaware_County,_Pennsylvania https://en.wikipedia.org/wiki/UTC-4
https://en.wikipedia.org/wiki/Haverford_Township,_Delaware_County,_Pennsylvania https://en.wikipedia.org/wiki/Eastern_Daylight_Time
https://en.wikipedia.org/wiki/Haverford_Township,_Delaware_County,_Pennsylvania https://en.wikipedia.org/wiki/Federal_Information_Processing_Standards
https://en.wikipedia.org/wiki/Haverford_Township,_Delaware_County,_Pennsylvania https://en.wikipedia.org/wiki/Haverfordwest
https://en.wikipedia.org/wiki/Haverford_Township,_Delaware_County,_Pennsylvania https://en.wikipedia.org/wiki/Unincorporated_community
https://en.wikipedia.org/wiki/Haverford_Township,_Delaware_County,_Pennsylvania https://en.wikipedia.org/wiki/Census_designated_places
https://en.wikipedia.org/wiki/Haverford_Township,_Delaware_County,_Pennsylvania https://en.wikipedia.org/wiki/1934_U.S._Open_(golf)
https://en.wikipedia.org/wiki/Haverford_Township,_Delaware_County,_Pennsylvania https://en.wikipedia.org/wiki/1981_U.S._Open_(golf)
https://en.wikipedia.org/wiki/Haverford_Township,_Delaware_County,_Pennsylvania https://en.wikipedia.org/wiki/U.S._Open_(golf)
https://en.wikipedia.org/wiki/Haverford_Township,_Delaware_County,_Pennsylvania https://en.wikipedia.org/wiki/Cheltenham_Township,_PA
https://en.wikipedia.org/wiki/Haverford_Township,_Delaware_County,_Pennsylvania https://en.wikipedia.org/wiki/Inner_suburb
https://en.wikipedia.org/wiki/Haverford_Township,_Delaware_County,_Pennsylvania https://en.wikipedia.org/wiki/List_of_inner_suburbs_in_the_United_States#Philadelphia
https://en.wikipedia.org/wiki/Haverford_Township,_Delaware_County,_Pennsylvania https://en.wikipedia.org/wiki/William_Penn
https://en.wikipedia.org/wiki/Haverford_Township,_Delaware_County,_Pennsylvania https://en.wikipedia.org/wiki/Quakers
https://en.wikipedia.org/wiki/Haverford_Township,_Delaware_County,_Pennsylvania https://en.wikipedia.org/wiki/American_Revolution
https://en.wikipedia.org/wiki/Haverford_Township,_Delaware_County,_Pennsylvania https://en.wikipedia.org/wiki/Original_six_frigates_of_the_United_States_Navy
https://en.wikipedia.org/wiki/Haverford_Township,_Delaware_County,_Pennsylvania https://en.wikipedia.org/wiki/Grange_Estate
https://en.wikipedia.org/wiki/Haverford_Township,_Delaware_County,_Pennsylvania https://en.wikipedia.org/wiki/Pennsylvania_Main_Line
https://en.wikipedia.org/wiki/Haverford_Township,_Delaware_County,_Pennsylvania https://en.wikipedia.org/wiki/Cobbs_Creek
https://en.wikipedia.org/wiki/Haverford_Township,_Delaware_County,_Pennsylvania https://en.wikipedia.org/wiki/Naylors_Run
https://en.wikipedia.org/wiki/Haverford_Township,_Delaware_County,_Pennsylvania https://en.wikipedia.org/wiki/Meadowbrook_Run
https://en.wikipedia.org/wiki/Haverford_Township,_Delaware_County,_Pennsylvania https://en.wikipedia.org/wiki/1930_United_States_Census
https://en.wikipedia.org/wiki/Haverford_Township,_Delaware_County,_Pennsylvania https://en.wikipedia.org/wiki/1940_United_States_Census
https://en.wikipedia.org/wiki/Haverford_Township,_Delaware_County,_Pennsylvania https://en.wikipedia.org/wiki/1950_United_States_Census
https://en.wikipedia.org/wiki/Haverford_Township,_Delaware_County,_Pennsylvania https://en.wikipedia.org/wiki/1960_United_States_Census
https://en.wikipedia.org/wiki/Haverford_Township,_Delaware_County,_Pennsylvania https://en.wikipedia.org/wiki/1970_United_States_Census
https://en.wikipedia.org/wiki/Haverford_Township,_Delaware_County,_Pennsylvania https://en.wikipedia.org/wiki/1980_United_States_Census
https://en.wikipedia.org/wiki/Haverford_Township,_Delaware_County,_Pennsylvania https://en.wikipedia.org/wiki/1990_United_States_Census
https://en.wikipedia.org/wiki/Haverford_Township,_Delaware_County,_Pennsylvania https://en.wikipedia.org/wiki/2000_United_States_Census
https://en.wikipedia.org/wiki/Haverford_Township,_Delaware_County,_Pennsylvania https://en.wikipedia.org/wiki/White_(U.S._Census)
https://en.wikipedia.org/wiki/Haverford_Township,_Delaware_County,_Pennsylvania https://en.wikipedia.org/wiki/African_American_(U.S._Census)
https://en.wikipedia.org/wiki/Haverford_Township,_Delaware_County,_Pennsylvania https://en.wikipedia.org/wiki/Native_American_(U.S._Census)
https://en.wikipedia.org/wiki/Haverford_Township,_Delaware_County,_Pennsylvania https://en.wikipedia.org/wiki/Asian_(U.S._Census)
https://en.wikipedia.org/wiki/Haverford_Township,_Delaware_County,_Pennsylvania https://en.wikipedia.org/wiki/Race_(United_States_Census)
https://en.wikipedia.org/wiki/Haverford_Township,_Delaware_County,_Pennsylvania https://en.wikipedia.org/wiki/Hispanic_(U.S._Census)
https://en.wikipedia.org/wiki/Haverford_Township,_Delaware_County,_Pennsylvania https://en.wikipedia.org/wiki/Latino_(U.S._Census)
https://en.wikipedia.org/wiki/Haverford_Township,_Delaware_County,_Pennsylvania https://en.wikipedia.org/wiki/Census
https://en.wikipedia.org/wiki/Haverford_Township,_Delaware_County,_Pennsylvania https://en.wikipedia.org/wiki/Population_density
https://en.wikipedia.org/wiki/Haverford_Township,_Delaware_County,_Pennsylvania https://en.wikipedia.org/wiki/White_American
https://en.wikipedia.org/wiki/Haverford_Township,_Delaware_County,_Pennsylvania https://en.wikipedia.org/wiki/African_American
https://en.wikipedia.org/wiki/Haverford_Township,_Delaware_County,_Pennsylvania https://en.wikipedia.org/wiki/Native_Americans_in_the_United_States
https://en.wikipedia.org/wiki/Haverford_Township,_Delaware_County,_Pennsylvania https://en.wikipedia.org/wiki/Asian_American
https://en.wikipedia.org/wiki/Haverford_Township,_Delaware_County,_Pennsylvania https://en.wikipedia.org/wiki/Pacific_Islander_American
https://en.wikipedia.org/wiki/Haverford_Township,_Delaware_County,_Pennsylvania https://en.wikipedia.org/wiki/Race_and_ethnicity_in_the_United_States_Census#Race
https://en.wikipedia.org/wiki/Haverford_Township,_Delaware_County,_Pennsylvania https://en.wikipedia.org/wiki/Allgates
https://en.wikipedia.org/wiki/Haverford_Township,_Delaware_County,_Pennsylvania https://en.wikipedia.org/wiki/Pennsylvania%27s_5th_congressional_district
https://en.wikipedia.org/wiki/Haverford_Township,_Delaware_County,_Pennsylvania https://en.wikipedia.org/wiki/Mary_Gay_Scanlon
https://en.wikipedia.org/wiki/Haverford_Township,_Delaware_County,_Pennsylvania https://en.wikipedia.org/wiki/Greg_Vitali
https://en.wikipedia.org/wiki/Haverford_Township,_Delaware_County,_Pennsylvania https://en.wikipedia.org/wiki/James_Santora
https://en.wikipedia.org/wiki/Haverford_Township,_Delaware_County,_Pennsylvania https://en.wikipedia.org/wiki/Daylin_Leach
https://en.wikipedia.org/wiki/Haverford_Township,_Delaware_County,_Pennsylvania https://en.wikipedia.org/wiki/Men%27s_major_golf_championships
https://en.wikipedia.org/wiki/Haverford_Township,_Delaware_County,_Pennsylvania https://en.wikipedia.org/wiki/Bobby_Jones_(golfer)
https://en.wikipedia.org/wiki/Haverford_Township,_Delaware_County,_Pennsylvania https://en.wikipedia.org/wiki/Grand_Slam_(golf)
https://en.wikipedia.org/wiki/Haverford_Township,_Delaware_County,_Pennsylvania https://en.wikipedia.org/wiki/Ben_Hogan
https://en.wikipedia.org/wiki/Haverford_Township,_Delaware_County,_Pennsylvania https://en.wikipedia.org/wiki/Dow_Finsterwald
https://en.wikipedia.org/wiki/Haverford_Township,_Delaware_County,_Pennsylvania https://en.wikipedia.org/wiki/Billy_Casper
https://en.wikipedia.org/wiki/Haverford_Township,_Delaware_County,_Pennsylvania https://en.wikipedia.org/wiki/Sam_Snead
https://en.wikipedia.org/wiki/Haverford_Township,_Delaware_County,_Pennsylvania https://en.wikipedia.org/wiki/Lee_Trevino
https://en.wikipedia.org/wiki/Haverford_Township,_Delaware_County,_Pennsylvania https://en.wikipedia.org/wiki/Jack_Nicklaus
https://en.wikipedia.org/wiki/Haverford_Township,_Delaware_County,_Pennsylvania https://en.wikipedia.org/wiki/US_Route_1_in_Pennsylvania
https://en.wikipedia.org/wiki/Haverford_Township,_Delaware_County,_Pennsylvania https://en.wikipedia.org/wiki/Pennsylvania_Route_3
https://en.wikipedia.org/wiki/Haverford_Township,_Delaware_County,_Pennsylvania https://en.wikipedia.org/wiki/US_Route_30_in_Pennsylvania
https://en.wikipedia.org/wiki/Haverford_Township,_Delaware_County,_Pennsylvania https://en.wikipedia.org/wiki/Pennsylvania_Route_320
https://en.wikipedia.org/wiki/Haverford_Township,_Delaware_County,_Pennsylvania https://en.wikipedia.org/wiki/Interstate_476
https://en.wikipedia.org/wiki/Haverford_Township,_Delaware_County,_Pennsylvania https://en.wikipedia.org/wiki/SEPTA
https://en.wikipedia.org/wiki/Haverford_Township,_Delaware_County,_Pennsylvania https://en.wikipedia.org/wiki/Norristown_High_Speed_Line
https://en.wikipedia.org/wiki/Haverford_Township,_Delaware_County,_Pennsylvania https://en.wikipedia.org/wiki/Darby_Road
https://en.wikipedia.org/wiki/Haverford_Township,_Delaware_County,_Pennsylvania https://en.wikipedia.org/wiki/School_District_of_Haverford_Township
https://en.wikipedia.org/wiki/Haverford_Township,_Delaware_County,_Pennsylvania https://en.wikipedia.org/wiki/Manoa
https://en.wikipedia.org/wiki/Haverford_Township,_Delaware_County,_Pennsylvania https://en.wikipedia.org/wiki/Haverford_Middle_School
https://en.wikipedia.org/wiki/Haverford_Township,_Delaware_County,_Pennsylvania https://en.wikipedia.org/wiki/Haverford_High_School
https://en.wikipedia.org/wiki/Haverford_Township,_Delaware_County,_Pennsylvania https://en.wikipedia.org/wiki/Delaware_County_Community_College
https://en.wikipedia.org/wiki/Haverford_Township,_Delaware_County,_Pennsylvania https://en.wikipedia.org/wiki/Society_of_Friends
https://en.wikipedia.org/wiki/Haverford_Township,_Delaware_County,_Pennsylvania https://en.wikipedia.org/wiki/Garrett_Brown
https://en.wikipedia.org/wiki/Haverford_Township,_Delaware_County,_Pennsylvania https://en.wikipedia.org/wiki/Steadicam
https://en.wikipedia.org/wiki/Haverford_Township,_Delaware_County,_Pennsylvania https://en.wikipedia.org/wiki/Mark_DiFelice
https://en.wikipedia.org/wiki/Haverford_Township,_Delaware_County,_Pennsylvania https://en.wikipedia.org/wiki/Milwaukee_Brewers
https://en.wikipedia.org/wiki/Haverford_Township,_Delaware_County,_Pennsylvania https://en.wikipedia.org/wiki/Jimmy_Dykes
https://en.wikipedia.org/wiki/Haverford_Township,_Delaware_County,_Pennsylvania https://en.wikipedia.org/wiki/Philadelphia_Athletics_(1890%E2%80%931891)_all-time_roster
https://en.wikipedia.org/wiki/Haverford_Township,_Delaware_County,_Pennsylvania https://en.wikipedia.org/wiki/Chicago_White_Sox
https://en.wikipedia.org/wiki/Haverford_Township,_Delaware_County,_Pennsylvania https://en.wikipedia.org/wiki/Baltimore_Orioles
https://en.wikipedia.org/wiki/Haverford_Township,_Delaware_County,_Pennsylvania https://en.wikipedia.org/wiki/Cincinnati_Red_Stockings
https://en.wikipedia.org/wiki/Haverford_Township,_Delaware_County,_Pennsylvania https://en.wikipedia.org/wiki/Detroit_Tigers
https://en.wikipedia.org/wiki/Haverford_Township,_Delaware_County,_Pennsylvania https://en.wikipedia.org/wiki/Cleveland_Indians
https://en.wikipedia.org/wiki/Haverford_Township,_Delaware_County,_Pennsylvania https://en.wikipedia.org/wiki/Theodore_Freeman
https://en.wikipedia.org/wiki/Haverford_Township,_Delaware_County,_Pennsylvania https://en.wikipedia.org/wiki/NASA
https://en.wikipedia.org/wiki/Haverford_Township,_Delaware_County,_Pennsylvania https://en.wikipedia.org/wiki/Astronaut
https://en.wikipedia.org/wiki/Haverford_Township,_Delaware_County,_Pennsylvania https://en.wikipedia.org/wiki/Randy_Grossman
https://en.wikipedia.org/wiki/Haverford_Township,_Delaware_County,_Pennsylvania https://en.wikipedia.org/wiki/Pittsburgh_Steelers
https://en.wikipedia.org/wiki/Haverford_Township,_Delaware_County,_Pennsylvania https://en.wikipedia.org/wiki/Super_Bowl
https://en.wikipedia.org/wiki/Haverford_Township,_Delaware_County,_Pennsylvania https://en.wikipedia.org/wiki/Brendan_Hansen
https://en.wikipedia.org/wiki/Haverford_Township,_Delaware_County,_Pennsylvania https://en.wikipedia.org/wiki/William_Hoeveler
https://en.wikipedia.org/wiki/Haverford_Township,_Delaware_County,_Pennsylvania https://en.wikipedia.org/wiki/Charles_Humphreys
https://en.wikipedia.org/wiki/Haverford_Township,_Delaware_County,_Pennsylvania https://en.wikipedia.org/wiki/Continental_Congress
https://en.wikipedia.org/wiki/Haverford_Township,_Delaware_County,_Pennsylvania https://en.wikipedia.org/wiki/Steve_Joachim
https://en.wikipedia.org/wiki/Haverford_Township,_Delaware_County,_Pennsylvania https://en.wikipedia.org/wiki/New_York_Jets
https://en.wikipedia.org/wiki/Haverford_Township,_Delaware_County,_Pennsylvania https://en.wikipedia.org/wiki/Maxwell_Award
https://en.wikipedia.org/wiki/Haverford_Township,_Delaware_County,_Pennsylvania https://en.wikipedia.org/wiki/Ross_Katz
https://en.wikipedia.org/wiki/Haverford_Township,_Delaware_County,_Pennsylvania https://en.wikipedia.org/wiki/Atwater_Kent
https://en.wikipedia.org/wiki/Haverford_Township,_Delaware_County,_Pennsylvania https://en.wikipedia.org/wiki/Billy_King_(basketball)
https://en.wikipedia.org/wiki/Haverford_Township,_Delaware_County,_Pennsylvania https://en.wikipedia.org/wiki/John_LeClair
https://en.wikipedia.org/wiki/Haverford_Township,_Delaware_County,_Pennsylvania https://en.wikipedia.org/wiki/NHL
https://en.wikipedia.org/wiki/Haverford_Township,_Delaware_County,_Pennsylvania https://en.wikipedia.org/wiki/Philadelphia_Flyers
https://en.wikipedia.org/wiki/Haverford_Township,_Delaware_County,_Pennsylvania https://en.wikipedia.org/wiki/Pittsburgh_Penguins
https://en.wikipedia.org/wiki/Haverford_Township,_Delaware_County,_Pennsylvania https://en.wikipedia.org/wiki/Joe_Lunardi
https://en.wikipedia.org/wiki/Haverford_Township,_Delaware_County,_Pennsylvania https://en.wikipedia.org/wiki/Glen_Macnow
https://en.wikipedia.org/wiki/Haverford_Township,_Delaware_County,_Pennsylvania https://en.wikipedia.org/wiki/Buddy_Marucci
https://en.wikipedia.org/wiki/Haverford_Township,_Delaware_County,_Pennsylvania https://en.wikipedia.org/wiki/United_States_Senior_Men%27s_Amateur_Golf_Championship
https://en.wikipedia.org/wiki/Haverford_Township,_Delaware_County,_Pennsylvania https://en.wikipedia.org/wiki/Walker_Cup
https://en.wikipedia.org/wiki/Haverford_Township,_Delaware_County,_Pennsylvania https://en.wikipedia.org/wiki/2007_Walker_Cup
https://en.wikipedia.org/wiki/Haverford_Township,_Delaware_County,_Pennsylvania https://en.wikipedia.org/wiki/2009_Walker_Cup
https://en.wikipedia.org/wiki/Haverford_Township,_Delaware_County,_Pennsylvania https://en.wikipedia.org/wiki/United_States_Amateur_Championship_(golf)
https://en.wikipedia.org/wiki/Haverford_Township,_Delaware_County,_Pennsylvania https://en.wikipedia.org/wiki/Clay_Myers_(photographer)
https://en.wikipedia.org/wiki/Haverford_Township,_Delaware_County,_Pennsylvania https://en.wikipedia.org/wiki/Mitchel_Resnick
https://en.wikipedia.org/wiki/Haverford_Township,_Delaware_County,_Pennsylvania https://en.wikipedia.org/wiki/LEGO_Mindstorms
https://en.wikipedia.org/wiki/Haverford_Township,_Delaware_County,_Pennsylvania https://en.wikipedia.org/wiki/Scratch_(programming_language)
https://en.wikipedia.org/wiki/Haverford_Township,_Delaware_County,_Pennsylvania https://en.wikipedia.org/wiki/Computer_Clubhouse
https://en.wikipedia.org/wiki/Haverford_Township,_Delaware_County,_Pennsylvania https://en.wikipedia.org/wiki/Pia_Reyes
https://en.wikipedia.org/wiki/Haverford_Township,_Delaware_County,_Pennsylvania https://en.wikipedia.org/wiki/Louis_Robertshaw
https://en.wikipedia.org/wiki/Haverford_Township,_Delaware_County,_Pennsylvania https://en.wikipedia.org/wiki/Lieutenant_general_(United_States)
https://en.wikipedia.org/wiki/Haverford_Township,_Delaware_County,_Pennsylvania https://en.wikipedia.org/wiki/United_States_Marine_Corps
https://en.wikipedia.org/wiki/Haverford_Township,_Delaware_County,_Pennsylvania https://en.wikipedia.org/wiki/Jean_Shiley
https://en.wikipedia.org/wiki/Haverford_Township,_Delaware_County,_Pennsylvania https://en.wikipedia.org/wiki/1932_Summer_Olympics
https://en.wikipedia.org/wiki/Haverford_Township,_Delaware_County,_Pennsylvania https://en.wikipedia.org/wiki/Andy_Talley
https://en.wikipedia.org/wiki/Haverford_Township,_Delaware_County,_Pennsylvania https://en.wikipedia.org/wiki/Villanova_University
https://en.wikipedia.org/wiki/Haverford_Township,_Delaware_County,_Pennsylvania https://en.wikipedia.org/wiki/Football_Championship_Subdivision
https://en.wikipedia.org/wiki/Haverford_Township,_Delaware_County,_Pennsylvania https://en.wikipedia.org/wiki/Jack_Thayer
https://en.wikipedia.org/wiki/Haverford_Township,_Delaware_County,_Pennsylvania https://en.wikipedia.org/wiki/Michael_Tollin
https://en.wikipedia.org/wiki/Haverford_Township,_Delaware_County,_Pennsylvania https://en.wikipedia.org/wiki/Jennifer_Toof
https://en.wikipedia.org/wiki/Haverford_Township,_Delaware_County,_Pennsylvania https://en.wikipedia.org/wiki/Flavor_of_Love_2
https://en.wikipedia.org/wiki/Haverford_Township,_Delaware_County,_Pennsylvania https://en.wikipedia.org/wiki/I_Love_Money
https://en.wikipedia.org/wiki/Haverford_Township,_Delaware_County,_Pennsylvania https://en.wikipedia.org/wiki/Sam_Venuto
https://en.wikipedia.org/wiki/Haverford_Township,_Delaware_County,_Pennsylvania https://en.wikipedia.org/wiki/American_football
https://en.wikipedia.org/wiki/Haverford_Township,_Delaware_County,_Pennsylvania https://en.wikipedia.org/wiki/Running_back
https://en.wikipedia.org/wiki/Haverford_Township,_Delaware_County,_Pennsylvania https://en.wikipedia.org/wiki/Tom_Verica
https://en.wikipedia.org/wiki/Haverford_Township,_Delaware_County,_Pennsylvania https://en.wikipedia.org/wiki/Jeff_Yass
https://en.wikipedia.org/wiki/Haverford_Township,_Delaware_County,_Pennsylvania https://en.wikipedia.org/wiki/Mark_G._Yudof
https://en.wikipedia.org/wiki/Haverford_Township,_Delaware_County,_Pennsylvania https://en.wikipedia.org/wiki/University_of_California
https://en.wikipedia.org/wiki/Haverford_Township,_Delaware_County,_Pennsylvania https://en.wikipedia.org/wiki/University_of_Texas_system
https://en.wikipedia.org/wiki/Haverford_Township,_Delaware_County,_Pennsylvania https://en.wikipedia.org/wiki/University_of_Minnesota
https://en.wikipedia.org/wiki/Haverford_Township,_Delaware_County,_Pennsylvania https://en.wikipedia.org/wiki/Haverford_College_Arboretum
https://en.wikipedia.org/wiki/Haverford_Township,_Delaware_County,_Pennsylvania https://en.wikipedia.org/wiki/The_Haverford_School
https://en.wikipedia.org/wiki/Haverford_Township,_Delaware_County,_Pennsylvania https://en.wikipedia.org/wiki/Bensalem_Township
https://en.wikipedia.org/wiki/Haverford_Township,_Delaware_County,_Pennsylvania https://en.wikipedia.org/wiki/Cheltenham_Township
https://en.wikipedia.org/wiki/Haverford_Township,_Delaware_County,_Pennsylvania https://en.wikipedia.org/wiki/Lower_Merion_Township
https://en.wikipedia.org/wiki/Haverford_Township,_Delaware_County,_Pennsylvania https://en.wikipedia.org/wiki/Wayback_Machine
https://en.wikipedia.org/wiki/Haverford_Township,_Delaware_County,_Pennsylvania https://en.wikipedia.org/wiki/Upper_Darby,_PA
https://en.wikipedia.org/wiki/Haverford_Township,_Delaware_County,_Pennsylvania https://en.wikipedia.org/wiki/Philadelphia_County,_Pennsylvania#Locale
https://en.wikipedia.org/wiki/Haverford_Township,_Delaware_County,_Pennsylvania https://en.wikipedia.org/wiki/Montgomery_County,_PA
https://en.wikipedia.org/wiki/Haverford_Township,_Delaware_County,_Pennsylvania https://en.wikipedia.org/wiki/Marple_Township,_Pennsylvania
https://en.wikipedia.org/wiki/Haverford_Township,_Delaware_County,_Pennsylvania https://en.wikipedia.org/wiki/Springfield,_Delaware_County,_Pennsylvania
https://en.wikipedia.org/wiki/Haverford_Township,_Delaware_County,_Pennsylvania https://en.wikipedia.org/wiki/Upper_Darby,_Pennsylvania
https://en.wikipedia.org/wiki/Haverford_Township,_Delaware_County,_Pennsylvania https://en.wikipedia.org/wiki/City_of_Philadelphia
https://en.wikipedia.org/wiki/Haverford_Township,_Delaware_County,_Pennsylvania https://en.wikipedia.org/wiki/County_seat
https://en.wikipedia.org/wiki/Haverford_Township,_Delaware_County,_Pennsylvania https://en.wikipedia.org/wiki/City_(Pennsylvania)
https://en.wikipedia.org/wiki/Haverford_Township,_Delaware_County,_Pennsylvania https://en.wikipedia.org/wiki/Borough_(Pennsylvania)
https://en.wikipedia.org/wiki/Haverford_Township,_Delaware_County,_Pennsylvania https://en.wikipedia.org/wiki/Aldan,_Pennsylvania
https://en.wikipedia.org/wiki/Haverford_Township,_Delaware_County,_Pennsylvania https://en.wikipedia.org/wiki/Brookhaven,_Pennsylvania
https://en.wikipedia.org/wiki/Haverford_Township,_Delaware_County,_Pennsylvania https://en.wikipedia.org/wiki/Chester_Heights,_Pennsylvania
https://en.wikipedia.org/wiki/Haverford_Township,_Delaware_County,_Pennsylvania https://en.wikipedia.org/wiki/Clifton_Heights,_Pennsylvania
https://en.wikipedia.org/wiki/Haverford_Township,_Delaware_County,_Pennsylvania https://en.wikipedia.org/wiki/Collingdale,_Pennsylvania
https://en.wikipedia.org/wiki/Haverford_Township,_Delaware_County,_Pennsylvania https://en.wikipedia.org/wiki/Colwyn,_Pennsylvania
https://en.wikipedia.org/wiki/Haverford_Township,_Delaware_County,_Pennsylvania https://en.wikipedia.org/wiki/East_Lansdowne,_Pennsylvania
https://en.wikipedia.org/wiki/Haverford_Township,_Delaware_County,_Pennsylvania https://en.wikipedia.org/wiki/Eddystone,_Pennsylvania
https://en.wikipedia.org/wiki/Haverford_Township,_Delaware_County,_Pennsylvania https://en.wikipedia.org/wiki/Folcroft,_Pennsylvania
https://en.wikipedia.org/wiki/Haverford_Township,_Delaware_County,_Pennsylvania https://en.wikipedia.org/wiki/Glenolden,_Pennsylvania
https://en.wikipedia.org/wiki/Haverford_Township,_Delaware_County,_Pennsylvania https://en.wikipedia.org/wiki/Lansdowne,_Pennsylvania
https://en.wikipedia.org/wiki/Haverford_Township,_Delaware_County,_Pennsylvania https://en.wikipedia.org/wiki/Marcus_Hook,_Pennsylvania
https://en.wikipedia.org/wiki/Haverford_Township,_Delaware_County,_Pennsylvania https://en.wikipedia.org/wiki/Millbourne,_Pennsylvania
https://en.wikipedia.org/wiki/Haverford_Township,_Delaware_County,_Pennsylvania https://en.wikipedia.org/wiki/Morton,_Pennsylvania
https://en.wikipedia.org/wiki/Haverford_Township,_Delaware_County,_Pennsylvania https://en.wikipedia.org/wiki/Norwood,_Pennsylvania
https://en.wikipedia.org/wiki/Haverford_Township,_Delaware_County,_Pennsylvania https://en.wikipedia.org/wiki/Parkside,_Pennsylvania
https://en.wikipedia.org/wiki/Haverford_Township,_Delaware_County,_Pennsylvania https://en.wikipedia.org/wiki/Prospect_Park,_Pennsylvania
https://en.wikipedia.org/wiki/Haverford_Township,_Delaware_County,_Pennsylvania https://en.wikipedia.org/wiki/Ridley_Park,_Pennsylvania
https://en.wikipedia.org/wiki/Haverford_Township,_Delaware_County,_Pennsylvania https://en.wikipedia.org/wiki/Rose_Valley,_Pennsylvania
https://en.wikipedia.org/wiki/Haverford_Township,_Delaware_County,_Pennsylvania https://en.wikipedia.org/wiki/Rutledge,_Pennsylvania
https://en.wikipedia.org/wiki/Haverford_Township,_Delaware_County,_Pennsylvania https://en.wikipedia.org/wiki/Sharon_Hill,_Pennsylvania
https://en.wikipedia.org/wiki/Haverford_Township,_Delaware_County,_Pennsylvania https://en.wikipedia.org/wiki/Swarthmore,_Pennsylvania
https://en.wikipedia.org/wiki/Haverford_Township,_Delaware_County,_Pennsylvania https://en.wikipedia.org/wiki/Trainer,_Pennsylvania
https://en.wikipedia.org/wiki/Haverford_Township,_Delaware_County,_Pennsylvania https://en.wikipedia.org/wiki/Upland,_Pennsylvania
https://en.wikipedia.org/wiki/Haverford_Township,_Delaware_County,_Pennsylvania https://en.wikipedia.org/wiki/Yeadon,_Pennsylvania
https://en.wikipedia.org/wiki/Haverford_Township,_Delaware_County,_Pennsylvania https://en.wikipedia.org/wiki/Aston_Township,_Delaware_County,_Pennsylvania
https://en.wikipedia.org/wiki/Haverford_Township,_Delaware_County,_Pennsylvania https://en.wikipedia.org/wiki/Bethel_Township,_Delaware_County,_Pennsylvania
https://en.wikipedia.org/wiki/Haverford_Township,_Delaware_County,_Pennsylvania https://en.wikipedia.org/wiki/Chadds_Ford_Township,_Delaware_County,_Pennsylvania
https://en.wikipedia.org/wiki/Haverford_Township,_Delaware_County,_Pennsylvania https://en.wikipedia.org/wiki/Concord_Township,_Delaware_County,_Pennsylvania
https://en.wikipedia.org/wiki/Haverford_Township,_Delaware_County,_Pennsylvania https://en.wikipedia.org/wiki/Darby_Township,_Delaware_County,_Pennsylvania
https://en.wikipedia.org/wiki/Haverford_Township,_Delaware_County,_Pennsylvania https://en.wikipedia.org/wiki/Edgmont_Township,_Delaware_County,_Pennsylvania
https://en.wikipedia.org/wiki/Haverford_Township,_Delaware_County,_Pennsylvania https://en.wikipedia.org/wiki/Lower_Chichester_Township,_Delaware_County,_Pennsylvania
https://en.wikipedia.org/wiki/Haverford_Township,_Delaware_County,_Pennsylvania https://en.wikipedia.org/wiki/Nether_Providence_Township,_Delaware_County,_Pennsylvania
https://en.wikipedia.org/wiki/Haverford_Township,_Delaware_County,_Pennsylvania https://en.wikipedia.org/wiki/Newtown_Township,_Delaware_County,_Pennsylvania
https://en.wikipedia.org/wiki/Haverford_Township,_Delaware_County,_Pennsylvania https://en.wikipedia.org/wiki/Thornbury_Township,_Delaware_County,_Pennsylvania
https://en.wikipedia.org/wiki/Haverford_Township,_Delaware_County,_Pennsylvania https://en.wikipedia.org/wiki/Tinicum_Township,_Delaware_County,_Pennsylvania
https://en.wikipedia.org/wiki/Haverford_Township,_Delaware_County,_Pennsylvania https://en.wikipedia.org/wiki/Upper_Chichester_Township,_Delaware_County,_Pennsylvania
https://en.wikipedia.org/wiki/Haverford_Township,_Delaware_County,_Pennsylvania https://en.wikipedia.org/wiki/Census-designated_place
https://en.wikipedia.org/wiki/Haverford_Township,_Delaware_County,_Pennsylvania https://en.wikipedia.org/wiki/Boothwyn,_Pennsylvania
https://en.wikipedia.org/wiki/Haverford_Township,_Delaware_County,_Pennsylvania https://en.wikipedia.org/wiki/Broomall,_Pennsylvania
https://en.wikipedia.org/wiki/Haverford_Township,_Delaware_County,_Pennsylvania https://en.wikipedia.org/wiki/Cheyney,_Pennsylvania
https://en.wikipedia.org/wiki/Haverford_Township,_Delaware_County,_Pennsylvania https://en.wikipedia.org/wiki/Folsom,_Pennsylvania
https://en.wikipedia.org/wiki/Haverford_Township,_Delaware_County,_Pennsylvania https://en.wikipedia.org/wiki/Haverford_College,_Pennsylvania
https://en.wikipedia.org/wiki/Haverford_Township,_Delaware_County,_Pennsylvania https://en.wikipedia.org/wiki/Lima,_Pennsylvania
https://en.wikipedia.org/wiki/Haverford_Township,_Delaware_County,_Pennsylvania https://en.wikipedia.org/wiki/Linwood,_Pennsylvania
https://en.wikipedia.org/wiki/Haverford_Township,_Delaware_County,_Pennsylvania https://en.wikipedia.org/wiki/Village_Green-Green_Ridge,_Pennsylvania
https://en.wikipedia.org/wiki/Haverford_Township,_Delaware_County,_Pennsylvania https://en.wikipedia.org/wiki/Woodlyn,_Pennsylvania
https://en.wikipedia.org/wiki/Haverford_Township,_Delaware_County,_Pennsylvania https://en.wikipedia.org/wiki/Unincorporated_area
https://en.wikipedia.org/wiki/Haverford_Township,_Delaware_County,_Pennsylvania https://en.wikipedia.org/wiki/Beaver_Valley,_Delaware_and_Pennsylvania
https://en.wikipedia.org/wiki/Haverford_Township,_Delaware_County,_Pennsylvania https://en.wikipedia.org/wiki/Booths_Corner,_Pennsylvania
https://en.wikipedia.org/wiki/Haverford_Township,_Delaware_County,_Pennsylvania https://en.wikipedia.org/wiki/Bortondale,_Pennsylvania
https://en.wikipedia.org/wiki/Haverford_Township,_Delaware_County,_Pennsylvania https://en.wikipedia.org/wiki/Bowling_Green,_Pennsylvania
https://en.wikipedia.org/wiki/Haverford_Township,_Delaware_County,_Pennsylvania https://en.wikipedia.org/wiki/Chelsea,_Pennsylvania
https://en.wikipedia.org/wiki/Haverford_Township,_Delaware_County,_Pennsylvania https://en.wikipedia.org/wiki/Chichester,_Pennsylvania
https://en.wikipedia.org/wiki/Haverford_Township,_Delaware_County,_Pennsylvania https://en.wikipedia.org/wiki/Concordville,_Pennsylvania
https://en.wikipedia.org/wiki/Haverford_Township,_Delaware_County,_Pennsylvania https://en.wikipedia.org/wiki/Crum_Lynne,_Pennsylvania
https://en.wikipedia.org/wiki/Haverford_Township,_Delaware_County,_Pennsylvania https://en.wikipedia.org/wiki/Elwyn,_Pennsylvania
https://en.wikipedia.org/wiki/Haverford_Township,_Delaware_County,_Pennsylvania https://en.wikipedia.org/wiki/Garden_City,_Pennsylvania
https://en.wikipedia.org/wiki/Haverford_Township,_Delaware_County,_Pennsylvania https://en.wikipedia.org/wiki/Garnet_Valley,_Pennsylvania
https://en.wikipedia.org/wiki/Haverford_Township,_Delaware_County,_Pennsylvania https://en.wikipedia.org/wiki/Garrett_Hill,_Pennsylvania
https://en.wikipedia.org/wiki/Haverford_Township,_Delaware_County,_Pennsylvania https://en.wikipedia.org/wiki/Glen_Mills,_Pennsylvania
https://en.wikipedia.org/wiki/Haverford_Township,_Delaware_County,_Pennsylvania https://en.wikipedia.org/wiki/Glen_Riddle,_Pennsylvania
https://en.wikipedia.org/wiki/Haverford_Township,_Delaware_County,_Pennsylvania https://en.wikipedia.org/wiki/Gradyville,_Pennsylvania
https://en.wikipedia.org/wiki/Haverford_Township,_Delaware_County,_Pennsylvania https://en.wikipedia.org/wiki/Holmes,_Pennsylvania
https://en.wikipedia.org/wiki/Haverford_Township,_Delaware_County,_Pennsylvania https://en.wikipedia.org/wiki/Lenni,_Pennsylvania
https://en.wikipedia.org/wiki/Haverford_Township,_Delaware_County,_Pennsylvania https://en.wikipedia.org/wiki/Llanerch,_Pennsylvania
https://en.wikipedia.org/wiki/Haverford_Township,_Delaware_County,_Pennsylvania https://en.wikipedia.org/wiki/Moylan,_Pennsylvania
https://en.wikipedia.org/wiki/Haverford_Township,_Delaware_County,_Pennsylvania https://en.wikipedia.org/wiki/Painters_Crossing,_Pennsylvania
https://en.wikipedia.org/wiki/Haverford_Township,_Delaware_County,_Pennsylvania https://en.wikipedia.org/wiki/Riddlewood,_Pennsylvania
https://en.wikipedia.org/wiki/Haverford_Township,_Delaware_County,_Pennsylvania https://en.wikipedia.org/wiki/Rosemont,_Pennsylvania
https://en.wikipedia.org/wiki/Haverford_Township,_Delaware_County,_Pennsylvania https://en.wikipedia.org/wiki/Secane,_Pennsylvania
https://en.wikipedia.org/wiki/Haverford_Township,_Delaware_County,_Pennsylvania https://en.wikipedia.org/wiki/South_Media,_Pennsylvania
https://en.wikipedia.org/wiki/Haverford_Township,_Delaware_County,_Pennsylvania https://en.wikipedia.org/wiki/St._Davids,_Pennsylvania
https://en.wikipedia.org/wiki/Haverford_Township,_Delaware_County,_Pennsylvania https://en.wikipedia.org/wiki/Strafford,_Pennsylvania
https://en.wikipedia.org/wiki/Haverford_Township,_Delaware_County,_Pennsylvania https://en.wikipedia.org/wiki/Thornton,_Pennsylvania
https://en.wikipedia.org/wiki/Haverford_Township,_Delaware_County,_Pennsylvania https://en.wikipedia.org/wiki/Villanova,_Pennsylvania
https://en.wikipedia.org/wiki/Haverford_Township,_Delaware_County,_Pennsylvania https://en.wikipedia.org/wiki/Wallingford,_Pennsylvania
https://en.wikipedia.org/wiki/Haverford_Township,_Delaware_County,_Pennsylvania https://en.wikipedia.org/wiki/Wawa,_Pennsylvania
https://en.wikipedia.org/wiki/Haverford_Township,_Delaware_County,_Pennsylvania https://en.wikipedia.org/wiki/Wayne,_Pennsylvania
https://en.wikipedia.org/wiki/Haverford_Township,_Delaware_County,_Pennsylvania https://en.wikipedia.org/wiki/Wyola,_Pennsylvania
https://en.wikipedia.org/wiki/Haverford_Township,_Delaware_County,_Pennsylvania https://en.wikipedia.org/wiki/Ghost_town
https://en.wikipedia.org/wiki/Haverford_Township,_Delaware_County,_Pennsylvania https://en.wikipedia.org/wiki/Darling,_Pennsylvania
https://en.wikipedia.org/wiki/Haverford_Township,_Delaware_County,_Pennsylvania https://en.wikipedia.org/wiki/Atlantic_County,_New_Jersey
https://en.wikipedia.org/wiki/Haverford_Township,_Delaware_County,_Pennsylvania https://en.wikipedia.org/wiki/Burlington_County,_New_Jersey
https://en.wikipedia.org/wiki/Haverford_Township,_Delaware_County,_Pennsylvania https://en.wikipedia.org/wiki/Camden_County,_New_Jersey
https://en.wikipedia.org/wiki/Haverford_Township,_Delaware_County,_Pennsylvania https://en.wikipedia.org/wiki/Cape_May_County,_New_Jersey
https://en.wikipedia.org/wiki/Haverford_Township,_Delaware_County,_Pennsylvania https://en.wikipedia.org/wiki/Cecil_County,_Maryland
https://en.wikipedia.org/wiki/Haverford_Township,_Delaware_County,_Pennsylvania https://en.wikipedia.org/wiki/Cumberland_County,_New_Jersey
https://en.wikipedia.org/wiki/Haverford_Township,_Delaware_County,_Pennsylvania https://en.wikipedia.org/wiki/Gloucester_County,_New_Jersey
https://en.wikipedia.org/wiki/Haverford_Township,_Delaware_County,_Pennsylvania https://en.wikipedia.org/wiki/Kent_County,_Delaware
https://en.wikipedia.org/wiki/Haverford_Township,_Delaware_County,_Pennsylvania https://en.wikipedia.org/wiki/Mercer_County,_New_Jersey
https://en.wikipedia.org/wiki/Haverford_Township,_Delaware_County,_Pennsylvania https://en.wikipedia.org/wiki/New_Castle_County,_Delaware
https://en.wikipedia.org/wiki/Haverford_Township,_Delaware_County,_Pennsylvania https://en.wikipedia.org/wiki/Ocean_County,_New_Jersey
https://en.wikipedia.org/wiki/Haverford_Township,_Delaware_County,_Pennsylvania https://en.wikipedia.org/wiki/Salem_County,_New_Jersey
https://en.wikipedia.org/wiki/Haverford_Township,_Delaware_County,_Pennsylvania https://en.wikipedia.org/wiki/Brandywine_Hundred
https://en.wikipedia.org/wiki/Haverford_Township,_Delaware_County,_Pennsylvania https://en.wikipedia.org/wiki/Camden,_New_Jersey
https://en.wikipedia.org/wiki/Haverford_Township,_Delaware_County,_Pennsylvania https://en.wikipedia.org/wiki/Cherry_Hill,_New_Jersey
https://en.wikipedia.org/wiki/Haverford_Township,_Delaware_County,_Pennsylvania https://en.wikipedia.org/wiki/Gloucester_Township,_New_Jersey
https://en.wikipedia.org/wiki/Haverford_Township,_Delaware_County,_Pennsylvania https://en.wikipedia.org/wiki/Hamilton_Township,_Mercer_County,_New_Jersey
https://en.wikipedia.org/wiki/Haverford_Township,_Delaware_County,_Pennsylvania https://en.wikipedia.org/wiki/New_Castle_Hundred
https://en.wikipedia.org/wiki/Haverford_Township,_Delaware_County,_Pennsylvania https://en.wikipedia.org/wiki/Pennsauken_Township,_New_Jersey
https://en.wikipedia.org/wiki/Haverford_Township,_Delaware_County,_Pennsylvania https://en.wikipedia.org/wiki/Toms_River,_New_Jersey
https://en.wikipedia.org/wiki/Haverford_Township,_Delaware_County,_Pennsylvania https://en.wikipedia.org/wiki/Trenton,_New_Jersey
https://en.wikipedia.org/wiki/Haverford_Township,_Delaware_County,_Pennsylvania https://en.wikipedia.org/wiki/Vineland,_New_Jersey
https://en.wikipedia.org/wiki/Haverford_Township,_Delaware_County,_Pennsylvania https://en.wikipedia.org/wiki/Wilmington,_Delaware
https://en.wikipedia.org/wiki/Haverford_Township,_Delaware_County,_Pennsylvania https://en.wikipedia.org/wiki/Atlantic_City,_New_Jersey
https://en.wikipedia.org/wiki/Haverford_Township,_Delaware_County,_Pennsylvania https://en.wikipedia.org/wiki/Deptford_Township,_New_Jersey
https://en.wikipedia.org/wiki/Haverford_Township,_Delaware_County,_Pennsylvania https://en.wikipedia.org/wiki/Dover,_Delaware
https://en.wikipedia.org/wiki/Haverford_Township,_Delaware_County,_Pennsylvania https://en.wikipedia.org/wiki/Egg_Harbor_Township,_New_Jersey
https://en.wikipedia.org/wiki/Haverford_Township,_Delaware_County,_Pennsylvania https://en.wikipedia.org/wiki/Evesham_Township,_New_Jersey
https://en.wikipedia.org/wiki/Haverford_Township,_Delaware_County,_Pennsylvania https://en.wikipedia.org/wiki/Ewing_Township,_New_Jersey
https://en.wikipedia.org/wiki/Haverford_Township,_Delaware_County,_Pennsylvania https://en.wikipedia.org/wiki/Galloway_Township,_New_Jersey
https://en.wikipedia.org/wiki/Haverford_Township,_Delaware_County,_Pennsylvania https://en.wikipedia.org/wiki/Lawrence_Township,_Mercer_County,_New_Jersey
https://en.wikipedia.org/wiki/Haverford_Township,_Delaware_County,_Pennsylvania https://en.wikipedia.org/wiki/Millville,_New_Jersey
https://en.wikipedia.org/wiki/Haverford_Township,_Delaware_County,_Pennsylvania https://en.wikipedia.org/wiki/Monroe_Township,_Gloucester_County,_New_Jersey
https://en.wikipedia.org/wiki/Haverford_Township,_Delaware_County,_Pennsylvania https://en.wikipedia.org/wiki/Mount_Laurel,_New_Jersey
https://en.wikipedia.org/wiki/Haverford_Township,_Delaware_County,_Pennsylvania https://en.wikipedia.org/wiki/Newark,_Delaware
https://en.wikipedia.org/wiki/Haverford_Township,_Delaware_County,_Pennsylvania https://en.wikipedia.org/wiki/Washington_Township,_Gloucester_County,_New_Jersey
https://en.wikipedia.org/wiki/Haverford_Township,_Delaware_County,_Pennsylvania https://en.wikipedia.org/wiki/Willingboro_Township,_New_Jersey
https://en.wikipedia.org/wiki/Haverford_Township,_Delaware_County,_Pennsylvania https://en.wikipedia.org/wiki/Winslow_Township,_New_Jersey
https://en.wikipedia.org/wiki/Haverford_Township,_Delaware_County,_Pennsylvania https://en.wikipedia.org/wiki/Commonwealth_(U.S._state)
https://en.wikipedia.org/wiki/Haverford_Township,_Delaware_County,_Pennsylvania https://en.wikipedia.org/wiki/Index_of_Pennsylvania-related_articles
https://en.wikipedia.org/wiki/Haverford_Township,_Delaware_County,_Pennsylvania https://en.wikipedia.org/wiki/United_States_congressional_delegations_from_Pennsylvania
https://en.wikipedia.org/wiki/Haverford_Township,_Delaware_County,_Pennsylvania https://en.wikipedia.org/wiki/Government_of_Pennsylvania
https://en.wikipedia.org/wiki/Haverford_Township,_Delaware_County,_Pennsylvania https://en.wikipedia.org/wiki/History_of_Pennsylvania
https://en.wikipedia.org/wiki/Haverford_Township,_Delaware_County,_Pennsylvania https://en.wikipedia.org/wiki/Geography_of_Pennsylvania
https://en.wikipedia.org/wiki/Haverford_Township,_Delaware_County,_Pennsylvania https://en.wikipedia.org/wiki/Geology_of_Pennsylvania
https://en.wikipedia.org/wiki/Haverford_Township,_Delaware_County,_Pennsylvania https://en.wikipedia.org/wiki/Law_of_Pennsylvania
https://en.wikipedia.org/wiki/Haverford_Township,_Delaware_County,_Pennsylvania https://en.wikipedia.org/wiki/List_of_people_from_Pennsylvania
https://en.wikipedia.org/wiki/Haverford_Township,_Delaware_County,_Pennsylvania https://en.wikipedia.org/wiki/List_of_Pennsylvania_state_parks
https://en.wikipedia.org/wiki/Haverford_Township,_Delaware_County,_Pennsylvania https://en.wikipedia.org/wiki/List_of_Pennsylvania_state_symbols
https://en.wikipedia.org/wiki/Haverford_Township,_Delaware_County,_Pennsylvania https://en.wikipedia.org/wiki/Agriculture_in_Pennsylvania
https://en.wikipedia.org/wiki/Haverford_Township,_Delaware_County,_Pennsylvania https://en.wikipedia.org/wiki/Crime_in_Pennsylvania
https://en.wikipedia.org/wiki/Haverford_Township,_Delaware_County,_Pennsylvania https://en.wikipedia.org/wiki/Pennsylvania#Demographics
https://en.wikipedia.org/wiki/Haverford_Township,_Delaware_County,_Pennsylvania https://en.wikipedia.org/wiki/Pennsylvania#Economy
https://en.wikipedia.org/wiki/Haverford_Township,_Delaware_County,_Pennsylvania https://en.wikipedia.org/wiki/Education_in_Pennsylvania
https://en.wikipedia.org/wiki/Haverford_Township,_Delaware_County,_Pennsylvania https://en.wikipedia.org/wiki/Gambling_in_Pennsylvania
https://en.wikipedia.org/wiki/Haverford_Township,_Delaware_County,_Pennsylvania https://en.wikipedia.org/wiki/Politics_of_Pennsylvania
https://en.wikipedia.org/wiki/Haverford_Township,_Delaware_County,_Pennsylvania https://en.wikipedia.org/wiki/Sports_in_Pennsylvania
https://en.wikipedia.org/wiki/Haverford_Township,_Delaware_County,_Pennsylvania https://en.wikipedia.org/wiki/Pennsylvania_metropolitan_areas
https://en.wikipedia.org/wiki/Haverford_Township,_Delaware_County,_Pennsylvania https://en.wikipedia.org/wiki/Baltimore%E2%80%93Washington_metropolitan_area
https://en.wikipedia.org/wiki/Haverford_Township,_Delaware_County,_Pennsylvania https://en.wikipedia.org/wiki/New_York_metropolitan_area
https://en.wikipedia.org/wiki/Haverford_Township,_Delaware_County,_Pennsylvania https://en.wikipedia.org/wiki/Hanover,_Pennsylvania
https://en.wikipedia.org/wiki/Haverford_Township,_Delaware_County,_Pennsylvania https://en.wikipedia.org/wiki/List_of_cities_in_Pennsylvania
https://en.wikipedia.org/wiki/Haverford_Township,_Delaware_County,_Pennsylvania https://en.wikipedia.org/wiki/Bethlehem,_Pennsylvania
https://en.wikipedia.org/wiki/Haverford_Township,_Delaware_County,_Pennsylvania https://en.wikipedia.org/wiki/Butler,_Pennsylvania
https://en.wikipedia.org/wiki/Haverford_Township,_Delaware_County,_Pennsylvania https://en.wikipedia.org/wiki/Easton,_Pennsylvania
https://en.wikipedia.org/wiki/Haverford_Township,_Delaware_County,_Pennsylvania https://en.wikipedia.org/wiki/New_Castle,_Pennsylvania
https://en.wikipedia.org/wiki/Haverford_Township,_Delaware_County,_Pennsylvania https://en.wikipedia.org/wiki/Pottsville,_Pennsylvania
https://en.wikipedia.org/wiki/Haverford_Township,_Delaware_County,_Pennsylvania https://en.wikipedia.org/wiki/Sunbury,_Pennsylvania
https://en.wikipedia.org/wiki/Haverford_Township,_Delaware_County,_Pennsylvania https://en.wikipedia.org/wiki/List_of_towns_and_boroughs_in_Pennsylvania
https://en.wikipedia.org/wiki/Haverford_Township,_Delaware_County,_Pennsylvania https://en.wikipedia.org/wiki/Cranberry_Township,_Butler_County,_Pennsylvania
https://en.wikipedia.org/wiki/Haverford_Township,_Delaware_County,_Pennsylvania https://en.wikipedia.org/wiki/Hampden_Township,_Cumberland_County,_Pennsylvania
https://en.wikipedia.org/wiki/Haverford_Township,_Delaware_County,_Pennsylvania https://en.wikipedia.org/wiki/Hempfield_Township,_Westmoreland_County,_Pennsylvania
https://en.wikipedia.org/wiki/Haverford_Township,_Delaware_County,_Pennsylvania https://en.wikipedia.org/wiki/Lower_Macungie_Township,_Lehigh_County,_Pennsylvania
https://en.wikipedia.org/wiki/Haverford_Township,_Delaware_County,_Pennsylvania https://en.wikipedia.org/wiki/Lower_Paxton_Township,_Dauphin_County,_Pennsylvania
https://en.wikipedia.org/wiki/Haverford_Township,_Delaware_County,_Pennsylvania https://en.wikipedia.org/wiki/Manheim_Township,_Lancaster_County,_Pennsylvania
https://en.wikipedia.org/wiki/Haverford_Township,_Delaware_County,_Pennsylvania https://en.wikipedia.org/wiki/Millcreek_Township,_Erie_County,_Pennsylvania
https://en.wikipedia.org/wiki/Haverford_Township,_Delaware_County,_Pennsylvania https://en.wikipedia.org/wiki/Mt._Lebanon_Township,_Allegheny_County,_Pennsylvania
https://en.wikipedia.org/wiki/Haverford_Township,_Delaware_County,_Pennsylvania https://en.wikipedia.org/wiki/North_Huntingdon_Township,_Westmoreland_County,_Pennsylvania
https://en.wikipedia.org/wiki/Haverford_Township,_Delaware_County,_Pennsylvania https://en.wikipedia.org/wiki/Penn_Hills_Township,_Allegheny_County,_Pennsylvania
https://en.wikipedia.org/wiki/Haverford_Township,_Delaware_County,_Pennsylvania https://en.wikipedia.org/wiki/Ross_Township,_Allegheny_County,_Pennsylvania
https://en.wikipedia.org/wiki/Haverford_Township,_Delaware_County,_Pennsylvania https://en.wikipedia.org/wiki/Shaler_Township,_Allegheny_County,_Pennsylvania
https://en.wikipedia.org/wiki/Haverford_Township,_Delaware_County,_Pennsylvania https://en.wikipedia.org/wiki/Spring_Township,_Berks_County,_Pennsylvania
https://en.wikipedia.org/wiki/Haverford_Township,_Delaware_County,_Pennsylvania https://en.wikipedia.org/wiki/Upper_Merion_Township,_Pennsylvania
https://en.wikipedia.org/wiki/Haverford_Township,_Delaware_County,_Pennsylvania https://en.wikipedia.org/wiki/York_Township,_York_County,_Pennsylvania
https://en.wikipedia.org/wiki/Haverford_Township,_Delaware_County,_Pennsylvania https://en.wikipedia.org/wiki/Pennsylvania_Regions
https://en.wikipedia.org/wiki/Haverford_Township,_Delaware_County,_Pennsylvania https://en.wikipedia.org/wiki/Allegheny_Mountains
https://en.wikipedia.org/wiki/Haverford_Township,_Delaware_County,_Pennsylvania https://en.wikipedia.org/wiki/Allegheny_National_Forest
https://en.wikipedia.org/wiki/Haverford_Township,_Delaware_County,_Pennsylvania https://en.wikipedia.org/wiki/Allegheny_Plateau
https://en.wikipedia.org/wiki/Haverford_Township,_Delaware_County,_Pennsylvania https://en.wikipedia.org/wiki/Atlantic_coastal_plain
https://en.wikipedia.org/wiki/Haverford_Township,_Delaware_County,_Pennsylvania https://en.wikipedia.org/wiki/Bald_Eagle_Valley
https://en.wikipedia.org/wiki/Haverford_Township,_Delaware_County,_Pennsylvania https://en.wikipedia.org/wiki/Blue_Ridge_Mountains
https://en.wikipedia.org/wiki/Haverford_Township,_Delaware_County,_Pennsylvania https://en.wikipedia.org/wiki/Coal_Region
https://en.wikipedia.org/wiki/Haverford_Township,_Delaware_County,_Pennsylvania https://en.wikipedia.org/wiki/Cumberland_Valley
https://en.wikipedia.org/wiki/Haverford_Township,_Delaware_County,_Pennsylvania https://en.wikipedia.org/wiki/Pennsylvania_Dutch_Country
https://en.wikipedia.org/wiki/Haverford_Township,_Delaware_County,_Pennsylvania https://en.wikipedia.org/wiki/Endless_Mountains
https://en.wikipedia.org/wiki/Haverford_Township,_Delaware_County,_Pennsylvania https://en.wikipedia.org/wiki/Great_Valley_(Pennsylvania)
https://en.wikipedia.org/wiki/Haverford_Township,_Delaware_County,_Pennsylvania https://en.wikipedia.org/wiki/Mahoning_Valley_(geographic)
https://en.wikipedia.org/wiki/Haverford_Township,_Delaware_County,_Pennsylvania https://en.wikipedia.org/wiki/Happy_Valley_(Pennsylvania)
https://en.wikipedia.org/wiki/Haverford_Township,_Delaware_County,_Pennsylvania https://en.wikipedia.org/wiki/Laurel_Highlands
https://en.wikipedia.org/wiki/Haverford_Township,_Delaware_County,_Pennsylvania https://en.wikipedia.org/wiki/Philadelphia_Main_Line
https://en.wikipedia.org/wiki/Haverford_Township,_Delaware_County,_Pennsylvania https://en.wikipedia.org/wiki/Moshannon,_Pennsylvania
https://en.wikipedia.org/wiki/Haverford_Township,_Delaware_County,_Pennsylvania https://en.wikipedia.org/wiki/Nittany_Valley
https://en.wikipedia.org/wiki/Haverford_Township,_Delaware_County,_Pennsylvania https://en.wikipedia.org/wiki/Northeastern_Pennsylvania
https://en.wikipedia.org/wiki/Haverford_Township,_Delaware_County,_Pennsylvania https://en.wikipedia.org/wiki/Northern_Tier_(Pennsylvania)
https://en.wikipedia.org/wiki/Haverford_Township,_Delaware_County,_Pennsylvania https://en.wikipedia.org/wiki/Northwestern_Pennsylvania
https://en.wikipedia.org/wiki/Haverford_Township,_Delaware_County,_Pennsylvania https://en.wikipedia.org/wiki/North_Central_Pennsylvania
https://en.wikipedia.org/wiki/Haverford_Township,_Delaware_County,_Pennsylvania https://en.wikipedia.org/wiki/North_Penn_Valley
https://en.wikipedia.org/wiki/Haverford_Township,_Delaware_County,_Pennsylvania https://en.wikipedia.org/wiki/Oil_Region
https://en.wikipedia.org/wiki/Haverford_Township,_Delaware_County,_Pennsylvania https://en.wikipedia.org/wiki/Oley_Valley
https://en.wikipedia.org/wiki/Haverford_Township,_Delaware_County,_Pennsylvania https://en.wikipedia.org/wiki/Pennsylvania_Highlands_Region
https://en.wikipedia.org/wiki/Haverford_Township,_Delaware_County,_Pennsylvania https://en.wikipedia.org/wiki/Penns_Valley
https://en.wikipedia.org/wiki/Haverford_Township,_Delaware_County,_Pennsylvania https://en.wikipedia.org/wiki/Philicon_Valley
https://en.wikipedia.org/wiki/Haverford_Township,_Delaware_County,_Pennsylvania https://en.wikipedia.org/wiki/Piedmont_(United_States)
https://en.wikipedia.org/wiki/Haverford_Township,_Delaware_County,_Pennsylvania https://en.wikipedia.org/wiki/Pocono_Mountains
https://en.wikipedia.org/wiki/Haverford_Township,_Delaware_County,_Pennsylvania https://en.wikipedia.org/wiki/Ridge-and-Valley_Appalachians
https://en.wikipedia.org/wiki/Haverford_Township,_Delaware_County,_Pennsylvania https://en.wikipedia.org/wiki/Lower_Saucon_Township,_Northampton_County,_Pennsylvania
https://en.wikipedia.org/wiki/Haverford_Township,_Delaware_County,_Pennsylvania https://en.wikipedia.org/wiki/South_Central_Pennsylvania
https://en.wikipedia.org/wiki/Haverford_Township,_Delaware_County,_Pennsylvania https://en.wikipedia.org/wiki/Harrisburg-York-Lebanon,_PA_Combined_Statistical_Area
https://en.wikipedia.org/wiki/Haverford_Township,_Delaware_County,_Pennsylvania https://en.wikipedia.org/wiki/List_of_counties_in_Pennsylvania
https://en.wikipedia.org/wiki/Haverford_Township,_Delaware_County,_Pennsylvania https://en.wikipedia.org/wiki/Adams_County,_Pennsylvania
https://en.wikipedia.org/wiki/Haverford_Township,_Delaware_County,_Pennsylvania https://en.wikipedia.org/wiki/Allegheny_County,_Pennsylvania
https://en.wikipedia.org/wiki/Haverford_Township,_Delaware_County,_Pennsylvania https://en.wikipedia.org/wiki/Armstrong_County,_Pennsylvania
https://en.wikipedia.org/wiki/Haverford_Township,_Delaware_County,_Pennsylvania https://en.wikipedia.org/wiki/Beaver_County,_Pennsylvania
https://en.wikipedia.org/wiki/Haverford_Township,_Delaware_County,_Pennsylvania https://en.wikipedia.org/wiki/Bedford_County,_Pennsylvania
https://en.wikipedia.org/wiki/Haverford_Township,_Delaware_County,_Pennsylvania https://en.wikipedia.org/wiki/Blair_County,_Pennsylvania
https://en.wikipedia.org/wiki/Haverford_Township,_Delaware_County,_Pennsylvania https://en.wikipedia.org/wiki/Bradford_County,_Pennsylvania
https://en.wikipedia.org/wiki/Haverford_Township,_Delaware_County,_Pennsylvania https://en.wikipedia.org/wiki/Butler_County,_Pennsylvania
https://en.wikipedia.org/wiki/Haverford_Township,_Delaware_County,_Pennsylvania https://en.wikipedia.org/wiki/Cambria_County,_Pennsylvania
https://en.wikipedia.org/wiki/Haverford_Township,_Delaware_County,_Pennsylvania https://en.wikipedia.org/wiki/Cameron_County,_Pennsylvania
https://en.wikipedia.org/wiki/Haverford_Township,_Delaware_County,_Pennsylvania https://en.wikipedia.org/wiki/Carbon_County,_Pennsylvania
https://en.wikipedia.org/wiki/Haverford_Township,_Delaware_County,_Pennsylvania https://en.wikipedia.org/wiki/Centre_County,_Pennsylvania
https://en.wikipedia.org/wiki/Haverford_Township,_Delaware_County,_Pennsylvania https://en.wikipedia.org/wiki/Clarion_County,_Pennsylvania
https://en.wikipedia.org/wiki/Haverford_Township,_Delaware_County,_Pennsylvania https://en.wikipedia.org/wiki/Clearfield_County,_Pennsylvania
https://en.wikipedia.org/wiki/Haverford_Township,_Delaware_County,_Pennsylvania https://en.wikipedia.org/wiki/Clinton_County,_Pennsylvania
https://en.wikipedia.org/wiki/Haverford_Township,_Delaware_County,_Pennsylvania https://en.wikipedia.org/wiki/Columbia_County,_Pennsylvania
https://en.wikipedia.org/wiki/Haverford_Township,_Delaware_County,_Pennsylvania https://en.wikipedia.org/wiki/Crawford_County,_Pennsylvania
https://en.wikipedia.org/wiki/Haverford_Township,_Delaware_County,_Pennsylvania https://en.wikipedia.org/wiki/Cumberland_County,_Pennsylvania
https://en.wikipedia.org/wiki/Haverford_Township,_Delaware_County,_Pennsylvania https://en.wikipedia.org/wiki/Dauphin_County,_Pennsylvania
https://en.wikipedia.org/wiki/Haverford_Township,_Delaware_County,_Pennsylvania https://en.wikipedia.org/wiki/Elk_County,_Pennsylvania
https://en.wikipedia.org/wiki/Haverford_Township,_Delaware_County,_Pennsylvania https://en.wikipedia.org/wiki/Erie_County,_Pennsylvania
https://en.wikipedia.org/wiki/Haverford_Township,_Delaware_County,_Pennsylvania https://en.wikipedia.org/wiki/Fayette_County,_Pennsylvania
https://en.wikipedia.org/wiki/Haverford_Township,_Delaware_County,_Pennsylvania https://en.wikipedia.org/wiki/Forest_County,_Pennsylvania
https://en.wikipedia.org/wiki/Haverford_Township,_Delaware_County,_Pennsylvania https://en.wikipedia.org/wiki/Franklin_County,_Pennsylvania
https://en.wikipedia.org/wiki/Haverford_Township,_Delaware_County,_Pennsylvania https://en.wikipedia.org/wiki/Fulton_County,_Pennsylvania
https://en.wikipedia.org/wiki/Haverford_Township,_Delaware_County,_Pennsylvania https://en.wikipedia.org/wiki/Greene_County,_Pennsylvania
https://en.wikipedia.org/wiki/Haverford_Township,_Delaware_County,_Pennsylvania https://en.wikipedia.org/wiki/Huntingdon_County,_Pennsylvania
https://en.wikipedia.org/wiki/Haverford_Township,_Delaware_County,_Pennsylvania https://en.wikipedia.org/wiki/Indiana_County,_Pennsylvania
https://en.wikipedia.org/wiki/Haverford_Township,_Delaware_County,_Pennsylvania https://en.wikipedia.org/wiki/Jefferson_County,_Pennsylvania
https://en.wikipedia.org/wiki/Haverford_Township,_Delaware_County,_Pennsylvania https://en.wikipedia.org/wiki/Juniata_County,_Pennsylvania
https://en.wikipedia.org/wiki/Haverford_Township,_Delaware_County,_Pennsylvania https://en.wikipedia.org/wiki/Lackawanna_County,_Pennsylvania
https://en.wikipedia.org/wiki/Haverford_Township,_Delaware_County,_Pennsylvania https://en.wikipedia.org/wiki/Lancaster_County,_Pennsylvania
https://en.wikipedia.org/wiki/Haverford_Township,_Delaware_County,_Pennsylvania https://en.wikipedia.org/wiki/Lawrence_County,_Pennsylvania
https://en.wikipedia.org/wiki/Haverford_Township,_Delaware_County,_Pennsylvania https://en.wikipedia.org/wiki/Lebanon_County,_Pennsylvania
https://en.wikipedia.org/wiki/Haverford_Township,_Delaware_County,_Pennsylvania https://en.wikipedia.org/wiki/Lehigh_County,_Pennsylvania
https://en.wikipedia.org/wiki/Haverford_Township,_Delaware_County,_Pennsylvania https://en.wikipedia.org/wiki/Luzerne_County,_Pennsylvania
https://en.wikipedia.org/wiki/Haverford_Township,_Delaware_County,_Pennsylvania https://en.wikipedia.org/wiki/Lycoming_County,_Pennsylvania
https://en.wikipedia.org/wiki/Haverford_Township,_Delaware_County,_Pennsylvania https://en.wikipedia.org/wiki/McKean_County,_Pennsylvania
https://en.wikipedia.org/wiki/Haverford_Township,_Delaware_County,_Pennsylvania https://en.wikipedia.org/wiki/Mercer_County,_Pennsylvania
https://en.wikipedia.org/wiki/Haverford_Township,_Delaware_County,_Pennsylvania https://en.wikipedia.org/wiki/Mifflin_County,_Pennsylvania
https://en.wikipedia.org/wiki/Haverford_Township,_Delaware_County,_Pennsylvania https://en.wikipedia.org/wiki/Monroe_County,_Pennsylvania
https://en.wikipedia.org/wiki/Haverford_Township,_Delaware_County,_Pennsylvania https://en.wikipedia.org/wiki/Montour_County,_Pennsylvania
https://en.wikipedia.org/wiki/Haverford_Township,_Delaware_County,_Pennsylvania https://en.wikipedia.org/wiki/Northampton_County,_Pennsylvania
https://en.wikipedia.org/wiki/Haverford_Township,_Delaware_County,_Pennsylvania https://en.wikipedia.org/wiki/Northumberland_County,_Pennsylvania
https://en.wikipedia.org/wiki/Haverford_Township,_Delaware_County,_Pennsylvania https://en.wikipedia.org/wiki/Perry_County,_Pennsylvania
https://en.wikipedia.org/wiki/Haverford_Township,_Delaware_County,_Pennsylvania https://en.wikipedia.org/wiki/Pike_County,_Pennsylvania
https://en.wikipedia.org/wiki/Haverford_Township,_Delaware_County,_Pennsylvania https://en.wikipedia.org/wiki/Potter_County,_Pennsylvania
https://en.wikipedia.org/wiki/Haverford_Township,_Delaware_County,_Pennsylvania https://en.wikipedia.org/wiki/Schuylkill_County,_Pennsylvania
https://en.wikipedia.org/wiki/Haverford_Township,_Delaware_County,_Pennsylvania https://en.wikipedia.org/wiki/Snyder_County,_Pennsylvania
https://en.wikipedia.org/wiki/Haverford_Township,_Delaware_County,_Pennsylvania https://en.wikipedia.org/wiki/Somerset_County,_Pennsylvania
https://en.wikipedia.org/wiki/Haverford_Township,_Delaware_County,_Pennsylvania https://en.wikipedia.org/wiki/Sullivan_County,_Pennsylvania
https://en.wikipedia.org/wiki/Haverford_Township,_Delaware_County,_Pennsylvania https://en.wikipedia.org/wiki/Susquehanna_County,_Pennsylvania
https://en.wikipedia.org/wiki/Haverford_Township,_Delaware_County,_Pennsylvania https://en.wikipedia.org/wiki/Tioga_County,_Pennsylvania
https://en.wikipedia.org/wiki/Haverford_Township,_Delaware_County,_Pennsylvania https://en.wikipedia.org/wiki/Union_County,_Pennsylvania
https://en.wikipedia.org/wiki/Haverford_Township,_Delaware_County,_Pennsylvania https://en.wikipedia.org/wiki/Venango_County,_Pennsylvania
https://en.wikipedia.org/wiki/Haverford_Township,_Delaware_County,_Pennsylvania https://en.wikipedia.org/wiki/Warren_County,_Pennsylvania
https://en.wikipedia.org/wiki/Haverford_Township,_Delaware_County,_Pennsylvania https://en.wikipedia.org/wiki/Washington_County,_Pennsylvania
https://en.wikipedia.org/wiki/Haverford_Township,_Delaware_County,_Pennsylvania https://en.wikipedia.org/wiki/Wayne_County,_Pennsylvania
https://en.wikipedia.org/wiki/Haverford_Township,_Delaware_County,_Pennsylvania https://en.wikipedia.org/wiki/Westmoreland_County,_Pennsylvania
https://en.wikipedia.org/wiki/Haverford_Township,_Delaware_County,_Pennsylvania https://en.wikipedia.org/wiki/Wyoming_County,_Pennsylvania
https://en.wikipedia.org/wiki/Haverford_Township,_Delaware_County,_Pennsylvania https://en.wikipedia.org/wiki/York_County,_Pennsylvania
https://en.wikipedia.org/wiki/Haverford_Township,_Delaware_County,_Pennsylvania https://en.wikipedia.org/wiki/Commonwealth_of_Pennsylvania
https://en.wikipedia.org/wiki/Haverford_Township,_Delaware_County,_Pennsylvania https://en.wikipedia.org/wiki/Mt._Lebanon,_Pennsylvania
https://en.wikipedia.org/wiki/Haverford_Township,_Delaware_County,_Pennsylvania https://en.wikipedia.org/wiki/O%27Hara_Township,_Allegheny_County,_Pennsylvania
https://en.wikipedia.org/wiki/Haverford_Township,_Delaware_County,_Pennsylvania https://en.wikipedia.org/wiki/Penn_Hills,_Pennsylvania
https://en.wikipedia.org/wiki/Haverford_Township,_Delaware_County,_Pennsylvania https://en.wikipedia.org/wiki/Plymouth_Township,_Montgomery_County,_Pennsylvania
https://en.wikipedia.org/wiki/Haverford_Township,_Delaware_County,_Pennsylvania https://en.wikipedia.org/wiki/Upper_St._Clair_Township,_Allegheny_County,_Pennsylvania
https://en.wikipedia.org/wiki/Haverford_Township,_Delaware_County,_Pennsylvania https://en.wikipedia.org/wiki/Wilkes-Barre_Township,_Luzerne_County,_Pennsylvania
https://en.wikipedia.org/wiki/Haverford_Township,_Delaware_County,_Pennsylvania https://en.wikipedia.org/wiki/Elk_Township,_Chester_County,_Pennsylvania
https://en.wikipedia.org/wiki/Haverford_Township,_Delaware_County,_Pennsylvania https://en.wikipedia.org/wiki/Ferguson_Township,_Centre_County,_Pennsylvania
https://en.wikipedia.org/wiki/Haverford_Township,_Delaware_County,_Pennsylvania https://en.wikipedia.org/wiki/Hampton_Township,_Allegheny_County,_Pennsylvania
https://en.wikipedia.org/wiki/Haverford_Township,_Delaware_County,_Pennsylvania https://en.wikipedia.org/wiki/Hanover_Township,_Lehigh_County,_Pennsylvania
https://en.wikipedia.org/wiki/Haverford_Township,_Delaware_County,_Pennsylvania https://en.wikipedia.org/wiki/Horsham_Township,_Montgomery_County,_Pennsylvania
https://en.wikipedia.org/wiki/Haverford_Township,_Delaware_County,_Pennsylvania https://en.wikipedia.org/wiki/Kingston,_Pennsylvania
https://en.wikipedia.org/wiki/Haverford_Township,_Delaware_County,_Pennsylvania https://en.wikipedia.org/wiki/Peters_Township,_Washington_County,_Pennsylvania
https://en.wikipedia.org/wiki/Haverford_Township,_Delaware_County,_Pennsylvania https://en.wikipedia.org/wiki/Pine_Township,_Allegheny_County,_Pennsylvania
https://en.wikipedia.org/wiki/Haverford_Township,_Delaware_County,_Pennsylvania https://en.wikipedia.org/wiki/Richland_Township,_Allegheny_County,_Pennsylvania
https://en.wikipedia.org/wiki/Haverford_Township,_Delaware_County,_Pennsylvania https://en.wikipedia.org/wiki/West_Deer_Township,_Allegheny_County,_Pennsylvania
https://en.wikipedia.org/wiki/Haverford_Township,_Delaware_County,_Pennsylvania https://en.wikipedia.org/wiki/Whitemarsh_Township,_Montgomery_County,_Pennsylvania
https://en.wikipedia.org/wiki/Haverford_Township,_Delaware_County,_Pennsylvania https://en.wikipedia.org/wiki/Carbondale,_Pennsylvania
https://en.wikipedia.org/wiki/Haverford_Township,_Delaware_County,_Pennsylvania https://en.wikipedia.org/wiki/Clairton,_Pennsylvania
https://en.wikipedia.org/wiki/Haverford_Township,_Delaware_County,_Pennsylvania https://en.wikipedia.org/wiki/Coatesville,_Pennsylvania
https://en.wikipedia.org/wiki/Haverford_Township,_Delaware_County,_Pennsylvania https://en.wikipedia.org/wiki/Farrell,_Pennsylvania
https://en.wikipedia.org/wiki/Haverford_Township,_Delaware_County,_Pennsylvania https://en.wikipedia.org/wiki/Franklin,_Pennsylvania
https://en.wikipedia.org/wiki/Haverford_Township,_Delaware_County,_Pennsylvania https://en.wikipedia.org/wiki/Hermitage,_Pennsylvania
https://en.wikipedia.org/wiki/Haverford_Township,_Delaware_County,_Pennsylvania https://en.wikipedia.org/wiki/Latrobe,_Pennsylvania
https://en.wikipedia.org/wiki/Haverford_Township,_Delaware_County,_Pennsylvania https://en.wikipedia.org/wiki/St._Marys,_Pennsylvania
https://en.wikipedia.org/wiki/Haverford_Township,_Delaware_County,_Pennsylvania https://en.wikipedia.org/wiki/Warren,_Pennsylvania
https://en.wikipedia.org/wiki/Haverford_Township,_Delaware_County,_Pennsylvania https://en.wikipedia.org/wiki/Bellevue,_Pennsylvania
https://en.wikipedia.org/wiki/Haverford_Township,_Delaware_County,_Pennsylvania https://en.wikipedia.org/wiki/Bradford_Woods,_Pennsylvania
https://en.wikipedia.org/wiki/Haverford_Township,_Delaware_County,_Pennsylvania https://en.wikipedia.org/wiki/Bryn_Athyn,_Pennsylvania
https://en.wikipedia.org/wiki/Haverford_Township,_Delaware_County,_Pennsylvania https://en.wikipedia.org/wiki/Cambridge_Springs,_Pennsylvania
https://en.wikipedia.org/wiki/Haverford_Township,_Delaware_County,_Pennsylvania https://en.wikipedia.org/wiki/Chalfont,_Pennsylvania
https://en.wikipedia.org/wiki/Haverford_Township,_Delaware_County,_Pennsylvania https://en.wikipedia.org/wiki/Edinboro,_Pennsylvania
https://en.wikipedia.org/wiki/Haverford_Township,_Delaware_County,_Pennsylvania https://en.wikipedia.org/wiki/Green_Tree,_Pennsylvania
https://en.wikipedia.org/wiki/Haverford_Township,_Delaware_County,_Pennsylvania https://en.wikipedia.org/wiki/Kingston_Township,_Luzerne_County,_Pennsylvania
https://en.wikipedia.org/wiki/Haverford_Township,_Delaware_County,_Pennsylvania https://en.wikipedia.org/wiki/Murrysville,_Pennsylvania
https://en.wikipedia.org/wiki/Haverford_Township,_Delaware_County,_Pennsylvania https://en.wikipedia.org/wiki/Portage,_Pennsylvania
https://en.wikipedia.org/wiki/Haverford_Township,_Delaware_County,_Pennsylvania https://en.wikipedia.org/wiki/Salisbury_Township,_Lehigh_County,_Pennsylvania
https://en.wikipedia.org/wiki/Haverford_Township,_Delaware_County,_Pennsylvania https://en.wikipedia.org/wiki/Tyrone,_Pennsylvania
https://en.wikipedia.org/wiki/Haverford_Township,_Delaware_County,_Pennsylvania https://en.wikipedia.org/wiki/Whitehall,_Allegheny_County,_Pennsylvania
https://en.wikipedia.org/wiki/Haverford_Township,_Delaware_County,_Pennsylvania https://en.wikipedia.org/wiki/Youngsville,_Pennsylvania
