https://en.wikipedia.org/wiki/Hillsboro,_Oregon https://en.wikipedia.org/wiki/City
https://en.wikipedia.org/wiki/Hillsboro,_Oregon https://en.wikipedia.org/wiki/Mount_Hood
https://en.wikipedia.org/wiki/Hillsboro,_Oregon https://en.wikipedia.org/wiki/Geographic_coordinate_system
https://en.wikipedia.org/wiki/Hillsboro,_Oregon https://en.wikipedia.org/wiki/United_States
https://en.wikipedia.org/wiki/Hillsboro,_Oregon https://en.wikipedia.org/wiki/Namesake
https://en.wikipedia.org/wiki/Hillsboro,_Oregon https://en.wikipedia.org/wiki/Mayor
https://en.wikipedia.org/wiki/Hillsboro,_Oregon https://en.wikipedia.org/wiki/Time_zone
https://en.wikipedia.org/wiki/Hillsboro,_Oregon https://en.wikipedia.org/wiki/UTC%E2%88%928
https://en.wikipedia.org/wiki/Hillsboro,_Oregon https://en.wikipedia.org/wiki/Pacific_Standard_Time_Zone
https://en.wikipedia.org/wiki/Hillsboro,_Oregon https://en.wikipedia.org/wiki/Daylight_saving_time
https://en.wikipedia.org/wiki/Hillsboro,_Oregon https://en.wikipedia.org/wiki/UTC%E2%88%927
https://en.wikipedia.org/wiki/Hillsboro,_Oregon https://en.wikipedia.org/wiki/Pacific_Daylight_Time
https://en.wikipedia.org/wiki/Hillsboro,_Oregon https://en.wikipedia.org/wiki/ZIP_code
https://en.wikipedia.org/wiki/Hillsboro,_Oregon https://en.wikipedia.org/wiki/Telephone_numbering_plan
https://en.wikipedia.org/wiki/Hillsboro,_Oregon https://en.wikipedia.org/wiki/Area_codes_503_and_971
https://en.wikipedia.org/wiki/Hillsboro,_Oregon https://en.wikipedia.org/wiki/Federal_Information_Processing_Standard
https://en.wikipedia.org/wiki/Hillsboro,_Oregon https://en.wikipedia.org/wiki/Demonym
https://en.wikipedia.org/wiki/Hillsboro,_Oregon https://en.wikipedia.org/wiki/High_tech
https://en.wikipedia.org/wiki/Hillsboro,_Oregon https://en.wikipedia.org/wiki/Kalapuya_people
https://en.wikipedia.org/wiki/Hillsboro,_Oregon https://en.wikipedia.org/wiki/Oregon_wine
https://en.wikipedia.org/wiki/Hillsboro,_Oregon https://en.wikipedia.org/wiki/Light_rail
https://en.wikipedia.org/wiki/Hillsboro,_Oregon https://en.wikipedia.org/wiki/Camassia
https://en.wikipedia.org/wiki/Hillsboro,_Oregon https://en.wikipedia.org/wiki/Sagittaria
https://en.wikipedia.org/wiki/Hillsboro,_Oregon https://en.wikipedia.org/wiki/Chinookan
https://en.wikipedia.org/wiki/Hillsboro,_Oregon https://en.wikipedia.org/wiki/Willamette_Falls
https://en.wikipedia.org/wiki/Hillsboro,_Oregon https://en.wikipedia.org/wiki/Smallpox
https://en.wikipedia.org/wiki/Hillsboro,_Oregon https://en.wikipedia.org/wiki/Syphilis
https://en.wikipedia.org/wiki/Hillsboro,_Oregon https://en.wikipedia.org/wiki/Malaria
https://en.wikipedia.org/wiki/Hillsboro,_Oregon https://en.wikipedia.org/wiki/Grand_Ronde_Community
https://en.wikipedia.org/wiki/Hillsboro,_Oregon https://en.wikipedia.org/wiki/Oregon_Territorial_Legislature
https://en.wikipedia.org/wiki/Hillsboro,_Oregon https://en.wikipedia.org/wiki/Oregon_and_California_Railroad
https://en.wikipedia.org/wiki/Hillsboro,_Oregon https://en.wikipedia.org/wiki/Oregon_Legislative_Assembly
https://en.wikipedia.org/wiki/Hillsboro,_Oregon https://en.wikipedia.org/wiki/Oregon_Electric_Railway
https://en.wikipedia.org/wiki/Hillsboro,_Oregon https://en.wikipedia.org/wiki/Interurban
https://en.wikipedia.org/wiki/Hillsboro,_Oregon https://en.wikipedia.org/wiki/Red_Electric
https://en.wikipedia.org/wiki/Hillsboro,_Oregon https://en.wikipedia.org/wiki/Fire_apparatus
https://en.wikipedia.org/wiki/Hillsboro,_Oregon https://en.wikipedia.org/wiki/Water_treatment
https://en.wikipedia.org/wiki/Hillsboro,_Oregon https://en.wikipedia.org/wiki/Carnegie_library
https://en.wikipedia.org/wiki/Hillsboro,_Oregon https://en.wikipedia.org/wiki/Hillsboro_wireless_tower
https://en.wikipedia.org/wiki/Hillsboro,_Oregon https://en.wikipedia.org/wiki/Green_River_Ordinance
https://en.wikipedia.org/wiki/Hillsboro,_Oregon https://en.wikipedia.org/wiki/Door-to-door
https://en.wikipedia.org/wiki/Hillsboro,_Oregon https://en.wikipedia.org/wiki/Oregon_Supreme_Court
https://en.wikipedia.org/wiki/Hillsboro,_Oregon https://en.wikipedia.org/wiki/Wafer_(electronics)
https://en.wikipedia.org/wiki/Hillsboro,_Oregon https://en.wikipedia.org/wiki/Barack_Obama
https://en.wikipedia.org/wiki/Hillsboro,_Oregon https://en.wikipedia.org/wiki/McMenamins
https://en.wikipedia.org/wiki/Hillsboro,_Oregon https://en.wikipedia.org/wiki/Brewpub
https://en.wikipedia.org/wiki/Hillsboro,_Oregon https://en.wikipedia.org/wiki/Harold_Wass_Ray_House
https://en.wikipedia.org/wiki/Hillsboro,_Oregon https://en.wikipedia.org/wiki/List_of_Registered_Historic_Places_in_Oregon#Washington_County
https://en.wikipedia.org/wiki/Hillsboro,_Oregon https://en.wikipedia.org/wiki/Zula_Linklater_House
https://en.wikipedia.org/wiki/Hillsboro,_Oregon https://en.wikipedia.org/wiki/Rice%E2%80%93Gates_House
https://en.wikipedia.org/wiki/Hillsboro,_Oregon https://en.wikipedia.org/wiki/Edward_Schulmerich_House
https://en.wikipedia.org/wiki/Hillsboro,_Oregon https://en.wikipedia.org/wiki/Charles_Shorey_House
https://en.wikipedia.org/wiki/Hillsboro,_Oregon https://en.wikipedia.org/wiki/Richard_and_Helen_Rice_House
https://en.wikipedia.org/wiki/Hillsboro,_Oregon https://en.wikipedia.org/wiki/Washington_County_Jail_(Oregon)
https://en.wikipedia.org/wiki/Hillsboro,_Oregon https://en.wikipedia.org/wiki/Manning%E2%80%93Kamna_Farm
https://en.wikipedia.org/wiki/Hillsboro,_Oregon https://en.wikipedia.org/wiki/Sea_level
https://en.wikipedia.org/wiki/Hillsboro,_Oregon https://en.wikipedia.org/wiki/Dairy_Creek_(Oregon)
https://en.wikipedia.org/wiki/Hillsboro,_Oregon https://en.wikipedia.org/wiki/Cardinal_direction
https://en.wikipedia.org/wiki/Hillsboro,_Oregon https://en.wikipedia.org/wiki/Cul-de-sac
https://en.wikipedia.org/wiki/Hillsboro,_Oregon https://en.wikipedia.org/wiki/Glencoe,_Oregon
https://en.wikipedia.org/wiki/Hillsboro,_Oregon https://en.wikipedia.org/wiki/Peter_Wolf_Toth
https://en.wikipedia.org/wiki/Hillsboro,_Oregon https://en.wikipedia.org/wiki/Trail_of_the_Whispering_Giants
https://en.wikipedia.org/wiki/Hillsboro,_Oregon https://en.wikipedia.org/wiki/Precipitation_(meteorology)
https://en.wikipedia.org/wiki/Hillsboro,_Oregon https://en.wikipedia.org/wiki/Fahrenheit
https://en.wikipedia.org/wiki/Hillsboro,_Oregon https://en.wikipedia.org/wiki/Celsius
https://en.wikipedia.org/wiki/Hillsboro,_Oregon https://en.wikipedia.org/wiki/Warm-summer_Mediterranean_climate
https://en.wikipedia.org/wiki/Hillsboro,_Oregon https://en.wikipedia.org/wiki/Precipitation
https://en.wikipedia.org/wiki/Hillsboro,_Oregon https://en.wikipedia.org/wiki/1880_United_States_Census
https://en.wikipedia.org/wiki/Hillsboro,_Oregon https://en.wikipedia.org/wiki/1890_United_States_Census
https://en.wikipedia.org/wiki/Hillsboro,_Oregon https://en.wikipedia.org/wiki/1900_United_States_Census
https://en.wikipedia.org/wiki/Hillsboro,_Oregon https://en.wikipedia.org/wiki/1920_United_States_Census
https://en.wikipedia.org/wiki/Hillsboro,_Oregon https://en.wikipedia.org/wiki/1930_United_States_Census
https://en.wikipedia.org/wiki/Hillsboro,_Oregon https://en.wikipedia.org/wiki/1940_United_States_Census
https://en.wikipedia.org/wiki/Hillsboro,_Oregon https://en.wikipedia.org/wiki/1950_United_States_Census
https://en.wikipedia.org/wiki/Hillsboro,_Oregon https://en.wikipedia.org/wiki/1960_United_States_Census
https://en.wikipedia.org/wiki/Hillsboro,_Oregon https://en.wikipedia.org/wiki/1970_United_States_Census
https://en.wikipedia.org/wiki/Hillsboro,_Oregon https://en.wikipedia.org/wiki/1980_United_States_Census
https://en.wikipedia.org/wiki/Hillsboro,_Oregon https://en.wikipedia.org/wiki/1990_United_States_Census
https://en.wikipedia.org/wiki/Hillsboro,_Oregon https://en.wikipedia.org/wiki/2000_United_States_Census
https://en.wikipedia.org/wiki/Hillsboro,_Oregon https://en.wikipedia.org/wiki/White_(U.S._Census)
https://en.wikipedia.org/wiki/Hillsboro,_Oregon https://en.wikipedia.org/wiki/African_American_(U.S._Census)
https://en.wikipedia.org/wiki/Hillsboro,_Oregon https://en.wikipedia.org/wiki/Native_American_(U.S._Census)
https://en.wikipedia.org/wiki/Hillsboro,_Oregon https://en.wikipedia.org/wiki/Asian_(U.S._Census)
https://en.wikipedia.org/wiki/Hillsboro,_Oregon https://en.wikipedia.org/wiki/Race_(U.S._Census)
https://en.wikipedia.org/wiki/Hillsboro,_Oregon https://en.wikipedia.org/wiki/Hispanic_(U.S._Census)
https://en.wikipedia.org/wiki/Hillsboro,_Oregon https://en.wikipedia.org/wiki/Latino_(U.S._Census)
https://en.wikipedia.org/wiki/Hillsboro,_Oregon https://en.wikipedia.org/wiki/Median_household_income
https://en.wikipedia.org/wiki/Hillsboro,_Oregon https://en.wikipedia.org/wiki/Poverty_line
https://en.wikipedia.org/wiki/Hillsboro,_Oregon https://en.wikipedia.org/wiki/Homicide
https://en.wikipedia.org/wiki/Hillsboro,_Oregon https://en.wikipedia.org/wiki/Robbery
https://en.wikipedia.org/wiki/Hillsboro,_Oregon https://en.wikipedia.org/wiki/Aggravated_assault
https://en.wikipedia.org/wiki/Hillsboro,_Oregon https://en.wikipedia.org/wiki/Burglary
https://en.wikipedia.org/wiki/Hillsboro,_Oregon https://en.wikipedia.org/wiki/Larceny-theft
https://en.wikipedia.org/wiki/Hillsboro,_Oregon https://en.wikipedia.org/wiki/Motor_vehicle_theft
https://en.wikipedia.org/wiki/Hillsboro,_Oregon https://en.wikipedia.org/wiki/Arson
https://en.wikipedia.org/wiki/Hillsboro,_Oregon https://en.wikipedia.org/wiki/United_States_cities_by_crime_rate_(60,000%E2%80%93100,000)
https://en.wikipedia.org/wiki/Hillsboro,_Oregon https://en.wikipedia.org/wiki/Crime_rate
https://en.wikipedia.org/wiki/Hillsboro,_Oregon https://en.wikipedia.org/wiki/Nike,_Inc.
https://en.wikipedia.org/wiki/Hillsboro,_Oregon https://en.wikipedia.org/wiki/Wells_Fargo_Bank
https://en.wikipedia.org/wiki/Hillsboro,_Oregon https://en.wikipedia.org/wiki/IBM_Corporation
https://en.wikipedia.org/wiki/Hillsboro,_Oregon https://en.wikipedia.org/wiki/Condiment
https://en.wikipedia.org/wiki/Hillsboro,_Oregon https://en.wikipedia.org/wiki/Salesforce.com
https://en.wikipedia.org/wiki/Hillsboro,_Oregon https://en.wikipedia.org/wiki/Genentech#Facilities
https://en.wikipedia.org/wiki/Hillsboro,_Oregon https://en.wikipedia.org/wiki/Biotechnology
https://en.wikipedia.org/wiki/Hillsboro,_Oregon https://en.wikipedia.org/wiki/C2C_(cable_system)
https://en.wikipedia.org/wiki/Hillsboro,_Oregon https://en.wikipedia.org/wiki/Southern_Cross_Cable
https://en.wikipedia.org/wiki/Hillsboro,_Oregon https://en.wikipedia.org/wiki/VSNL_Transpacific
https://en.wikipedia.org/wiki/Hillsboro,_Oregon https://en.wikipedia.org/wiki/Data_center
https://en.wikipedia.org/wiki/Hillsboro,_Oregon https://en.wikipedia.org/wiki/Umpqua_Bank
https://en.wikipedia.org/wiki/Hillsboro,_Oregon https://en.wikipedia.org/wiki/Soloflex
https://en.wikipedia.org/wiki/Hillsboro,_Oregon https://en.wikipedia.org/wiki/Norm_Thompson_Outfitters
https://en.wikipedia.org/wiki/Hillsboro,_Oregon https://en.wikipedia.org/wiki/Coraline
https://en.wikipedia.org/wiki/Hillsboro,_Oregon https://en.wikipedia.org/wiki/Paranorman
https://en.wikipedia.org/wiki/Hillsboro,_Oregon https://en.wikipedia.org/wiki/Hatfield_Government_Center_(MAX_station)
https://en.wikipedia.org/wiki/Hillsboro,_Oregon https://en.wikipedia.org/wiki/Planned_Community
https://en.wikipedia.org/wiki/Hillsboro,_Oregon https://en.wikipedia.org/wiki/Money_(magazine)
https://en.wikipedia.org/wiki/Hillsboro,_Oregon https://en.wikipedia.org/wiki/Meier_%26_Frank
https://en.wikipedia.org/wiki/Hillsboro,_Oregon https://en.wikipedia.org/wiki/Macy%27s
https://en.wikipedia.org/wiki/Hillsboro,_Oregon https://en.wikipedia.org/wiki/Sunset_Esplanade
https://en.wikipedia.org/wiki/Hillsboro,_Oregon https://en.wikipedia.org/wiki/Costco
https://en.wikipedia.org/wiki/Hillsboro,_Oregon https://en.wikipedia.org/wiki/Oak_Knoll_Winery
https://en.wikipedia.org/wiki/Hillsboro,_Oregon https://en.wikipedia.org/wiki/Pinot_noir
https://en.wikipedia.org/wiki/Hillsboro,_Oregon https://en.wikipedia.org/wiki/Pinot_gris
https://en.wikipedia.org/wiki/Hillsboro,_Oregon https://en.wikipedia.org/wiki/Chardonnay
https://en.wikipedia.org/wiki/Hillsboro,_Oregon https://en.wikipedia.org/wiki/Venetian_Theatre
https://en.wikipedia.org/wiki/Hillsboro,_Oregon https://en.wikipedia.org/wiki/Barbershop_music
https://en.wikipedia.org/wiki/Hillsboro,_Oregon https://en.wikipedia.org/wiki/Washington_County_Cooperative_Library_Services
https://en.wikipedia.org/wiki/Hillsboro,_Oregon https://en.wikipedia.org/wiki/Interlibrary_loan
https://en.wikipedia.org/wiki/Hillsboro,_Oregon https://en.wikipedia.org/wiki/Newspaper_of_record
https://en.wikipedia.org/wiki/Hillsboro,_Oregon https://en.wikipedia.org/wiki/Willamette_Week
https://en.wikipedia.org/wiki/Hillsboro,_Oregon https://en.wikipedia.org/wiki/Gordon_Faber_Recreation_Complex
https://en.wikipedia.org/wiki/Hillsboro,_Oregon https://en.wikipedia.org/wiki/Bald_Peak_State_Scenic_Viewpoint
https://en.wikipedia.org/wiki/Hillsboro,_Oregon https://en.wikipedia.org/wiki/L._L._%22Stub%22_Stewart_State_Park
https://en.wikipedia.org/wiki/Hillsboro,_Oregon https://en.wikipedia.org/wiki/The_Reserve_Vineyards_and_Golf_Club
https://en.wikipedia.org/wiki/Hillsboro,_Oregon https://en.wikipedia.org/wiki/Meriwether_National_Golf_Course
https://en.wikipedia.org/wiki/Hillsboro,_Oregon https://en.wikipedia.org/wiki/Pumpkin_Ridge_Golf_Club
https://en.wikipedia.org/wiki/Hillsboro,_Oregon https://en.wikipedia.org/wiki/Farmers%27_market
https://en.wikipedia.org/wiki/Hillsboro,_Oregon https://en.wikipedia.org/wiki/Northwest_League
https://en.wikipedia.org/wiki/Hillsboro,_Oregon https://en.wikipedia.org/wiki/Minor_League_Baseball
https://en.wikipedia.org/wiki/Hillsboro,_Oregon https://en.wikipedia.org/wiki/Arizona_Diamondbacks
https://en.wikipedia.org/wiki/Hillsboro,_Oregon https://en.wikipedia.org/wiki/At-large
https://en.wikipedia.org/wiki/Hillsboro,_Oregon https://en.wikipedia.org/wiki/Hillsboro_Police_Department
https://en.wikipedia.org/wiki/Hillsboro,_Oregon https://en.wikipedia.org/wiki/Oregon%27s_1st_congressional_district
https://en.wikipedia.org/wiki/Hillsboro,_Oregon https://en.wikipedia.org/wiki/Suzanne_Bonamici
https://en.wikipedia.org/wiki/Hillsboro,_Oregon https://en.wikipedia.org/wiki/Oregon_State_Senate
https://en.wikipedia.org/wiki/Hillsboro,_Oregon https://en.wikipedia.org/wiki/Chuck_Riley_(politician)
https://en.wikipedia.org/wiki/Hillsboro,_Oregon https://en.wikipedia.org/wiki/Kim_Thatcher
https://en.wikipedia.org/wiki/Hillsboro,_Oregon https://en.wikipedia.org/wiki/Brian_Boquist
https://en.wikipedia.org/wiki/Hillsboro,_Oregon https://en.wikipedia.org/wiki/Oregon_House_of_Representatives
https://en.wikipedia.org/wiki/Hillsboro,_Oregon https://en.wikipedia.org/wiki/Ron_Noble
https://en.wikipedia.org/wiki/Hillsboro,_Oregon https://en.wikipedia.org/wiki/A._Richard_Vial
https://en.wikipedia.org/wiki/Hillsboro,_Oregon https://en.wikipedia.org/wiki/Janeen_Sollman
https://en.wikipedia.org/wiki/Hillsboro,_Oregon https://en.wikipedia.org/wiki/Jerry_Willey
https://en.wikipedia.org/wiki/Hillsboro,_Oregon https://en.wikipedia.org/wiki/Metro_(Oregon_regional_government)
https://en.wikipedia.org/wiki/Hillsboro,_Oregon https://en.wikipedia.org/wiki/School_district#Districts
https://en.wikipedia.org/wiki/Hillsboro,_Oregon https://en.wikipedia.org/wiki/City_View_Charter_School
https://en.wikipedia.org/wiki/Hillsboro,_Oregon https://en.wikipedia.org/wiki/Athletic_nickname
https://en.wikipedia.org/wiki/Hillsboro,_Oregon https://en.wikipedia.org/wiki/Glencoe_High_School_(Hillsboro,_Oregon)
https://en.wikipedia.org/wiki/Hillsboro,_Oregon https://en.wikipedia.org/wiki/Century_High_School_(Hillsboro,_Oregon)
https://en.wikipedia.org/wiki/Hillsboro,_Oregon https://en.wikipedia.org/wiki/Liberty_High_School_(Hillsboro,_Oregon)
https://en.wikipedia.org/wiki/Hillsboro,_Oregon https://en.wikipedia.org/wiki/Oregon_Graduate_Institute
https://en.wikipedia.org/wiki/Hillsboro,_Oregon https://en.wikipedia.org/wiki/Faith_Bible_High_School
https://en.wikipedia.org/wiki/Hillsboro,_Oregon https://en.wikipedia.org/wiki/Tualatin_Valley_Academy
https://en.wikipedia.org/wiki/Hillsboro,_Oregon https://en.wikipedia.org/wiki/Hatfield_Government_Center_station
https://en.wikipedia.org/wiki/Hillsboro,_Oregon https://en.wikipedia.org/wiki/Tuality_Hospital/Southeast_8th_Avenue_station
https://en.wikipedia.org/wiki/Hillsboro,_Oregon https://en.wikipedia.org/wiki/Washington/Southeast_12th_Avenue_station
https://en.wikipedia.org/wiki/Hillsboro,_Oregon https://en.wikipedia.org/wiki/Fair_Complex/Hillsboro_Airport_station
https://en.wikipedia.org/wiki/Hillsboro,_Oregon https://en.wikipedia.org/wiki/Hawthorn_Farm_station
https://en.wikipedia.org/wiki/Hillsboro,_Oregon https://en.wikipedia.org/wiki/Orenco_station_(TriMet)
https://en.wikipedia.org/wiki/Hillsboro,_Oregon https://en.wikipedia.org/wiki/Quatama_station
https://en.wikipedia.org/wiki/Hillsboro,_Oregon https://en.wikipedia.org/wiki/Electric_vehicle
https://en.wikipedia.org/wiki/Hillsboro,_Oregon https://en.wikipedia.org/wiki/Portland_and_Western_Railroad
https://en.wikipedia.org/wiki/Hillsboro,_Oregon https://en.wikipedia.org/wiki/BNSF_Railway
https://en.wikipedia.org/wiki/Hillsboro,_Oregon https://en.wikipedia.org/wiki/Union_Pacific_Railroad
https://en.wikipedia.org/wiki/Hillsboro,_Oregon https://en.wikipedia.org/wiki/Stark%27s_Twin_Oaks_Airpark
https://en.wikipedia.org/wiki/Hillsboro,_Oregon https://en.wikipedia.org/wiki/General_aviation
https://en.wikipedia.org/wiki/Hillsboro,_Oregon https://en.wikipedia.org/wiki/Port_of_Portland_(Oregon)
https://en.wikipedia.org/wiki/Hillsboro,_Oregon https://en.wikipedia.org/wiki/Portland_International_Airport
https://en.wikipedia.org/wiki/Hillsboro,_Oregon https://en.wikipedia.org/wiki/Airline
https://en.wikipedia.org/wiki/Hillsboro,_Oregon https://en.wikipedia.org/wiki/Oregon_Route_8
https://en.wikipedia.org/wiki/Hillsboro,_Oregon https://en.wikipedia.org/wiki/U.S._Route_26_(Oregon)
https://en.wikipedia.org/wiki/Hillsboro,_Oregon https://en.wikipedia.org/wiki/Kaiser_Permanente
https://en.wikipedia.org/wiki/Hillsboro,_Oregon https://en.wikipedia.org/wiki/Providence_Health_%26_Services
https://en.wikipedia.org/wiki/Hillsboro,_Oregon https://en.wikipedia.org/wiki/United_States_Department_of_Veterans_Affairs
https://en.wikipedia.org/wiki/Hillsboro,_Oregon https://en.wikipedia.org/wiki/Peggy_Fowler
https://en.wikipedia.org/wiki/Hillsboro,_Oregon https://en.wikipedia.org/wiki/Tiffeny_Milbrett
https://en.wikipedia.org/wiki/Hillsboro,_Oregon https://en.wikipedia.org/wiki/James_Withycombe
https://en.wikipedia.org/wiki/Hillsboro,_Oregon https://en.wikipedia.org/wiki/Paul_L._Patterson
https://en.wikipedia.org/wiki/Hillsboro,_Oregon https://en.wikipedia.org/wiki/Samuel_Thurston
https://en.wikipedia.org/wiki/Hillsboro,_Oregon https://en.wikipedia.org/wiki/William_N._Barrett
https://en.wikipedia.org/wiki/Hillsboro,_Oregon https://en.wikipedia.org/wiki/Benjamin_P._Cornelius
https://en.wikipedia.org/wiki/Hillsboro,_Oregon https://en.wikipedia.org/wiki/Erik_Ainge
https://en.wikipedia.org/wiki/Hillsboro,_Oregon https://en.wikipedia.org/wiki/Scott_Brosius
https://en.wikipedia.org/wiki/Hillsboro,_Oregon https://en.wikipedia.org/wiki/Colt_Lyerla
https://en.wikipedia.org/wiki/Hillsboro,_Oregon https://en.wikipedia.org/wiki/Ad_Rutschman
https://en.wikipedia.org/wiki/Hillsboro,_Oregon https://en.wikipedia.org/wiki/Wes_Schulmerich
https://en.wikipedia.org/wiki/Hillsboro,_Oregon https://en.wikipedia.org/wiki/Wally_Backman
https://en.wikipedia.org/wiki/Hillsboro,_Oregon https://en.wikipedia.org/wiki/Josh_Inman
https://en.wikipedia.org/wiki/Hillsboro,_Oregon https://en.wikipedia.org/wiki/Thomas_Garrigus
https://en.wikipedia.org/wiki/Hillsboro,_Oregon https://en.wikipedia.org/wiki/Jean_Saubert
https://en.wikipedia.org/wiki/Hillsboro,_Oregon https://en.wikipedia.org/wiki/Peggy_Y._Fowler
https://en.wikipedia.org/wiki/Hillsboro,_Oregon https://en.wikipedia.org/wiki/Bryce_Zabel
https://en.wikipedia.org/wiki/Hillsboro,_Oregon https://en.wikipedia.org/wiki/Mary_Ramsey_Wood
https://en.wikipedia.org/wiki/Hillsboro,_Oregon https://en.wikipedia.org/wiki/Tommy_Overstreet
https://en.wikipedia.org/wiki/Hillsboro,_Oregon https://en.wikipedia.org/wiki/Roddy_Piper
https://en.wikipedia.org/wiki/Hillsboro,_Oregon https://en.wikipedia.org/wiki/Town_twinning
https://en.wikipedia.org/wiki/Hillsboro,_Oregon https://en.wikipedia.org/wiki/Fukuroi,_Shizuoka
https://en.wikipedia.org/wiki/Hillsboro,_Oregon https://en.wikipedia.org/wiki/Shizuoka_Prefecture
https://en.wikipedia.org/wiki/Hillsboro,_Oregon https://en.wikipedia.org/wiki/Portland_Monthly
https://en.wikipedia.org/wiki/Hillsboro,_Oregon https://en.wikipedia.org/wiki/United_States_Geological_Survey
https://en.wikipedia.org/wiki/Hillsboro,_Oregon https://en.wikipedia.org/wiki/Arcadia_Publishing
https://en.wikipedia.org/wiki/Hillsboro,_Oregon https://en.wikipedia.org/wiki/Oregon_Judicial_Department
https://en.wikipedia.org/wiki/Hillsboro,_Oregon https://en.wikipedia.org/wiki/Oregon_Department_of_Parks_and_Recreation
https://en.wikipedia.org/wiki/Hillsboro,_Oregon https://en.wikipedia.org/wiki/National_Park_Service
https://en.wikipedia.org/wiki/Hillsboro,_Oregon https://en.wikipedia.org/wiki/People_(magazine)
https://en.wikipedia.org/wiki/Hillsboro,_Oregon https://en.wikipedia.org/wiki/Oregon_Secretary_of_State
https://en.wikipedia.org/wiki/Hillsboro,_Oregon https://en.wikipedia.org/wiki/City_Club_of_Portland
https://en.wikipedia.org/wiki/Hillsboro,_Oregon https://en.wikipedia.org/wiki/Houston_Chronicle
https://en.wikipedia.org/wiki/Hillsboro,_Oregon https://en.wikipedia.org/wiki/Portland_Tribune
https://en.wikipedia.org/wiki/Hillsboro,_Oregon https://en.wikipedia.org/wiki/Oregon_Blue_Book
https://en.wikipedia.org/wiki/Hillsboro,_Oregon https://en.wikipedia.org/wiki/The_Oregon_Encyclopedia
https://en.wikipedia.org/wiki/Hillsboro,_Oregon https://en.wikipedia.org/wiki/Hillsboro_Police_Department_(Oregon)
https://en.wikipedia.org/wiki/Hillsboro,_Oregon https://en.wikipedia.org/wiki/Oregon_PHL/DEQ_Laboratories
https://en.wikipedia.org/wiki/Hillsboro,_Oregon https://en.wikipedia.org/wiki/Century_High_School_(Oregon)
https://en.wikipedia.org/wiki/Hillsboro,_Oregon https://en.wikipedia.org/wiki/Glencoe_High_School_(Oregon)
https://en.wikipedia.org/wiki/Hillsboro,_Oregon https://en.wikipedia.org/wiki/Liberty_High_School_(Oregon)
https://en.wikipedia.org/wiki/Hillsboro,_Oregon https://en.wikipedia.org/wiki/Beyond_Words_Publishing
https://en.wikipedia.org/wiki/Hillsboro,_Oregon https://en.wikipedia.org/wiki/Binford_%26_Mort
https://en.wikipedia.org/wiki/Hillsboro,_Oregon https://en.wikipedia.org/wiki/Enli_Health_Intelligence
https://en.wikipedia.org/wiki/Hillsboro,_Oregon https://en.wikipedia.org/wiki/Metro_West_Ambulance
https://en.wikipedia.org/wiki/Hillsboro,_Oregon https://en.wikipedia.org/wiki/SolarWorld
https://en.wikipedia.org/wiki/Hillsboro,_Oregon https://en.wikipedia.org/wiki/53rd_Avenue_Park
https://en.wikipedia.org/wiki/Hillsboro,_Oregon https://en.wikipedia.org/wiki/Bagley_Park
https://en.wikipedia.org/wiki/Hillsboro,_Oregon https://en.wikipedia.org/wiki/Bicentennial_Park_(Hillsboro,_Oregon)
https://en.wikipedia.org/wiki/Hillsboro,_Oregon https://en.wikipedia.org/wiki/Cornell_Creek_Park
https://en.wikipedia.org/wiki/Hillsboro,_Oregon https://en.wikipedia.org/wiki/Hamby_Park
https://en.wikipedia.org/wiki/Hillsboro,_Oregon https://en.wikipedia.org/wiki/Hondo_Dog_Park
https://en.wikipedia.org/wiki/Hillsboro,_Oregon https://en.wikipedia.org/wiki/Magnolia_Park_(Hillsboro,_Oregon)
https://en.wikipedia.org/wiki/Hillsboro,_Oregon https://en.wikipedia.org/wiki/Noble_Woods_Park
https://en.wikipedia.org/wiki/Hillsboro,_Oregon https://en.wikipedia.org/wiki/Orchard_Park_(Oregon)
https://en.wikipedia.org/wiki/Hillsboro,_Oregon https://en.wikipedia.org/wiki/Orenco_Woods_Nature_Park
https://en.wikipedia.org/wiki/Hillsboro,_Oregon https://en.wikipedia.org/wiki/Rood_Bridge_Park
https://en.wikipedia.org/wiki/Hillsboro,_Oregon https://en.wikipedia.org/wiki/Reedville_Creek_Park
https://en.wikipedia.org/wiki/Hillsboro,_Oregon https://en.wikipedia.org/wiki/Turner_Creek_Park
https://en.wikipedia.org/wiki/Hillsboro,_Oregon https://en.wikipedia.org/wiki/Walnut_Street_Park
https://en.wikipedia.org/wiki/Hillsboro,_Oregon https://en.wikipedia.org/wiki/Classic_Aircraft_Aviation_Museum
https://en.wikipedia.org/wiki/Hillsboro,_Oregon https://en.wikipedia.org/wiki/Oregon_Mandolin_Orchestra
https://en.wikipedia.org/wiki/Hillsboro,_Oregon https://en.wikipedia.org/wiki/List_of_cities_and_unincorporated_communities_in_Oregon
https://en.wikipedia.org/wiki/Hillsboro,_Oregon https://en.wikipedia.org/wiki/Banks,_Oregon
https://en.wikipedia.org/wiki/Hillsboro,_Oregon https://en.wikipedia.org/wiki/Durham,_Oregon
https://en.wikipedia.org/wiki/Hillsboro,_Oregon https://en.wikipedia.org/wiki/Gaston,_Oregon
https://en.wikipedia.org/wiki/Hillsboro,_Oregon https://en.wikipedia.org/wiki/King_City,_Oregon
https://en.wikipedia.org/wiki/Hillsboro,_Oregon https://en.wikipedia.org/wiki/Rivergrove,_Oregon
https://en.wikipedia.org/wiki/Hillsboro,_Oregon https://en.wikipedia.org/wiki/Census-designated_place
https://en.wikipedia.org/wiki/Hillsboro,_Oregon https://en.wikipedia.org/wiki/Bethany,_Oregon
https://en.wikipedia.org/wiki/Hillsboro,_Oregon https://en.wikipedia.org/wiki/Bull_Mountain,_Oregon
https://en.wikipedia.org/wiki/Hillsboro,_Oregon https://en.wikipedia.org/wiki/Cedar_Hills,_Oregon
https://en.wikipedia.org/wiki/Hillsboro,_Oregon https://en.wikipedia.org/wiki/Cedar_Mill,_Oregon
https://en.wikipedia.org/wiki/Hillsboro,_Oregon https://en.wikipedia.org/wiki/Garden_Home%E2%80%93Whitford,_Oregon
https://en.wikipedia.org/wiki/Hillsboro,_Oregon https://en.wikipedia.org/wiki/Metzger,_Oregon
https://en.wikipedia.org/wiki/Hillsboro,_Oregon https://en.wikipedia.org/wiki/Oak_Hills,_Oregon
https://en.wikipedia.org/wiki/Hillsboro,_Oregon https://en.wikipedia.org/wiki/Raleigh_Hills,_Oregon
https://en.wikipedia.org/wiki/Hillsboro,_Oregon https://en.wikipedia.org/wiki/Rockcreek,_Oregon
https://en.wikipedia.org/wiki/Hillsboro,_Oregon https://en.wikipedia.org/wiki/West_Haven%E2%80%93Sylvan,_Oregon
https://en.wikipedia.org/wiki/Hillsboro,_Oregon https://en.wikipedia.org/wiki/West_Slope,_Oregon
https://en.wikipedia.org/wiki/Hillsboro,_Oregon https://en.wikipedia.org/wiki/Unincorporated_area
https://en.wikipedia.org/wiki/Hillsboro,_Oregon https://en.wikipedia.org/wiki/Bacona,_Oregon
https://en.wikipedia.org/wiki/Hillsboro,_Oregon https://en.wikipedia.org/wiki/Blooming,_Oregon
https://en.wikipedia.org/wiki/Hillsboro,_Oregon https://en.wikipedia.org/wiki/Bonita,_Oregon
https://en.wikipedia.org/wiki/Hillsboro,_Oregon https://en.wikipedia.org/wiki/Bonny_Slope,_Oregon
https://en.wikipedia.org/wiki/Hillsboro,_Oregon https://en.wikipedia.org/wiki/Buxton,_Oregon
https://en.wikipedia.org/wiki/Hillsboro,_Oregon https://en.wikipedia.org/wiki/Carnation,_Oregon
https://en.wikipedia.org/wiki/Hillsboro,_Oregon https://en.wikipedia.org/wiki/Chehalem,_Oregon
https://en.wikipedia.org/wiki/Hillsboro,_Oregon https://en.wikipedia.org/wiki/Cherry_Grove,_Oregon
https://en.wikipedia.org/wiki/Hillsboro,_Oregon https://en.wikipedia.org/wiki/Dilley,_Oregon
https://en.wikipedia.org/wiki/Hillsboro,_Oregon https://en.wikipedia.org/wiki/Elmonica,_Oregon
https://en.wikipedia.org/wiki/Hillsboro,_Oregon https://en.wikipedia.org/wiki/Farmington,_Oregon
https://en.wikipedia.org/wiki/Hillsboro,_Oregon https://en.wikipedia.org/wiki/Gales_Creek,_Oregon
https://en.wikipedia.org/wiki/Hillsboro,_Oregon https://en.wikipedia.org/wiki/Glenwood,_Washington_County,_Oregon
https://en.wikipedia.org/wiki/Hillsboro,_Oregon https://en.wikipedia.org/wiki/Hayward,_Oregon
https://en.wikipedia.org/wiki/Hillsboro,_Oregon https://en.wikipedia.org/wiki/Hazeldale,_Oregon
https://en.wikipedia.org/wiki/Hillsboro,_Oregon https://en.wikipedia.org/wiki/Helvetia,_Oregon
https://en.wikipedia.org/wiki/Hillsboro,_Oregon https://en.wikipedia.org/wiki/Huber,_Oregon
https://en.wikipedia.org/wiki/Hillsboro,_Oregon https://en.wikipedia.org/wiki/Kansas_City,_Oregon
https://en.wikipedia.org/wiki/Hillsboro,_Oregon https://en.wikipedia.org/wiki/Kinton,_Oregon
https://en.wikipedia.org/wiki/Hillsboro,_Oregon https://en.wikipedia.org/wiki/Laurel,_Oregon
https://en.wikipedia.org/wiki/Hillsboro,_Oregon https://en.wikipedia.org/wiki/Laurelwood,_Oregon
https://en.wikipedia.org/wiki/Hillsboro,_Oregon https://en.wikipedia.org/wiki/Manning,_Oregon
https://en.wikipedia.org/wiki/Hillsboro,_Oregon https://en.wikipedia.org/wiki/Marlene_Village,_Oregon
https://en.wikipedia.org/wiki/Hillsboro,_Oregon https://en.wikipedia.org/wiki/Middleton,_Oregon
https://en.wikipedia.org/wiki/Hillsboro,_Oregon https://en.wikipedia.org/wiki/Midway,_Washington_County,_Oregon
https://en.wikipedia.org/wiki/Hillsboro,_Oregon https://en.wikipedia.org/wiki/Mountaindale,_Oregon
https://en.wikipedia.org/wiki/Hillsboro,_Oregon https://en.wikipedia.org/wiki/Mulloy,_Oregon
https://en.wikipedia.org/wiki/Hillsboro,_Oregon https://en.wikipedia.org/wiki/Norwood,_Oregon
https://en.wikipedia.org/wiki/Hillsboro,_Oregon https://en.wikipedia.org/wiki/Progress,_Oregon
https://en.wikipedia.org/wiki/Hillsboro,_Oregon https://en.wikipedia.org/wiki/Roy,_Oregon
https://en.wikipedia.org/wiki/Hillsboro,_Oregon https://en.wikipedia.org/wiki/Timber,_Oregon
https://en.wikipedia.org/wiki/Hillsboro,_Oregon https://en.wikipedia.org/wiki/Tonquin,_Oregon
https://en.wikipedia.org/wiki/Hillsboro,_Oregon https://en.wikipedia.org/wiki/Verboort,_Oregon
https://en.wikipedia.org/wiki/Hillsboro,_Oregon https://en.wikipedia.org/wiki/Wilkesboro,_Oregon
https://en.wikipedia.org/wiki/Hillsboro,_Oregon https://en.wikipedia.org/wiki/Ghost_town
https://en.wikipedia.org/wiki/Hillsboro,_Oregon https://en.wikipedia.org/wiki/Dixie,_Washington_County,_Oregon
https://en.wikipedia.org/wiki/Hillsboro,_Oregon https://en.wikipedia.org/wiki/Greenville,_Washington_County,_Oregon
https://en.wikipedia.org/wiki/Hillsboro,_Oregon https://en.wikipedia.org/wiki/Thatcher,_Oregon
https://en.wikipedia.org/wiki/Hillsboro,_Oregon https://en.wikipedia.org/wiki/Index_of_Oregon-related_articles
https://en.wikipedia.org/wiki/Hillsboro,_Oregon https://en.wikipedia.org/wiki/History_of_Oregon
https://en.wikipedia.org/wiki/Hillsboro,_Oregon https://en.wikipedia.org/wiki/Oregon#Geography
https://en.wikipedia.org/wiki/Hillsboro,_Oregon https://en.wikipedia.org/wiki/Fauna_of_Oregon
https://en.wikipedia.org/wiki/Hillsboro,_Oregon https://en.wikipedia.org/wiki/Climate_of_Oregon
https://en.wikipedia.org/wiki/Hillsboro,_Oregon https://en.wikipedia.org/wiki/Oregon_pioneer_history
https://en.wikipedia.org/wiki/Hillsboro,_Oregon https://en.wikipedia.org/wiki/List_of_people_from_Oregon
https://en.wikipedia.org/wiki/Hillsboro,_Oregon https://en.wikipedia.org/wiki/Governor_of_Oregon
https://en.wikipedia.org/wiki/Hillsboro,_Oregon https://en.wikipedia.org/wiki/List_of_Governors_of_Oregon
https://en.wikipedia.org/wiki/Hillsboro,_Oregon https://en.wikipedia.org/wiki/Government_of_Oregon
https://en.wikipedia.org/wiki/Hillsboro,_Oregon https://en.wikipedia.org/wiki/Constitution_of_Oregon
https://en.wikipedia.org/wiki/Hillsboro,_Oregon https://en.wikipedia.org/wiki/List_of_Oregon_ballot_measures
https://en.wikipedia.org/wiki/Hillsboro,_Oregon https://en.wikipedia.org/wiki/Elections_in_Oregon
https://en.wikipedia.org/wiki/Hillsboro,_Oregon https://en.wikipedia.org/wiki/List_of_Oregon_state_parks
https://en.wikipedia.org/wiki/Hillsboro,_Oregon https://en.wikipedia.org/wiki/Oregon_State_Fair
https://en.wikipedia.org/wiki/Hillsboro,_Oregon https://en.wikipedia.org/wiki/List_of_Oregon_state_symbols
https://en.wikipedia.org/wiki/Hillsboro,_Oregon https://en.wikipedia.org/wiki/Oregon_Trail
https://en.wikipedia.org/wiki/Hillsboro,_Oregon https://en.wikipedia.org/wiki/List_of_beaches_in_Oregon
https://en.wikipedia.org/wiki/Hillsboro,_Oregon https://en.wikipedia.org/wiki/List_of_lakes_in_Oregon
https://en.wikipedia.org/wiki/Hillsboro,_Oregon https://en.wikipedia.org/wiki/List_of_rivers_of_Oregon
https://en.wikipedia.org/wiki/Hillsboro,_Oregon https://en.wikipedia.org/wiki/Lists_of_Oregon-related_topics
https://en.wikipedia.org/wiki/Hillsboro,_Oregon https://en.wikipedia.org/wiki/Culture_of_Oregon
https://en.wikipedia.org/wiki/Hillsboro,_Oregon https://en.wikipedia.org/wiki/Crime_in_Oregon
https://en.wikipedia.org/wiki/Hillsboro,_Oregon https://en.wikipedia.org/wiki/Oregon#Demographics
https://en.wikipedia.org/wiki/Hillsboro,_Oregon https://en.wikipedia.org/wiki/Economy_of_Oregon
https://en.wikipedia.org/wiki/Hillsboro,_Oregon https://en.wikipedia.org/wiki/Oregon#Education
https://en.wikipedia.org/wiki/Hillsboro,_Oregon https://en.wikipedia.org/wiki/Gambling_in_Oregon
https://en.wikipedia.org/wiki/Hillsboro,_Oregon https://en.wikipedia.org/wiki/Politics_of_Oregon
https://en.wikipedia.org/wiki/Hillsboro,_Oregon https://en.wikipedia.org/wiki/List_of_regions_of_Oregon
https://en.wikipedia.org/wiki/Hillsboro,_Oregon https://en.wikipedia.org/wiki/Western_Oregon
https://en.wikipedia.org/wiki/Hillsboro,_Oregon https://en.wikipedia.org/wiki/Northwest_Oregon
https://en.wikipedia.org/wiki/Hillsboro,_Oregon https://en.wikipedia.org/wiki/Oregon_Coast
https://en.wikipedia.org/wiki/Hillsboro,_Oregon https://en.wikipedia.org/wiki/Eastern_Oregon
https://en.wikipedia.org/wiki/Hillsboro,_Oregon https://en.wikipedia.org/wiki/Harney_Basin
https://en.wikipedia.org/wiki/Hillsboro,_Oregon https://en.wikipedia.org/wiki/High_Desert_(Oregon)
https://en.wikipedia.org/wiki/Hillsboro,_Oregon https://en.wikipedia.org/wiki/Palouse
https://en.wikipedia.org/wiki/Hillsboro,_Oregon https://en.wikipedia.org/wiki/Treasure_Valley
https://en.wikipedia.org/wiki/Hillsboro,_Oregon https://en.wikipedia.org/wiki/Central_Oregon
https://en.wikipedia.org/wiki/Hillsboro,_Oregon https://en.wikipedia.org/wiki/Southern_Oregon
https://en.wikipedia.org/wiki/Hillsboro,_Oregon https://en.wikipedia.org/wiki/Rogue_Valley
https://en.wikipedia.org/wiki/Hillsboro,_Oregon https://en.wikipedia.org/wiki/Cascade_Range
https://en.wikipedia.org/wiki/Hillsboro,_Oregon https://en.wikipedia.org/wiki/Columbia_River_Gorge
https://en.wikipedia.org/wiki/Hillsboro,_Oregon https://en.wikipedia.org/wiki/Columbia_River
https://en.wikipedia.org/wiki/Hillsboro,_Oregon https://en.wikipedia.org/wiki/Columbia_Plateau
https://en.wikipedia.org/wiki/Hillsboro,_Oregon https://en.wikipedia.org/wiki/Great_Basin
https://en.wikipedia.org/wiki/Hillsboro,_Oregon https://en.wikipedia.org/wiki/Mount_Hood_Corridor
https://en.wikipedia.org/wiki/Hillsboro,_Oregon https://en.wikipedia.org/wiki/Trout_Creek_Mountains
https://en.wikipedia.org/wiki/Hillsboro,_Oregon https://en.wikipedia.org/wiki/Oregon_statistical_areas
https://en.wikipedia.org/wiki/Hillsboro,_Oregon https://en.wikipedia.org/wiki/Albany%E2%80%93Corvallis%E2%80%93Lebanon_combined_statistical_area
https://en.wikipedia.org/wiki/Hillsboro,_Oregon https://en.wikipedia.org/wiki/Bend%E2%80%93Redmond%E2%80%93Prineville_combined_statistical_area
https://en.wikipedia.org/wiki/Hillsboro,_Oregon https://en.wikipedia.org/wiki/Salem_Metropolitan_Statistical_Area
https://en.wikipedia.org/wiki/Hillsboro,_Oregon https://en.wikipedia.org/wiki/List_of_cities_in_Oregon
https://en.wikipedia.org/wiki/Hillsboro,_Oregon https://en.wikipedia.org/wiki/Bend,_Oregon
https://en.wikipedia.org/wiki/Hillsboro,_Oregon https://en.wikipedia.org/wiki/Corvallis,_Oregon
https://en.wikipedia.org/wiki/Hillsboro,_Oregon https://en.wikipedia.org/wiki/Albany,_Oregon
https://en.wikipedia.org/wiki/Hillsboro,_Oregon https://en.wikipedia.org/wiki/Keizer,_Oregon
https://en.wikipedia.org/wiki/Hillsboro,_Oregon https://en.wikipedia.org/wiki/Grants_Pass,_Oregon
https://en.wikipedia.org/wiki/Hillsboro,_Oregon https://en.wikipedia.org/wiki/Oregon_City,_Oregon
https://en.wikipedia.org/wiki/Hillsboro,_Oregon https://en.wikipedia.org/wiki/McMinnville,_Oregon
https://en.wikipedia.org/wiki/Hillsboro,_Oregon https://en.wikipedia.org/wiki/Redmond,_Oregon
https://en.wikipedia.org/wiki/Hillsboro,_Oregon https://en.wikipedia.org/wiki/West_Linn,_Oregon
https://en.wikipedia.org/wiki/Hillsboro,_Oregon https://en.wikipedia.org/wiki/Woodburn,_Oregon
https://en.wikipedia.org/wiki/Hillsboro,_Oregon https://en.wikipedia.org/wiki/Newberg,_Oregon
https://en.wikipedia.org/wiki/Hillsboro,_Oregon https://en.wikipedia.org/wiki/Roseburg,_Oregon
https://en.wikipedia.org/wiki/Hillsboro,_Oregon https://en.wikipedia.org/wiki/Klamath_Falls,_Oregon
https://en.wikipedia.org/wiki/Hillsboro,_Oregon https://en.wikipedia.org/wiki/Milwaukie,_Oregon
https://en.wikipedia.org/wiki/Hillsboro,_Oregon https://en.wikipedia.org/wiki/Happy_Valley,_Oregon
https://en.wikipedia.org/wiki/Hillsboro,_Oregon https://en.wikipedia.org/wiki/Central_Point,_Oregon
https://en.wikipedia.org/wiki/Hillsboro,_Oregon https://en.wikipedia.org/wiki/Canby,_Oregon
https://en.wikipedia.org/wiki/Hillsboro,_Oregon https://en.wikipedia.org/wiki/Hermiston,_Oregon
https://en.wikipedia.org/wiki/Hillsboro,_Oregon https://en.wikipedia.org/wiki/Pendleton,_Oregon
https://en.wikipedia.org/wiki/Hillsboro,_Oregon https://en.wikipedia.org/wiki/Baker_County,_Oregon
https://en.wikipedia.org/wiki/Hillsboro,_Oregon https://en.wikipedia.org/wiki/Benton_County,_Oregon
https://en.wikipedia.org/wiki/Hillsboro,_Oregon https://en.wikipedia.org/wiki/Clackamas_County,_Oregon
https://en.wikipedia.org/wiki/Hillsboro,_Oregon https://en.wikipedia.org/wiki/Clatsop_County,_Oregon
https://en.wikipedia.org/wiki/Hillsboro,_Oregon https://en.wikipedia.org/wiki/Columbia_County,_Oregon
https://en.wikipedia.org/wiki/Hillsboro,_Oregon https://en.wikipedia.org/wiki/Coos_County,_Oregon
https://en.wikipedia.org/wiki/Hillsboro,_Oregon https://en.wikipedia.org/wiki/Crook_County,_Oregon
https://en.wikipedia.org/wiki/Hillsboro,_Oregon https://en.wikipedia.org/wiki/Curry_County,_Oregon
https://en.wikipedia.org/wiki/Hillsboro,_Oregon https://en.wikipedia.org/wiki/Deschutes_County,_Oregon
https://en.wikipedia.org/wiki/Hillsboro,_Oregon https://en.wikipedia.org/wiki/Douglas_County,_Oregon
https://en.wikipedia.org/wiki/Hillsboro,_Oregon https://en.wikipedia.org/wiki/Gilliam_County,_Oregon
https://en.wikipedia.org/wiki/Hillsboro,_Oregon https://en.wikipedia.org/wiki/Grant_County,_Oregon
https://en.wikipedia.org/wiki/Hillsboro,_Oregon https://en.wikipedia.org/wiki/Harney_County,_Oregon
https://en.wikipedia.org/wiki/Hillsboro,_Oregon https://en.wikipedia.org/wiki/Hood_River_County,_Oregon
https://en.wikipedia.org/wiki/Hillsboro,_Oregon https://en.wikipedia.org/wiki/Jackson_County,_Oregon
https://en.wikipedia.org/wiki/Hillsboro,_Oregon https://en.wikipedia.org/wiki/Jefferson_County,_Oregon
https://en.wikipedia.org/wiki/Hillsboro,_Oregon https://en.wikipedia.org/wiki/Josephine_County,_Oregon
https://en.wikipedia.org/wiki/Hillsboro,_Oregon https://en.wikipedia.org/wiki/Klamath_County,_Oregon
https://en.wikipedia.org/wiki/Hillsboro,_Oregon https://en.wikipedia.org/wiki/Lake_County,_Oregon
https://en.wikipedia.org/wiki/Hillsboro,_Oregon https://en.wikipedia.org/wiki/Lane_County,_Oregon
https://en.wikipedia.org/wiki/Hillsboro,_Oregon https://en.wikipedia.org/wiki/Lincoln_County,_Oregon
https://en.wikipedia.org/wiki/Hillsboro,_Oregon https://en.wikipedia.org/wiki/Linn_County,_Oregon
https://en.wikipedia.org/wiki/Hillsboro,_Oregon https://en.wikipedia.org/wiki/Malheur_County,_Oregon
https://en.wikipedia.org/wiki/Hillsboro,_Oregon https://en.wikipedia.org/wiki/Marion_County,_Oregon
https://en.wikipedia.org/wiki/Hillsboro,_Oregon https://en.wikipedia.org/wiki/Morrow_County,_Oregon
https://en.wikipedia.org/wiki/Hillsboro,_Oregon https://en.wikipedia.org/wiki/Multnomah_County,_Oregon
https://en.wikipedia.org/wiki/Hillsboro,_Oregon https://en.wikipedia.org/wiki/Polk_County,_Oregon
https://en.wikipedia.org/wiki/Hillsboro,_Oregon https://en.wikipedia.org/wiki/Sherman_County,_Oregon
https://en.wikipedia.org/wiki/Hillsboro,_Oregon https://en.wikipedia.org/wiki/Tillamook_County,_Oregon
https://en.wikipedia.org/wiki/Hillsboro,_Oregon https://en.wikipedia.org/wiki/Umatilla_County,_Oregon
https://en.wikipedia.org/wiki/Hillsboro,_Oregon https://en.wikipedia.org/wiki/Union_County,_Oregon
https://en.wikipedia.org/wiki/Hillsboro,_Oregon https://en.wikipedia.org/wiki/Wallowa_County,_Oregon
https://en.wikipedia.org/wiki/Hillsboro,_Oregon https://en.wikipedia.org/wiki/Wasco_County,_Oregon
https://en.wikipedia.org/wiki/Hillsboro,_Oregon https://en.wikipedia.org/wiki/Wheeler_County,_Oregon
https://en.wikipedia.org/wiki/Hillsboro,_Oregon https://en.wikipedia.org/wiki/Yamhill_County,_Oregon
https://en.wikipedia.org/wiki/Hillsboro,_Oregon https://en.wikipedia.org/wiki/Ted_Wheeler
https://en.wikipedia.org/wiki/Hillsboro,_Oregon https://en.wikipedia.org/wiki/Chuck_Bennett_(politician)
https://en.wikipedia.org/wiki/Hillsboro,_Oregon https://en.wikipedia.org/wiki/Lucy_Vinis
https://en.wikipedia.org/wiki/Hillsboro,_Oregon https://en.wikipedia.org/wiki/Shane_Bemis
https://en.wikipedia.org/wiki/Hillsboro,_Oregon https://en.wikipedia.org/wiki/Republican_Party_(United_States)
