https://en.wikipedia.org/wiki/Jarvis_Island https://en.wikipedia.org/wiki/Bunker%27s_Island,_Nova_Scotia
https://en.wikipedia.org/wiki/Jarvis_Island https://en.wikipedia.org/wiki/NASA
https://en.wikipedia.org/wiki/Jarvis_Island https://en.wikipedia.org/wiki/Coral_island
https://en.wikipedia.org/wiki/Jarvis_Island https://en.wikipedia.org/wiki/Pacific_Ocean
https://en.wikipedia.org/wiki/Jarvis_Island https://en.wikipedia.org/wiki/Cook_Islands
https://en.wikipedia.org/wiki/Jarvis_Island https://en.wikipedia.org/wiki/Territories_of_the_United_States#Unincorporated_unorganized_territories
https://en.wikipedia.org/wiki/Jarvis_Island https://en.wikipedia.org/wiki/United_States_Fish_and_Wildlife_Service
https://en.wikipedia.org/wiki/Jarvis_Island https://en.wikipedia.org/wiki/United_States_Department_of_the_Interior
https://en.wikipedia.org/wiki/Jarvis_Island https://en.wikipedia.org/wiki/Desert_island
https://en.wikipedia.org/wiki/Jarvis_Island https://en.wikipedia.org/wiki/Topographic_isolation
https://en.wikipedia.org/wiki/Jarvis_Island https://en.wikipedia.org/wiki/Reef
https://en.wikipedia.org/wiki/Jarvis_Island https://en.wikipedia.org/wiki/Southern_hemisphere
https://en.wikipedia.org/wiki/Jarvis_Island https://en.wikipedia.org/wiki/Equator
https://en.wikipedia.org/wiki/Jarvis_Island https://en.wikipedia.org/wiki/Lens_(hydrology)
https://en.wikipedia.org/wiki/Jarvis_Island https://en.wikipedia.org/wiki/Rainfall
https://en.wikipedia.org/wiki/Jarvis_Island https://en.wikipedia.org/wiki/Bunch_grass
https://en.wikipedia.org/wiki/Jarvis_Island https://en.wikipedia.org/wiki/Vine
https://en.wikipedia.org/wiki/Jarvis_Island https://en.wikipedia.org/wiki/Habitat
https://en.wikipedia.org/wiki/Jarvis_Island https://en.wikipedia.org/wiki/United_Kingdom_of_Great_Britain_and_Ireland
https://en.wikipedia.org/wiki/Jarvis_Island https://en.wikipedia.org/wiki/US_Exploring_Expedition
https://en.wikipedia.org/wiki/Jarvis_Island https://en.wikipedia.org/wiki/Cupola
https://en.wikipedia.org/wiki/Jarvis_Island https://en.wikipedia.org/wiki/Verandah
https://en.wikipedia.org/wiki/Jarvis_Island https://en.wikipedia.org/wiki/Shore
https://en.wikipedia.org/wiki/Jarvis_Island https://en.wikipedia.org/wiki/Samuel_Gardner_Wilder
https://en.wikipedia.org/wiki/Jarvis_Island https://en.wikipedia.org/wiki/Fertilizer
https://en.wikipedia.org/wiki/Jarvis_Island https://en.wikipedia.org/wiki/Entrepreneur
https://en.wikipedia.org/wiki/Jarvis_Island https://en.wikipedia.org/wiki/Henry_Winkelmann
https://en.wikipedia.org/wiki/Jarvis_Island https://en.wikipedia.org/wiki/Suicide
https://en.wikipedia.org/wiki/Jarvis_Island https://en.wikipedia.org/wiki/Gin
https://en.wikipedia.org/wiki/Jarvis_Island https://en.wikipedia.org/wiki/Headstone
https://en.wikipedia.org/wiki/Jarvis_Island https://en.wikipedia.org/wiki/Cemetery
https://en.wikipedia.org/wiki/Jarvis_Island https://en.wikipedia.org/wiki/Phosphate
https://en.wikipedia.org/wiki/Jarvis_Island https://en.wikipedia.org/wiki/Copra
https://en.wikipedia.org/wiki/Jarvis_Island https://en.wikipedia.org/wiki/Barquentine
https://en.wikipedia.org/wiki/Jarvis_Island https://en.wikipedia.org/wiki/Amaranth_(barquentine)
https://en.wikipedia.org/wiki/Jarvis_Island https://en.wikipedia.org/wiki/Coal
https://en.wikipedia.org/wiki/Jarvis_Island https://en.wikipedia.org/wiki/Newcastle,_New_South_Wales
https://en.wikipedia.org/wiki/Jarvis_Island https://en.wikipedia.org/wiki/San_Francisco
https://en.wikipedia.org/wiki/Jarvis_Island https://en.wikipedia.org/wiki/Shipwreck
https://en.wikipedia.org/wiki/Jarvis_Island https://en.wikipedia.org/wiki/Lifeboat_(shipboard)
https://en.wikipedia.org/wiki/Jarvis_Island https://en.wikipedia.org/wiki/Pago_Pago
https://en.wikipedia.org/wiki/Jarvis_Island https://en.wikipedia.org/wiki/Apia
https://en.wikipedia.org/wiki/Jarvis_Island https://en.wikipedia.org/wiki/Samoa
https://en.wikipedia.org/wiki/Jarvis_Island https://en.wikipedia.org/wiki/Hold_(ship)
https://en.wikipedia.org/wiki/Jarvis_Island https://en.wikipedia.org/wiki/American_Equatorial_Islands_Colonization_Project
https://en.wikipedia.org/wiki/Jarvis_Island https://en.wikipedia.org/wiki/Franklin_D._Roosevelt
https://en.wikipedia.org/wiki/Jarvis_Island https://en.wikipedia.org/wiki/U.S._Department_of_the_Interior
https://en.wikipedia.org/wiki/Jarvis_Island https://en.wikipedia.org/wiki/Human_settlement
https://en.wikipedia.org/wiki/Jarvis_Island https://en.wikipedia.org/wiki/Bureaucrat
https://en.wikipedia.org/wiki/Jarvis_Island https://en.wikipedia.org/wiki/United_States_government_role_in_civil_aviation
https://en.wikipedia.org/wiki/Jarvis_Island https://en.wikipedia.org/wiki/Surfboard
https://en.wikipedia.org/wiki/Jarvis_Island https://en.wikipedia.org/wiki/World_War_II
https://en.wikipedia.org/wiki/Jarvis_Island https://en.wikipedia.org/wiki/Imperial_Japanese_Navy
https://en.wikipedia.org/wiki/Jarvis_Island https://en.wikipedia.org/wiki/Submarine
https://en.wikipedia.org/wiki/Jarvis_Island https://en.wikipedia.org/wiki/U.S._Navy
https://en.wikipedia.org/wiki/Jarvis_Island https://en.wikipedia.org/wiki/USCGC_Taney_(WHEC-37)
https://en.wikipedia.org/wiki/Jarvis_Island https://en.wikipedia.org/wiki/International_Geophysical_Year
https://en.wikipedia.org/wiki/Jarvis_Island https://en.wikipedia.org/wiki/Rogers_Morton
https://en.wikipedia.org/wiki/Jarvis_Island https://en.wikipedia.org/wiki/U.S._Fish_and_Wildlife_Service
https://en.wikipedia.org/wiki/Jarvis_Island https://en.wikipedia.org/wiki/Feral_cat
https://en.wikipedia.org/wiki/Jarvis_Island https://en.wikipedia.org/wiki/United_States_Coast_Guard
https://en.wikipedia.org/wiki/Jarvis_Island https://en.wikipedia.org/wiki/Amateur_Radio_Lighthouse_Society
https://en.wikipedia.org/wiki/Jarvis_Island https://en.wikipedia.org/wiki/Howland_and_Baker_islands
https://en.wikipedia.org/wiki/Jarvis_Island https://en.wikipedia.org/wiki/List_of_Guano_Island_claims
https://en.wikipedia.org/wiki/Jarvis_Island https://en.wikipedia.org/wiki/Under_a_Jarvis_Moon
https://en.wikipedia.org/wiki/Jarvis_Island https://en.wikipedia.org/wiki/Charles_Darwin
https://en.wikipedia.org/wiki/Jarvis_Island https://en.wikipedia.org/wiki/The_World_Factbook
https://en.wikipedia.org/wiki/Jarvis_Island https://en.wikipedia.org/wiki/CIA
https://en.wikipedia.org/wiki/Jarvis_Island https://en.wikipedia.org/wiki/Honolulu_Star_Bulletin
https://en.wikipedia.org/wiki/Jarvis_Island https://en.wikipedia.org/wiki/Albert_Fuller_Ellis
https://en.wikipedia.org/wiki/Jarvis_Island https://en.wikipedia.org/wiki/OCLC
https://en.wikipedia.org/wiki/Jarvis_Island https://en.wikipedia.org/wiki/White_House
https://en.wikipedia.org/wiki/Jarvis_Island https://en.wikipedia.org/wiki/Political_divisions_of_the_United_States
https://en.wikipedia.org/wiki/Jarvis_Island https://en.wikipedia.org/wiki/U.S._state
https://en.wikipedia.org/wiki/Jarvis_Island https://en.wikipedia.org/wiki/Alabama
https://en.wikipedia.org/wiki/Jarvis_Island https://en.wikipedia.org/wiki/Alaska
https://en.wikipedia.org/wiki/Jarvis_Island https://en.wikipedia.org/wiki/Arizona
https://en.wikipedia.org/wiki/Jarvis_Island https://en.wikipedia.org/wiki/Arkansas
https://en.wikipedia.org/wiki/Jarvis_Island https://en.wikipedia.org/wiki/California
https://en.wikipedia.org/wiki/Jarvis_Island https://en.wikipedia.org/wiki/Colorado
https://en.wikipedia.org/wiki/Jarvis_Island https://en.wikipedia.org/wiki/Connecticut
https://en.wikipedia.org/wiki/Jarvis_Island https://en.wikipedia.org/wiki/Delaware
https://en.wikipedia.org/wiki/Jarvis_Island https://en.wikipedia.org/wiki/Florida
https://en.wikipedia.org/wiki/Jarvis_Island https://en.wikipedia.org/wiki/Georgia_(U.S._state)
https://en.wikipedia.org/wiki/Jarvis_Island https://en.wikipedia.org/wiki/Idaho
https://en.wikipedia.org/wiki/Jarvis_Island https://en.wikipedia.org/wiki/Illinois
https://en.wikipedia.org/wiki/Jarvis_Island https://en.wikipedia.org/wiki/Indiana
https://en.wikipedia.org/wiki/Jarvis_Island https://en.wikipedia.org/wiki/Iowa
https://en.wikipedia.org/wiki/Jarvis_Island https://en.wikipedia.org/wiki/Kansas
https://en.wikipedia.org/wiki/Jarvis_Island https://en.wikipedia.org/wiki/Kentucky
https://en.wikipedia.org/wiki/Jarvis_Island https://en.wikipedia.org/wiki/Louisiana
https://en.wikipedia.org/wiki/Jarvis_Island https://en.wikipedia.org/wiki/Maine
https://en.wikipedia.org/wiki/Jarvis_Island https://en.wikipedia.org/wiki/Maryland
https://en.wikipedia.org/wiki/Jarvis_Island https://en.wikipedia.org/wiki/Massachusetts
https://en.wikipedia.org/wiki/Jarvis_Island https://en.wikipedia.org/wiki/Michigan
https://en.wikipedia.org/wiki/Jarvis_Island https://en.wikipedia.org/wiki/Minnesota
https://en.wikipedia.org/wiki/Jarvis_Island https://en.wikipedia.org/wiki/Mississippi
https://en.wikipedia.org/wiki/Jarvis_Island https://en.wikipedia.org/wiki/Missouri
https://en.wikipedia.org/wiki/Jarvis_Island https://en.wikipedia.org/wiki/Montana
https://en.wikipedia.org/wiki/Jarvis_Island https://en.wikipedia.org/wiki/Nebraska
https://en.wikipedia.org/wiki/Jarvis_Island https://en.wikipedia.org/wiki/Nevada
https://en.wikipedia.org/wiki/Jarvis_Island https://en.wikipedia.org/wiki/New_Hampshire
https://en.wikipedia.org/wiki/Jarvis_Island https://en.wikipedia.org/wiki/New_Jersey
https://en.wikipedia.org/wiki/Jarvis_Island https://en.wikipedia.org/wiki/New_Mexico
https://en.wikipedia.org/wiki/Jarvis_Island https://en.wikipedia.org/wiki/New_York_(state)
https://en.wikipedia.org/wiki/Jarvis_Island https://en.wikipedia.org/wiki/North_Carolina
https://en.wikipedia.org/wiki/Jarvis_Island https://en.wikipedia.org/wiki/North_Dakota
https://en.wikipedia.org/wiki/Jarvis_Island https://en.wikipedia.org/wiki/Ohio
https://en.wikipedia.org/wiki/Jarvis_Island https://en.wikipedia.org/wiki/Oklahoma
https://en.wikipedia.org/wiki/Jarvis_Island https://en.wikipedia.org/wiki/Oregon
https://en.wikipedia.org/wiki/Jarvis_Island https://en.wikipedia.org/wiki/Pennsylvania
https://en.wikipedia.org/wiki/Jarvis_Island https://en.wikipedia.org/wiki/Rhode_Island
https://en.wikipedia.org/wiki/Jarvis_Island https://en.wikipedia.org/wiki/South_Carolina
https://en.wikipedia.org/wiki/Jarvis_Island https://en.wikipedia.org/wiki/South_Dakota
https://en.wikipedia.org/wiki/Jarvis_Island https://en.wikipedia.org/wiki/Tennessee
https://en.wikipedia.org/wiki/Jarvis_Island https://en.wikipedia.org/wiki/Texas
https://en.wikipedia.org/wiki/Jarvis_Island https://en.wikipedia.org/wiki/Utah
https://en.wikipedia.org/wiki/Jarvis_Island https://en.wikipedia.org/wiki/Vermont
https://en.wikipedia.org/wiki/Jarvis_Island https://en.wikipedia.org/wiki/Virginia
https://en.wikipedia.org/wiki/Jarvis_Island https://en.wikipedia.org/wiki/Washington_(state)
https://en.wikipedia.org/wiki/Jarvis_Island https://en.wikipedia.org/wiki/West_Virginia
https://en.wikipedia.org/wiki/Jarvis_Island https://en.wikipedia.org/wiki/Wisconsin
https://en.wikipedia.org/wiki/Jarvis_Island https://en.wikipedia.org/wiki/Wyoming
https://en.wikipedia.org/wiki/Jarvis_Island https://en.wikipedia.org/wiki/Federal_district
https://en.wikipedia.org/wiki/Jarvis_Island https://en.wikipedia.org/wiki/Washington,_D.C.
https://en.wikipedia.org/wiki/Jarvis_Island https://en.wikipedia.org/wiki/Insular_area
https://en.wikipedia.org/wiki/Jarvis_Island https://en.wikipedia.org/wiki/Guam
https://en.wikipedia.org/wiki/Jarvis_Island https://en.wikipedia.org/wiki/Northern_Mariana_Islands
https://en.wikipedia.org/wiki/Jarvis_Island https://en.wikipedia.org/wiki/Puerto_Rico
https://en.wikipedia.org/wiki/Jarvis_Island https://en.wikipedia.org/wiki/United_States_Virgin_Islands
https://en.wikipedia.org/wiki/Jarvis_Island https://en.wikipedia.org/wiki/Johnston_Atoll
https://en.wikipedia.org/wiki/Jarvis_Island https://en.wikipedia.org/wiki/Navassa_Island
https://en.wikipedia.org/wiki/Jarvis_Island https://en.wikipedia.org/wiki/Wake_Island
https://en.wikipedia.org/wiki/Jarvis_Island https://en.wikipedia.org/wiki/Indian_reservation
https://en.wikipedia.org/wiki/Jarvis_Island https://en.wikipedia.org/wiki/List_of_Indian_reservations_in_the_United_States
https://en.wikipedia.org/wiki/Jarvis_Island https://en.wikipedia.org/wiki/Federal_enclave
https://en.wikipedia.org/wiki/Jarvis_Island https://en.wikipedia.org/wiki/Protected_areas_of_the_United_States
https://en.wikipedia.org/wiki/Jarvis_Island https://en.wikipedia.org/wiki/National_Monument_(United_States)
https://en.wikipedia.org/wiki/Jarvis_Island https://en.wikipedia.org/wiki/Papah%C4%81naumoku%C4%81kea_Marine_National_Monument
https://en.wikipedia.org/wiki/Jarvis_Island https://en.wikipedia.org/wiki/List_of_National_Memorials_of_the_United_States
https://en.wikipedia.org/wiki/Jarvis_Island https://en.wikipedia.org/wiki/Battle_of_Midway#Remembrances
https://en.wikipedia.org/wiki/Jarvis_Island https://en.wikipedia.org/wiki/Baker_Island#National_Wildlife_Refuge
https://en.wikipedia.org/wiki/Jarvis_Island https://en.wikipedia.org/wiki/Caribbean_Islands_National_Wildlife_Refuge_Complex
https://en.wikipedia.org/wiki/Jarvis_Island https://en.wikipedia.org/wiki/Navassa_Island_National_Wildlife_Refuge
https://en.wikipedia.org/wiki/Jarvis_Island https://en.wikipedia.org/wiki/Howland_Island#National_Wildlife_Refuge
https://en.wikipedia.org/wiki/Jarvis_Island https://en.wikipedia.org/wiki/Jarvis_Island#National_Wildlife_Refuge
https://en.wikipedia.org/wiki/Jarvis_Island https://en.wikipedia.org/wiki/Johnston_Atoll#National_Wildlife_Refuge
https://en.wikipedia.org/wiki/Jarvis_Island https://en.wikipedia.org/wiki/Kingman_Reef#National_Wildlife_Refuge
https://en.wikipedia.org/wiki/Jarvis_Island https://en.wikipedia.org/wiki/Midway_Atoll#National_Wildlife_Refuge
https://en.wikipedia.org/wiki/Jarvis_Island https://en.wikipedia.org/wiki/Palmyra_Atoll#National_Wildlife_Refuge
https://en.wikipedia.org/wiki/Jarvis_Island https://en.wikipedia.org/wiki/Wake_Island#Protected_statuses
https://en.wikipedia.org/wiki/Jarvis_Island https://en.wikipedia.org/wiki/The_Nature_Conservancy
https://en.wikipedia.org/wiki/Jarvis_Island https://en.wikipedia.org/wiki/Palmyra_Atoll#History
https://en.wikipedia.org/wiki/Jarvis_Island https://en.wikipedia.org/wiki/Office_of_Insular_Affairs
https://en.wikipedia.org/wiki/Jarvis_Island https://en.wikipedia.org/wiki/List_of_National_Wildlife_Refuges_of_the_United_States
https://en.wikipedia.org/wiki/Jarvis_Island https://en.wikipedia.org/wiki/List_of_National_Wildlife_Refuges_of_the_United_States#Alabama
https://en.wikipedia.org/wiki/Jarvis_Island https://en.wikipedia.org/wiki/List_of_National_Wildlife_Refuges_of_the_United_States#Alaska
https://en.wikipedia.org/wiki/Jarvis_Island https://en.wikipedia.org/wiki/List_of_National_Wildlife_Refuges_of_the_United_States#Arizona
https://en.wikipedia.org/wiki/Jarvis_Island https://en.wikipedia.org/wiki/List_of_National_Wildlife_Refuges_of_the_United_States#Arkansas
https://en.wikipedia.org/wiki/Jarvis_Island https://en.wikipedia.org/wiki/List_of_National_Wildlife_Refuges_of_the_United_States#California
https://en.wikipedia.org/wiki/Jarvis_Island https://en.wikipedia.org/wiki/List_of_National_Wildlife_Refuges_of_the_United_States#Colorado
https://en.wikipedia.org/wiki/Jarvis_Island https://en.wikipedia.org/wiki/List_of_National_Wildlife_Refuges_of_the_United_States#Connecticut
https://en.wikipedia.org/wiki/Jarvis_Island https://en.wikipedia.org/wiki/List_of_National_Wildlife_Refuges_of_the_United_States#Delaware
https://en.wikipedia.org/wiki/Jarvis_Island https://en.wikipedia.org/wiki/List_of_National_Wildlife_Refuges_of_the_United_States#Florida
https://en.wikipedia.org/wiki/Jarvis_Island https://en.wikipedia.org/wiki/List_of_National_Wildlife_Refuges_of_the_United_States#Georgia
https://en.wikipedia.org/wiki/Jarvis_Island https://en.wikipedia.org/wiki/List_of_National_Wildlife_Refuges_of_the_United_States#Hawaii
https://en.wikipedia.org/wiki/Jarvis_Island https://en.wikipedia.org/wiki/List_of_National_Wildlife_Refuges_of_the_United_States#Idaho
https://en.wikipedia.org/wiki/Jarvis_Island https://en.wikipedia.org/wiki/List_of_National_Wildlife_Refuges_of_the_United_States#Illinois
https://en.wikipedia.org/wiki/Jarvis_Island https://en.wikipedia.org/wiki/List_of_National_Wildlife_Refuges_of_the_United_States#Indiana
https://en.wikipedia.org/wiki/Jarvis_Island https://en.wikipedia.org/wiki/List_of_National_Wildlife_Refuges_of_the_United_States#owa
https://en.wikipedia.org/wiki/Jarvis_Island https://en.wikipedia.org/wiki/List_of_National_Wildlife_Refuges_of_the_United_States#Kansas
https://en.wikipedia.org/wiki/Jarvis_Island https://en.wikipedia.org/wiki/List_of_National_Wildlife_Refuges_of_the_United_States#Kentucky
https://en.wikipedia.org/wiki/Jarvis_Island https://en.wikipedia.org/wiki/List_of_National_Wildlife_Refuges_of_the_United_States#Louisiana
https://en.wikipedia.org/wiki/Jarvis_Island https://en.wikipedia.org/wiki/List_of_National_Wildlife_Refuges_of_the_United_States#Maine
https://en.wikipedia.org/wiki/Jarvis_Island https://en.wikipedia.org/wiki/List_of_National_Wildlife_Refuges_of_the_United_States#Maryland
https://en.wikipedia.org/wiki/Jarvis_Island https://en.wikipedia.org/wiki/List_of_National_Wildlife_Refuges_of_the_United_States#Massachusetts
https://en.wikipedia.org/wiki/Jarvis_Island https://en.wikipedia.org/wiki/List_of_National_Wildlife_Refuges_of_the_United_States#Michigan
https://en.wikipedia.org/wiki/Jarvis_Island https://en.wikipedia.org/wiki/List_of_National_Wildlife_Refuges_of_the_United_States#Minnesota
https://en.wikipedia.org/wiki/Jarvis_Island https://en.wikipedia.org/wiki/List_of_National_Wildlife_Refuges_of_the_United_States#Mississippi
https://en.wikipedia.org/wiki/Jarvis_Island https://en.wikipedia.org/wiki/List_of_National_Wildlife_Refuges_of_the_United_States#Missouri
https://en.wikipedia.org/wiki/Jarvis_Island https://en.wikipedia.org/wiki/List_of_National_Wildlife_Refuges_of_the_United_States#Montana
https://en.wikipedia.org/wiki/Jarvis_Island https://en.wikipedia.org/wiki/List_of_National_Wildlife_Refuges_of_the_United_States#Nebraska
https://en.wikipedia.org/wiki/Jarvis_Island https://en.wikipedia.org/wiki/List_of_National_Wildlife_Refuges_of_the_United_States#Nevada
https://en.wikipedia.org/wiki/Jarvis_Island https://en.wikipedia.org/wiki/List_of_National_Wildlife_Refuges_of_the_United_States#New_Hampshire
https://en.wikipedia.org/wiki/Jarvis_Island https://en.wikipedia.org/wiki/List_of_National_Wildlife_Refuges_of_the_United_States#New_Jersey
https://en.wikipedia.org/wiki/Jarvis_Island https://en.wikipedia.org/wiki/List_of_National_Wildlife_Refuges_of_the_United_States#New_Mexico
https://en.wikipedia.org/wiki/Jarvis_Island https://en.wikipedia.org/wiki/List_of_National_Wildlife_Refuges_of_the_United_States#New_York
https://en.wikipedia.org/wiki/Jarvis_Island https://en.wikipedia.org/wiki/List_of_National_Wildlife_Refuges_of_the_United_States#North_Carolina
https://en.wikipedia.org/wiki/Jarvis_Island https://en.wikipedia.org/wiki/List_of_National_Wildlife_Refuges_of_the_United_States#North_Dakota
https://en.wikipedia.org/wiki/Jarvis_Island https://en.wikipedia.org/wiki/List_of_National_Wildlife_Refuges_of_the_United_States#Ohio
https://en.wikipedia.org/wiki/Jarvis_Island https://en.wikipedia.org/wiki/List_of_National_Wildlife_Refuges_of_the_United_States#Oklahoma
https://en.wikipedia.org/wiki/Jarvis_Island https://en.wikipedia.org/wiki/List_of_National_Wildlife_Refuges_of_the_United_States#Oregon
https://en.wikipedia.org/wiki/Jarvis_Island https://en.wikipedia.org/wiki/List_of_National_Wildlife_Refuges_of_the_United_States#Pennsylvania
https://en.wikipedia.org/wiki/Jarvis_Island https://en.wikipedia.org/wiki/List_of_National_Wildlife_Refuges_of_the_United_States#Rhode_Island
https://en.wikipedia.org/wiki/Jarvis_Island https://en.wikipedia.org/wiki/List_of_National_Wildlife_Refuges_of_the_United_States#South_Carolina
https://en.wikipedia.org/wiki/Jarvis_Island https://en.wikipedia.org/wiki/List_of_National_Wildlife_Refuges_of_the_United_States#South_Dakota
https://en.wikipedia.org/wiki/Jarvis_Island https://en.wikipedia.org/wiki/List_of_National_Wildlife_Refuges_of_the_United_States#Tennessee
https://en.wikipedia.org/wiki/Jarvis_Island https://en.wikipedia.org/wiki/List_of_National_Wildlife_Refuges_of_the_United_States#Texas
https://en.wikipedia.org/wiki/Jarvis_Island https://en.wikipedia.org/wiki/List_of_National_Wildlife_Refuges_of_the_United_States#Utah
https://en.wikipedia.org/wiki/Jarvis_Island https://en.wikipedia.org/wiki/List_of_National_Wildlife_Refuges_of_the_United_States#Vermont
https://en.wikipedia.org/wiki/Jarvis_Island https://en.wikipedia.org/wiki/List_of_National_Wildlife_Refuges_of_the_United_States#Virginia
https://en.wikipedia.org/wiki/Jarvis_Island https://en.wikipedia.org/wiki/List_of_National_Wildlife_Refuges_of_the_United_States#Washington
https://en.wikipedia.org/wiki/Jarvis_Island https://en.wikipedia.org/wiki/List_of_National_Wildlife_Refuges_of_the_United_States#West_Virginia
https://en.wikipedia.org/wiki/Jarvis_Island https://en.wikipedia.org/wiki/List_of_National_Wildlife_Refuges_of_the_United_States#Wisconsin
https://en.wikipedia.org/wiki/Jarvis_Island https://en.wikipedia.org/wiki/List_of_National_Wildlife_Refuges_of_the_United_States#Wyoming
https://en.wikipedia.org/wiki/Jarvis_Island https://en.wikipedia.org/wiki/List_of_National_Wildlife_Refuges_of_the_United_States#American_Samoa
https://en.wikipedia.org/wiki/Jarvis_Island https://en.wikipedia.org/wiki/List_of_National_Wildlife_Refuges_of_the_United_States#Guam
https://en.wikipedia.org/wiki/Jarvis_Island https://en.wikipedia.org/wiki/List_of_National_Wildlife_Refuges_of_the_United_States#Puerto_Rico
https://en.wikipedia.org/wiki/Jarvis_Island https://en.wikipedia.org/wiki/List_of_National_Wildlife_Refuges_of_the_United_States#U.S._Minor_Outlying_Islands
https://en.wikipedia.org/wiki/Jarvis_Island https://en.wikipedia.org/wiki/List_of_National_Wildlife_Refuges_of_the_United_States#Virgin_Islands_(U.S.)
https://en.wikipedia.org/wiki/Jarvis_Island https://en.wikipedia.org/wiki/National_Archives_and_Records_Administration
https://en.wikipedia.org/wiki/Jarvis_Island https://en.wikipedia.org/wiki/Virtual_International_Authority_File
https://en.wikipedia.org/wiki/Jarvis_Island https://en.wikipedia.org/wiki/WorldCat_Identities
