https://en.wikipedia.org/wiki/Karina,_Sierra_Leone https://en.wikipedia.org/wiki/Provinces_of_Sierra_Leone
https://en.wikipedia.org/wiki/Karina,_Sierra_Leone https://en.wikipedia.org/wiki/Districts_of_Sierra_Leone
https://en.wikipedia.org/wiki/Karina,_Sierra_Leone https://en.wikipedia.org/wiki/Chiefdoms_of_Sierra_Leone
https://en.wikipedia.org/wiki/Karina,_Sierra_Leone https://en.wikipedia.org/wiki/Time_zone
https://en.wikipedia.org/wiki/Karina,_Sierra_Leone https://en.wikipedia.org/wiki/UTC-5
https://en.wikipedia.org/wiki/Karina,_Sierra_Leone https://en.wikipedia.org/wiki/Makeni
https://en.wikipedia.org/wiki/Karina,_Sierra_Leone https://en.wikipedia.org/wiki/Farming
https://en.wikipedia.org/wiki/Karina,_Sierra_Leone https://en.wikipedia.org/wiki/Mandinka_people
https://en.wikipedia.org/wiki/Karina,_Sierra_Leone https://en.wikipedia.org/wiki/Muslim
https://en.wikipedia.org/wiki/Karina,_Sierra_Leone https://en.wikipedia.org/wiki/Faith
