https://en.wikipedia.org/wiki/Kent,_New_York https://en.wikipedia.org/wiki/Kent,_Orleans_County,_New_York
https://en.wikipedia.org/wiki/Kent,_New_York https://en.wikipedia.org/wiki/List_of_sovereign_states
https://en.wikipedia.org/wiki/Kent,_New_York https://en.wikipedia.org/wiki/Town_supervisor
https://en.wikipedia.org/wiki/Kent,_New_York https://en.wikipedia.org/wiki/Time_zone
https://en.wikipedia.org/wiki/Kent,_New_York https://en.wikipedia.org/wiki/UTC-5
https://en.wikipedia.org/wiki/Kent,_New_York https://en.wikipedia.org/wiki/North_American_Eastern_Time_Zone
https://en.wikipedia.org/wiki/Kent,_New_York https://en.wikipedia.org/wiki/Daylight_saving_time
https://en.wikipedia.org/wiki/Kent,_New_York https://en.wikipedia.org/wiki/UTC-4
https://en.wikipedia.org/wiki/Kent,_New_York https://en.wikipedia.org/wiki/Federal_Information_Processing_Standard
https://en.wikipedia.org/wiki/Kent,_New_York https://en.wikipedia.org/wiki/Geographic_Names_Information_System
https://en.wikipedia.org/wiki/Kent,_New_York https://en.wikipedia.org/wiki/Reservoir_(water)
https://en.wikipedia.org/wiki/Kent,_New_York https://en.wikipedia.org/wiki/Wappinger
https://en.wikipedia.org/wiki/Kent,_New_York https://en.wikipedia.org/wiki/Daniel_Nimham
https://en.wikipedia.org/wiki/Kent,_New_York https://en.wikipedia.org/wiki/Native_Americans_in_the_United_States
https://en.wikipedia.org/wiki/Kent,_New_York https://en.wikipedia.org/wiki/New_England
https://en.wikipedia.org/wiki/Kent,_New_York https://en.wikipedia.org/wiki/Fishkill_(town),_New_York
https://en.wikipedia.org/wiki/Kent,_New_York https://en.wikipedia.org/wiki/Cape_Cod
https://en.wikipedia.org/wiki/Kent,_New_York https://en.wikipedia.org/wiki/West_Branch_Reservoir
https://en.wikipedia.org/wiki/Kent,_New_York https://en.wikipedia.org/wiki/Ludington_family
https://en.wikipedia.org/wiki/Kent,_New_York https://en.wikipedia.org/wiki/Interstate_84_(east)
https://en.wikipedia.org/wiki/Kent,_New_York https://en.wikipedia.org/wiki/Henry_Ludington
https://en.wikipedia.org/wiki/Kent,_New_York https://en.wikipedia.org/wiki/Sybil_Ludington
https://en.wikipedia.org/wiki/Kent,_New_York https://en.wikipedia.org/wiki/American_Revolutionary_War
https://en.wikipedia.org/wiki/Kent,_New_York https://en.wikipedia.org/wiki/Lake_Gleneida
https://en.wikipedia.org/wiki/Kent,_New_York https://en.wikipedia.org/wiki/Dairy_farming
https://en.wikipedia.org/wiki/Kent,_New_York https://en.wikipedia.org/wiki/Civilian_Conservation_Corps
https://en.wikipedia.org/wiki/Kent,_New_York https://en.wikipedia.org/wiki/Fire_tower
https://en.wikipedia.org/wiki/Kent,_New_York https://en.wikipedia.org/wiki/National_Historic_Lookout_Register
https://en.wikipedia.org/wiki/Kent,_New_York https://en.wikipedia.org/wiki/Appalachian_National_Scenic_Trail
https://en.wikipedia.org/wiki/Kent,_New_York https://en.wikipedia.org/wiki/New_York_State_Department_of_Environmental_Conservation
https://en.wikipedia.org/wiki/Kent,_New_York https://en.wikipedia.org/wiki/Westchester_County
https://en.wikipedia.org/wiki/Kent,_New_York https://en.wikipedia.org/wiki/Hudson_River
https://en.wikipedia.org/wiki/Kent,_New_York https://en.wikipedia.org/wiki/New_York_City_water_supply_system
https://en.wikipedia.org/wiki/Kent,_New_York https://en.wikipedia.org/wiki/Interstate_84_in_New_York
https://en.wikipedia.org/wiki/Kent,_New_York https://en.wikipedia.org/wiki/Taconic_State_Parkway
https://en.wikipedia.org/wiki/Kent,_New_York https://en.wikipedia.org/wiki/1820_United_States_Census
https://en.wikipedia.org/wiki/Kent,_New_York https://en.wikipedia.org/wiki/1830_United_States_Census
https://en.wikipedia.org/wiki/Kent,_New_York https://en.wikipedia.org/wiki/1840_United_States_Census
https://en.wikipedia.org/wiki/Kent,_New_York https://en.wikipedia.org/wiki/1850_United_States_Census
https://en.wikipedia.org/wiki/Kent,_New_York https://en.wikipedia.org/wiki/1860_United_States_Census
https://en.wikipedia.org/wiki/Kent,_New_York https://en.wikipedia.org/wiki/1870_United_States_Census
https://en.wikipedia.org/wiki/Kent,_New_York https://en.wikipedia.org/wiki/1880_United_States_Census
https://en.wikipedia.org/wiki/Kent,_New_York https://en.wikipedia.org/wiki/1890_United_States_Census
https://en.wikipedia.org/wiki/Kent,_New_York https://en.wikipedia.org/wiki/1900_United_States_Census
https://en.wikipedia.org/wiki/Kent,_New_York https://en.wikipedia.org/wiki/1910_United_States_Census
https://en.wikipedia.org/wiki/Kent,_New_York https://en.wikipedia.org/wiki/1920_United_States_Census
https://en.wikipedia.org/wiki/Kent,_New_York https://en.wikipedia.org/wiki/1930_United_States_Census
https://en.wikipedia.org/wiki/Kent,_New_York https://en.wikipedia.org/wiki/1940_United_States_Census
https://en.wikipedia.org/wiki/Kent,_New_York https://en.wikipedia.org/wiki/1950_United_States_Census
https://en.wikipedia.org/wiki/Kent,_New_York https://en.wikipedia.org/wiki/1960_United_States_Census
https://en.wikipedia.org/wiki/Kent,_New_York https://en.wikipedia.org/wiki/1970_United_States_Census
https://en.wikipedia.org/wiki/Kent,_New_York https://en.wikipedia.org/wiki/1980_United_States_Census
https://en.wikipedia.org/wiki/Kent,_New_York https://en.wikipedia.org/wiki/1990_United_States_Census
https://en.wikipedia.org/wiki/Kent,_New_York https://en.wikipedia.org/wiki/2000_United_States_Census
https://en.wikipedia.org/wiki/Kent,_New_York https://en.wikipedia.org/wiki/Census
https://en.wikipedia.org/wiki/Kent,_New_York https://en.wikipedia.org/wiki/Population_density
https://en.wikipedia.org/wiki/Kent,_New_York https://en.wikipedia.org/wiki/White_(U.S._Census)
https://en.wikipedia.org/wiki/Kent,_New_York https://en.wikipedia.org/wiki/African_American_(U.S._Census)
https://en.wikipedia.org/wiki/Kent,_New_York https://en.wikipedia.org/wiki/Native_American_(U.S._Census)
https://en.wikipedia.org/wiki/Kent,_New_York https://en.wikipedia.org/wiki/Asian_(U.S._Census)
https://en.wikipedia.org/wiki/Kent,_New_York https://en.wikipedia.org/wiki/Pacific_Islander_(U.S._Census)
https://en.wikipedia.org/wiki/Kent,_New_York https://en.wikipedia.org/wiki/Race_(United_States_Census)
https://en.wikipedia.org/wiki/Kent,_New_York https://en.wikipedia.org/wiki/Hispanic_(U.S._Census)
https://en.wikipedia.org/wiki/Kent,_New_York https://en.wikipedia.org/wiki/Latino_(U.S._Census)
https://en.wikipedia.org/wiki/Kent,_New_York https://en.wikipedia.org/wiki/Marriage
https://en.wikipedia.org/wiki/Kent,_New_York https://en.wikipedia.org/wiki/Per_capita_income
https://en.wikipedia.org/wiki/Kent,_New_York https://en.wikipedia.org/wiki/Poverty_line
https://en.wikipedia.org/wiki/Kent,_New_York https://en.wikipedia.org/wiki/Town_board
https://en.wikipedia.org/wiki/Kent,_New_York https://en.wikipedia.org/wiki/Town_Hall
https://en.wikipedia.org/wiki/Kent,_New_York https://en.wikipedia.org/wiki/Chuang_Yen_Monastery
https://en.wikipedia.org/wiki/Kent,_New_York https://en.wikipedia.org/wiki/Buddha
https://en.wikipedia.org/wiki/Kent,_New_York https://en.wikipedia.org/wiki/Western_Hemisphere
https://en.wikipedia.org/wiki/Kent,_New_York https://en.wikipedia.org/wiki/State_park
https://en.wikipedia.org/wiki/Kent,_New_York https://en.wikipedia.org/wiki/Lewis_Ludington
https://en.wikipedia.org/wiki/Kent,_New_York https://en.wikipedia.org/wiki/Geographic_coordinate_system
https://en.wikipedia.org/wiki/Kent,_New_York https://en.wikipedia.org/wiki/County_seat
https://en.wikipedia.org/wiki/Kent,_New_York https://en.wikipedia.org/wiki/Putnam_Valley,_New_York
https://en.wikipedia.org/wiki/Kent,_New_York https://en.wikipedia.org/wiki/Administrative_divisions_of_New_York#Village
https://en.wikipedia.org/wiki/Kent,_New_York https://en.wikipedia.org/wiki/Brewster,_New_York
https://en.wikipedia.org/wiki/Kent,_New_York https://en.wikipedia.org/wiki/Cold_Spring,_New_York
https://en.wikipedia.org/wiki/Kent,_New_York https://en.wikipedia.org/wiki/Nelsonville,_New_York
https://en.wikipedia.org/wiki/Kent,_New_York https://en.wikipedia.org/wiki/Administrative_divisions_of_New_York#Census-designated_place
https://en.wikipedia.org/wiki/Kent,_New_York https://en.wikipedia.org/wiki/Brewster_Hill,_New_York
https://en.wikipedia.org/wiki/Kent,_New_York https://en.wikipedia.org/wiki/Carmel_Hamlet,_New_York
https://en.wikipedia.org/wiki/Kent,_New_York https://en.wikipedia.org/wiki/Mahopac,_New_York
https://en.wikipedia.org/wiki/Kent,_New_York https://en.wikipedia.org/wiki/Peach_Lake,_New_York
https://en.wikipedia.org/wiki/Kent,_New_York https://en.wikipedia.org/wiki/Putnam_Lake,_New_York
https://en.wikipedia.org/wiki/Kent,_New_York https://en.wikipedia.org/wiki/Farmers_Mills,_Putnam_County,_New_York
https://en.wikipedia.org/wiki/Kent,_New_York https://en.wikipedia.org/wiki/Garrison,_New_York
https://en.wikipedia.org/wiki/Kent,_New_York https://en.wikipedia.org/wiki/Gayville,_Putnam_County,_New_York
https://en.wikipedia.org/wiki/Kent,_New_York https://en.wikipedia.org/wiki/Lake_Peekskill,_New_York
https://en.wikipedia.org/wiki/Kent,_New_York https://en.wikipedia.org/wiki/Sodom,_New_York
https://en.wikipedia.org/wiki/Kent,_New_York https://en.wikipedia.org/wiki/Tompkins_Corners,_New_York
https://en.wikipedia.org/wiki/Kent,_New_York https://en.wikipedia.org/wiki/Ghost_town
https://en.wikipedia.org/wiki/Kent,_New_York https://en.wikipedia.org/wiki/Dicktown,_New_York
https://en.wikipedia.org/wiki/Kent,_New_York https://en.wikipedia.org/wiki/Doanesburgh,_New_York
https://en.wikipedia.org/wiki/Kent,_New_York https://en.wikipedia.org/wiki/Bibliography_of_New_York_(state)
https://en.wikipedia.org/wiki/Kent,_New_York https://en.wikipedia.org/wiki/Demographics_of_New_York_(state)
https://en.wikipedia.org/wiki/Kent,_New_York https://en.wikipedia.org/wiki/Economy_of_New_York_(state)
https://en.wikipedia.org/wiki/Kent,_New_York https://en.wikipedia.org/wiki/Education_in_New_York_(state)
https://en.wikipedia.org/wiki/Kent,_New_York https://en.wikipedia.org/wiki/Geography_of_New_York_(state)
https://en.wikipedia.org/wiki/Kent,_New_York https://en.wikipedia.org/wiki/History_of_New_York_(state)
https://en.wikipedia.org/wiki/Kent,_New_York https://en.wikipedia.org/wiki/Healthcare_in_New_York_(state)
https://en.wikipedia.org/wiki/Kent,_New_York https://en.wikipedia.org/wiki/List_of_museums_in_New_York_(state)
https://en.wikipedia.org/wiki/Kent,_New_York https://en.wikipedia.org/wiki/Music_of_New_York_(state)
https://en.wikipedia.org/wiki/Kent,_New_York https://en.wikipedia.org/wiki/Empire_State
https://en.wikipedia.org/wiki/Kent,_New_York https://en.wikipedia.org/wiki/List_of_New_York_state_parks
https://en.wikipedia.org/wiki/Kent,_New_York https://en.wikipedia.org/wiki/List_of_people_from_New_York_(state)
https://en.wikipedia.org/wiki/Kent,_New_York https://en.wikipedia.org/wiki/Sports_in_New_York_(state)
https://en.wikipedia.org/wiki/Kent,_New_York https://en.wikipedia.org/wiki/List_of_New_York_state_symbols
https://en.wikipedia.org/wiki/Kent,_New_York https://en.wikipedia.org/wiki/Transportation_in_New_York_(state)
https://en.wikipedia.org/wiki/Kent,_New_York https://en.wikipedia.org/wiki/Administrative_divisions_of_New_York_(state)
https://en.wikipedia.org/wiki/Kent,_New_York https://en.wikipedia.org/wiki/New_York%27s_congressional_districts
https://en.wikipedia.org/wiki/Kent,_New_York https://en.wikipedia.org/wiki/New_York_Constitution
https://en.wikipedia.org/wiki/Kent,_New_York https://en.wikipedia.org/wiki/United_States_congressional_delegations_from_New_York
https://en.wikipedia.org/wiki/Kent,_New_York https://en.wikipedia.org/wiki/List_of_United_States_Senators_from_New_York
https://en.wikipedia.org/wiki/Kent,_New_York https://en.wikipedia.org/wiki/List_of_United_States_Representatives_from_New_York
https://en.wikipedia.org/wiki/Kent,_New_York https://en.wikipedia.org/wiki/Elections_in_New_York_(state)
https://en.wikipedia.org/wiki/Kent,_New_York https://en.wikipedia.org/wiki/Government_of_New_York_(state)
https://en.wikipedia.org/wiki/Kent,_New_York https://en.wikipedia.org/wiki/Law_of_New_York_(state)
https://en.wikipedia.org/wiki/Kent,_New_York https://en.wikipedia.org/wiki/List_of_regions_of_the_United_States#New_York
https://en.wikipedia.org/wiki/Kent,_New_York https://en.wikipedia.org/wiki/Adirondack_Mountains
https://en.wikipedia.org/wiki/Kent,_New_York https://en.wikipedia.org/wiki/Allegheny_Plateau
https://en.wikipedia.org/wiki/Kent,_New_York https://en.wikipedia.org/wiki/Capital_District,_New_York
https://en.wikipedia.org/wiki/Kent,_New_York https://en.wikipedia.org/wiki/Catskill_Mountains
https://en.wikipedia.org/wiki/Kent,_New_York https://en.wikipedia.org/wiki/Central_New_York_Region
https://en.wikipedia.org/wiki/Kent,_New_York https://en.wikipedia.org/wiki/Central_New_York
https://en.wikipedia.org/wiki/Kent,_New_York https://en.wikipedia.org/wiki/Champlain_Valley
https://en.wikipedia.org/wiki/Kent,_New_York https://en.wikipedia.org/wiki/Finger_Lakes
https://en.wikipedia.org/wiki/Kent,_New_York https://en.wikipedia.org/wiki/Phelps_and_Gorham_Purchase
https://en.wikipedia.org/wiki/Kent,_New_York https://en.wikipedia.org/wiki/Long_Island
https://en.wikipedia.org/wiki/Kent,_New_York https://en.wikipedia.org/wiki/Mohawk_Valley
https://en.wikipedia.org/wiki/Kent,_New_York https://en.wikipedia.org/wiki/Niagara_Frontier
https://en.wikipedia.org/wiki/Kent,_New_York https://en.wikipedia.org/wiki/North_Country_(New_York)
https://en.wikipedia.org/wiki/Kent,_New_York https://en.wikipedia.org/wiki/Ridge-and-Valley_Appalachians
https://en.wikipedia.org/wiki/Kent,_New_York https://en.wikipedia.org/wiki/Saint_Lawrence_Seaway
https://en.wikipedia.org/wiki/Kent,_New_York https://en.wikipedia.org/wiki/Shawangunk_Ridge
https://en.wikipedia.org/wiki/Kent,_New_York https://en.wikipedia.org/wiki/Ski_country
https://en.wikipedia.org/wiki/Kent,_New_York https://en.wikipedia.org/wiki/Southern_Tier
https://en.wikipedia.org/wiki/Kent,_New_York https://en.wikipedia.org/wiki/Southtowns
https://en.wikipedia.org/wiki/Kent,_New_York https://en.wikipedia.org/wiki/Tech_Valley
https://en.wikipedia.org/wiki/Kent,_New_York https://en.wikipedia.org/wiki/Thousand_Islands
https://en.wikipedia.org/wiki/Kent,_New_York https://en.wikipedia.org/wiki/Tug_Hill
https://en.wikipedia.org/wiki/Kent,_New_York https://en.wikipedia.org/wiki/Upstate_New_York
https://en.wikipedia.org/wiki/Kent,_New_York https://en.wikipedia.org/wiki/Western_New_York
https://en.wikipedia.org/wiki/Kent,_New_York https://en.wikipedia.org/wiki/Schenectady,_New_York
https://en.wikipedia.org/wiki/Kent,_New_York https://en.wikipedia.org/wiki/Troy,_New_York
https://en.wikipedia.org/wiki/Kent,_New_York https://en.wikipedia.org/wiki/Binghamton,_New_York
https://en.wikipedia.org/wiki/Kent,_New_York https://en.wikipedia.org/wiki/Buffalo,_New_York
https://en.wikipedia.org/wiki/Kent,_New_York https://en.wikipedia.org/wiki/Niagara_Falls,_New_York
https://en.wikipedia.org/wiki/Kent,_New_York https://en.wikipedia.org/wiki/Elmira,_New_York
https://en.wikipedia.org/wiki/Kent,_New_York https://en.wikipedia.org/wiki/Corning_(city),_New_York
https://en.wikipedia.org/wiki/Kent,_New_York https://en.wikipedia.org/wiki/Glens_Falls,_New_York
https://en.wikipedia.org/wiki/Kent,_New_York https://en.wikipedia.org/wiki/Ithaca,_New_York
https://en.wikipedia.org/wiki/Kent,_New_York https://en.wikipedia.org/wiki/Kingston,_New_York
https://en.wikipedia.org/wiki/Kent,_New_York https://en.wikipedia.org/wiki/Rochester,_New_York
https://en.wikipedia.org/wiki/Kent,_New_York https://en.wikipedia.org/wiki/Syracuse,_New_York
https://en.wikipedia.org/wiki/Kent,_New_York https://en.wikipedia.org/wiki/Utica,_New_York
https://en.wikipedia.org/wiki/Kent,_New_York https://en.wikipedia.org/wiki/Rome,_New_York
https://en.wikipedia.org/wiki/Kent,_New_York https://en.wikipedia.org/wiki/Watertown_(city),_New_York
https://en.wikipedia.org/wiki/Kent,_New_York https://en.wikipedia.org/wiki/Albany_County,_New_York
https://en.wikipedia.org/wiki/Kent,_New_York https://en.wikipedia.org/wiki/Allegany_County,_New_York
https://en.wikipedia.org/wiki/Kent,_New_York https://en.wikipedia.org/wiki/The_Bronx
https://en.wikipedia.org/wiki/Kent,_New_York https://en.wikipedia.org/wiki/Broome_County,_New_York
https://en.wikipedia.org/wiki/Kent,_New_York https://en.wikipedia.org/wiki/Cattaraugus_County,_New_York
https://en.wikipedia.org/wiki/Kent,_New_York https://en.wikipedia.org/wiki/Cayuga_County,_New_York
https://en.wikipedia.org/wiki/Kent,_New_York https://en.wikipedia.org/wiki/Chautauqua_County,_New_York
https://en.wikipedia.org/wiki/Kent,_New_York https://en.wikipedia.org/wiki/Chemung_County,_New_York
https://en.wikipedia.org/wiki/Kent,_New_York https://en.wikipedia.org/wiki/Chenango_County,_New_York
https://en.wikipedia.org/wiki/Kent,_New_York https://en.wikipedia.org/wiki/Clinton_County,_New_York
https://en.wikipedia.org/wiki/Kent,_New_York https://en.wikipedia.org/wiki/Columbia_County,_New_York
https://en.wikipedia.org/wiki/Kent,_New_York https://en.wikipedia.org/wiki/Cortland_County,_New_York
https://en.wikipedia.org/wiki/Kent,_New_York https://en.wikipedia.org/wiki/Delaware_County,_New_York
https://en.wikipedia.org/wiki/Kent,_New_York https://en.wikipedia.org/wiki/Erie_County,_New_York
https://en.wikipedia.org/wiki/Kent,_New_York https://en.wikipedia.org/wiki/Essex_County,_New_York
https://en.wikipedia.org/wiki/Kent,_New_York https://en.wikipedia.org/wiki/Franklin_County,_New_York
https://en.wikipedia.org/wiki/Kent,_New_York https://en.wikipedia.org/wiki/Fulton_County,_New_York
https://en.wikipedia.org/wiki/Kent,_New_York https://en.wikipedia.org/wiki/Genesee_County,_New_York
https://en.wikipedia.org/wiki/Kent,_New_York https://en.wikipedia.org/wiki/Greene_County,_New_York
https://en.wikipedia.org/wiki/Kent,_New_York https://en.wikipedia.org/wiki/Hamilton_County,_New_York
https://en.wikipedia.org/wiki/Kent,_New_York https://en.wikipedia.org/wiki/Herkimer_County,_New_York
https://en.wikipedia.org/wiki/Kent,_New_York https://en.wikipedia.org/wiki/Jefferson_County,_New_York
https://en.wikipedia.org/wiki/Kent,_New_York https://en.wikipedia.org/wiki/Brooklyn
https://en.wikipedia.org/wiki/Kent,_New_York https://en.wikipedia.org/wiki/Lewis_County,_New_York
https://en.wikipedia.org/wiki/Kent,_New_York https://en.wikipedia.org/wiki/Livingston_County,_New_York
https://en.wikipedia.org/wiki/Kent,_New_York https://en.wikipedia.org/wiki/Madison_County,_New_York
https://en.wikipedia.org/wiki/Kent,_New_York https://en.wikipedia.org/wiki/Monroe_County,_New_York
https://en.wikipedia.org/wiki/Kent,_New_York https://en.wikipedia.org/wiki/Montgomery_County,_New_York
https://en.wikipedia.org/wiki/Kent,_New_York https://en.wikipedia.org/wiki/Nassau_County,_New_York
https://en.wikipedia.org/wiki/Kent,_New_York https://en.wikipedia.org/wiki/Manhattan
https://en.wikipedia.org/wiki/Kent,_New_York https://en.wikipedia.org/wiki/Niagara_County,_New_York
https://en.wikipedia.org/wiki/Kent,_New_York https://en.wikipedia.org/wiki/Oneida_County,_New_York
https://en.wikipedia.org/wiki/Kent,_New_York https://en.wikipedia.org/wiki/Onondaga_County,_New_York
https://en.wikipedia.org/wiki/Kent,_New_York https://en.wikipedia.org/wiki/Ontario_County,_New_York
https://en.wikipedia.org/wiki/Kent,_New_York https://en.wikipedia.org/wiki/Orange_County,_New_York
https://en.wikipedia.org/wiki/Kent,_New_York https://en.wikipedia.org/wiki/Orleans_County,_New_York
https://en.wikipedia.org/wiki/Kent,_New_York https://en.wikipedia.org/wiki/Oswego_County,_New_York
https://en.wikipedia.org/wiki/Kent,_New_York https://en.wikipedia.org/wiki/Otsego_County,_New_York
https://en.wikipedia.org/wiki/Kent,_New_York https://en.wikipedia.org/wiki/Queens
https://en.wikipedia.org/wiki/Kent,_New_York https://en.wikipedia.org/wiki/Rensselaer_County,_New_York
https://en.wikipedia.org/wiki/Kent,_New_York https://en.wikipedia.org/wiki/Staten_Island
https://en.wikipedia.org/wiki/Kent,_New_York https://en.wikipedia.org/wiki/Rockland_County,_New_York
https://en.wikipedia.org/wiki/Kent,_New_York https://en.wikipedia.org/wiki/St._Lawrence_County,_New_York
https://en.wikipedia.org/wiki/Kent,_New_York https://en.wikipedia.org/wiki/Saratoga_County,_New_York
https://en.wikipedia.org/wiki/Kent,_New_York https://en.wikipedia.org/wiki/Schenectady_County,_New_York
https://en.wikipedia.org/wiki/Kent,_New_York https://en.wikipedia.org/wiki/Schoharie_County,_New_York
https://en.wikipedia.org/wiki/Kent,_New_York https://en.wikipedia.org/wiki/Schuyler_County,_New_York
https://en.wikipedia.org/wiki/Kent,_New_York https://en.wikipedia.org/wiki/Seneca_County,_New_York
https://en.wikipedia.org/wiki/Kent,_New_York https://en.wikipedia.org/wiki/Steuben_County,_New_York
https://en.wikipedia.org/wiki/Kent,_New_York https://en.wikipedia.org/wiki/Suffolk_County,_New_York
https://en.wikipedia.org/wiki/Kent,_New_York https://en.wikipedia.org/wiki/Sullivan_County,_New_York
https://en.wikipedia.org/wiki/Kent,_New_York https://en.wikipedia.org/wiki/Tioga_County,_New_York
https://en.wikipedia.org/wiki/Kent,_New_York https://en.wikipedia.org/wiki/Tompkins_County,_New_York
https://en.wikipedia.org/wiki/Kent,_New_York https://en.wikipedia.org/wiki/Ulster_County,_New_York
https://en.wikipedia.org/wiki/Kent,_New_York https://en.wikipedia.org/wiki/Warren_County,_New_York
https://en.wikipedia.org/wiki/Kent,_New_York https://en.wikipedia.org/wiki/Washington_County,_New_York
https://en.wikipedia.org/wiki/Kent,_New_York https://en.wikipedia.org/wiki/Wayne_County,_New_York
https://en.wikipedia.org/wiki/Kent,_New_York https://en.wikipedia.org/wiki/Wyoming_County,_New_York
https://en.wikipedia.org/wiki/Kent,_New_York https://en.wikipedia.org/wiki/Yates_County,_New_York
https://en.wikipedia.org/wiki/Kent,_New_York https://en.wikipedia.org/wiki/List_of_places_in_New_York
https://en.wikipedia.org/wiki/Kent,_New_York https://en.wikipedia.org/wiki/List_of_towns_in_New_York
https://en.wikipedia.org/wiki/Kent,_New_York https://en.wikipedia.org/wiki/List_of_American_Indian_Reservations_in_New_York
https://en.wikipedia.org/wiki/Kent,_New_York https://en.wikipedia.org/wiki/List_of_villages_in_New_York
https://en.wikipedia.org/wiki/Kent,_New_York https://en.wikipedia.org/wiki/List_of_census-designated_places_in_New_York
