https://en.wikipedia.org/wiki/Lee_County,_Alabama https://en.wikipedia.org/wiki/United_States
https://en.wikipedia.org/wiki/Lee_County,_Alabama https://en.wikipedia.org/wiki/Alabama%27s_3rd_congressional_district
https://en.wikipedia.org/wiki/Lee_County,_Alabama https://en.wikipedia.org/wiki/Time_in_the_United_States
https://en.wikipedia.org/wiki/Lee_County,_Alabama https://en.wikipedia.org/wiki/Central_Time_Zone
https://en.wikipedia.org/wiki/Lee_County,_Alabama https://en.wikipedia.org/wiki/Coordinated_Universal_Time
https://en.wikipedia.org/wiki/Lee_County,_Alabama https://en.wikipedia.org/wiki/Daylight_saving_time
https://en.wikipedia.org/wiki/Lee_County,_Alabama https://en.wikipedia.org/wiki/General-in-Chief_of_the_Confederate_States_Army
https://en.wikipedia.org/wiki/Lee_County,_Alabama https://en.wikipedia.org/wiki/Auburn,_Alabama_metropolitan_area
https://en.wikipedia.org/wiki/Lee_County,_Alabama https://en.wikipedia.org/wiki/Georgia_(U.S._state)
https://en.wikipedia.org/wiki/Lee_County,_Alabama https://en.wikipedia.org/wiki/Alabama_State_Legislature
https://en.wikipedia.org/wiki/Lee_County,_Alabama https://en.wikipedia.org/wiki/Salient_(geography)
https://en.wikipedia.org/wiki/Lee_County,_Alabama https://en.wikipedia.org/wiki/Tornado_outbreak_of_March_3,_2019
https://en.wikipedia.org/wiki/Lee_County,_Alabama https://en.wikipedia.org/wiki/U.S._Census_Bureau
https://en.wikipedia.org/wiki/Lee_County,_Alabama https://en.wikipedia.org/wiki/Interstate_85
https://en.wikipedia.org/wiki/Lee_County,_Alabama https://en.wikipedia.org/wiki/U.S._Highway_29
https://en.wikipedia.org/wiki/Lee_County,_Alabama https://en.wikipedia.org/wiki/U.S._Highway_280
https://en.wikipedia.org/wiki/Lee_County,_Alabama https://en.wikipedia.org/wiki/U.S._Highway_431
https://en.wikipedia.org/wiki/Lee_County,_Alabama https://en.wikipedia.org/wiki/State_Route_14_(Alabama)
https://en.wikipedia.org/wiki/Lee_County,_Alabama https://en.wikipedia.org/wiki/State_Route_51_(Alabama)
https://en.wikipedia.org/wiki/Lee_County,_Alabama https://en.wikipedia.org/wiki/State_Route_147_(Alabama)
https://en.wikipedia.org/wiki/Lee_County,_Alabama https://en.wikipedia.org/wiki/Alabama_State_Route_169
https://en.wikipedia.org/wiki/Lee_County,_Alabama https://en.wikipedia.org/wiki/1870_United_States_Census
https://en.wikipedia.org/wiki/Lee_County,_Alabama https://en.wikipedia.org/wiki/1880_United_States_Census
https://en.wikipedia.org/wiki/Lee_County,_Alabama https://en.wikipedia.org/wiki/1890_United_States_Census
https://en.wikipedia.org/wiki/Lee_County,_Alabama https://en.wikipedia.org/wiki/1900_United_States_Census
https://en.wikipedia.org/wiki/Lee_County,_Alabama https://en.wikipedia.org/wiki/1910_United_States_Census
https://en.wikipedia.org/wiki/Lee_County,_Alabama https://en.wikipedia.org/wiki/1920_United_States_Census
https://en.wikipedia.org/wiki/Lee_County,_Alabama https://en.wikipedia.org/wiki/1930_United_States_Census
https://en.wikipedia.org/wiki/Lee_County,_Alabama https://en.wikipedia.org/wiki/1940_United_States_Census
https://en.wikipedia.org/wiki/Lee_County,_Alabama https://en.wikipedia.org/wiki/1950_United_States_Census
https://en.wikipedia.org/wiki/Lee_County,_Alabama https://en.wikipedia.org/wiki/1960_United_States_Census
https://en.wikipedia.org/wiki/Lee_County,_Alabama https://en.wikipedia.org/wiki/1970_United_States_Census
https://en.wikipedia.org/wiki/Lee_County,_Alabama https://en.wikipedia.org/wiki/1980_United_States_Census
https://en.wikipedia.org/wiki/Lee_County,_Alabama https://en.wikipedia.org/wiki/1990_United_States_Census
https://en.wikipedia.org/wiki/Lee_County,_Alabama https://en.wikipedia.org/wiki/2000_United_States_Census
https://en.wikipedia.org/wiki/Lee_County,_Alabama https://en.wikipedia.org/wiki/Republican_Party_(United_States)
https://en.wikipedia.org/wiki/Lee_County,_Alabama https://en.wikipedia.org/wiki/Democratic_Party_(United_States)
https://en.wikipedia.org/wiki/Lee_County,_Alabama https://en.wikipedia.org/wiki/United_States_presidential_election_in_Alabama,_2016
https://en.wikipedia.org/wiki/Lee_County,_Alabama https://en.wikipedia.org/wiki/United_States_presidential_election_in_Alabama,_2012
https://en.wikipedia.org/wiki/Lee_County,_Alabama https://en.wikipedia.org/wiki/United_States_presidential_election_in_Alabama,_2008
https://en.wikipedia.org/wiki/Lee_County,_Alabama https://en.wikipedia.org/wiki/United_States_presidential_election_in_Alabama,_2004
https://en.wikipedia.org/wiki/Lee_County,_Alabama https://en.wikipedia.org/wiki/United_States_presidential_election_in_Alabama,_2000
https://en.wikipedia.org/wiki/Lee_County,_Alabama https://en.wikipedia.org/wiki/United_States_presidential_election_in_Alabama,_1996
https://en.wikipedia.org/wiki/Lee_County,_Alabama https://en.wikipedia.org/wiki/United_States_presidential_election_in_Alabama,_1992
https://en.wikipedia.org/wiki/Lee_County,_Alabama https://en.wikipedia.org/wiki/United_States_presidential_election_in_Alabama,_1988
https://en.wikipedia.org/wiki/Lee_County,_Alabama https://en.wikipedia.org/wiki/United_States_presidential_election_in_Alabama,_1984
https://en.wikipedia.org/wiki/Lee_County,_Alabama https://en.wikipedia.org/wiki/United_States_presidential_election_in_Alabama,_1980
https://en.wikipedia.org/wiki/Lee_County,_Alabama https://en.wikipedia.org/wiki/United_States_presidential_election_in_Alabama,_1976
https://en.wikipedia.org/wiki/Lee_County,_Alabama https://en.wikipedia.org/wiki/United_States_presidential_election_in_Alabama,_1972
https://en.wikipedia.org/wiki/Lee_County,_Alabama https://en.wikipedia.org/wiki/United_States_presidential_election_in_Alabama,_1968
https://en.wikipedia.org/wiki/Lee_County,_Alabama https://en.wikipedia.org/wiki/United_States_presidential_election_in_Alabama,_1964
https://en.wikipedia.org/wiki/Lee_County,_Alabama https://en.wikipedia.org/wiki/United_States_presidential_election_in_Alabama,_1960
https://en.wikipedia.org/wiki/Lee_County,_Alabama https://en.wikipedia.org/wiki/United_States_presidential_election_in_Alabama,_1956
https://en.wikipedia.org/wiki/Lee_County,_Alabama https://en.wikipedia.org/wiki/United_States_presidential_election,_1952
https://en.wikipedia.org/wiki/Lee_County,_Alabama https://en.wikipedia.org/wiki/United_States_presidential_election_in_Alabama,_1948
https://en.wikipedia.org/wiki/Lee_County,_Alabama https://en.wikipedia.org/wiki/United_States_presidential_election,_1944
https://en.wikipedia.org/wiki/Lee_County,_Alabama https://en.wikipedia.org/wiki/United_States_presidential_election,_1940
https://en.wikipedia.org/wiki/Lee_County,_Alabama https://en.wikipedia.org/wiki/United_States_presidential_election,_1936
https://en.wikipedia.org/wiki/Lee_County,_Alabama https://en.wikipedia.org/wiki/United_States_presidential_election,_1932
https://en.wikipedia.org/wiki/Lee_County,_Alabama https://en.wikipedia.org/wiki/United_States_presidential_election_in_Alabama,_1928
https://en.wikipedia.org/wiki/Lee_County,_Alabama https://en.wikipedia.org/wiki/United_States_presidential_election,_1924
https://en.wikipedia.org/wiki/Lee_County,_Alabama https://en.wikipedia.org/wiki/United_States_presidential_election_in_Alabama,_1920
https://en.wikipedia.org/wiki/Lee_County,_Alabama https://en.wikipedia.org/wiki/United_States_presidential_election,_1916
https://en.wikipedia.org/wiki/Lee_County,_Alabama https://en.wikipedia.org/wiki/United_States_presidential_election,_1912
https://en.wikipedia.org/wiki/Lee_County,_Alabama https://en.wikipedia.org/wiki/United_States_presidential_election,_1908
https://en.wikipedia.org/wiki/Lee_County,_Alabama https://en.wikipedia.org/wiki/United_States_presidential_election,_1904
https://en.wikipedia.org/wiki/Lee_County,_Alabama https://en.wikipedia.org/wiki/Chewacla_State_Park
https://en.wikipedia.org/wiki/Lee_County,_Alabama https://en.wikipedia.org/wiki/Jule_Collins_Smith_Museum_of_Fine_Art
https://en.wikipedia.org/wiki/Lee_County,_Alabama https://en.wikipedia.org/wiki/Salem-Shotwell_Covered_Bridge
https://en.wikipedia.org/wiki/Lee_County,_Alabama https://en.wikipedia.org/wiki/Robert_Trent_Jones_Golf_Trail
https://en.wikipedia.org/wiki/Lee_County,_Alabama https://en.wikipedia.org/wiki/Samford_Hall
https://en.wikipedia.org/wiki/Lee_County,_Alabama https://en.wikipedia.org/wiki/Auburn_University_Regional_Airport
https://en.wikipedia.org/wiki/Lee_County,_Alabama https://en.wikipedia.org/wiki/List_of_memorials_to_Robert_E._Lee
https://en.wikipedia.org/wiki/Lee_County,_Alabama https://en.wikipedia.org/wiki/National_Register_of_Historic_Places_listings_in_Lee_County,_Alabama
https://en.wikipedia.org/wiki/Lee_County,_Alabama https://en.wikipedia.org/wiki/Properties_on_the_Alabama_Register_of_Landmarks_and_Heritage_by_county_(Jefferson%E2%80%93Macon)#Lee_County
https://en.wikipedia.org/wiki/Lee_County,_Alabama https://en.wikipedia.org/wiki/Henry_Gannett
https://en.wikipedia.org/wiki/Lee_County,_Alabama https://en.wikipedia.org/wiki/United_States_Government_Publishing_Office
https://en.wikipedia.org/wiki/Lee_County,_Alabama https://en.wikipedia.org/wiki/OCLC
https://en.wikipedia.org/wiki/Lee_County,_Alabama https://en.wikipedia.org/wiki/United_States_Geological_Survey
https://en.wikipedia.org/wiki/Lee_County,_Alabama https://en.wikipedia.org/wiki/International_Standard_Book_Number
https://en.wikipedia.org/wiki/Lee_County,_Alabama https://en.wikipedia.org/wiki/City
https://en.wikipedia.org/wiki/Lee_County,_Alabama https://en.wikipedia.org/wiki/Town
https://en.wikipedia.org/wiki/Lee_County,_Alabama https://en.wikipedia.org/wiki/Unincorporated_area
https://en.wikipedia.org/wiki/Lee_County,_Alabama https://en.wikipedia.org/wiki/Bibb_City,_Georgia
https://en.wikipedia.org/wiki/Lee_County,_Alabama https://en.wikipedia.org/wiki/Buena_Vista,_Georgia
https://en.wikipedia.org/wiki/Lee_County,_Alabama https://en.wikipedia.org/wiki/Cataula,_Georgia
https://en.wikipedia.org/wiki/Lee_County,_Alabama https://en.wikipedia.org/wiki/Cusseta,_Georgia
https://en.wikipedia.org/wiki/Lee_County,_Alabama https://en.wikipedia.org/wiki/Fort_Benning_South,_Georgia
https://en.wikipedia.org/wiki/Lee_County,_Alabama https://en.wikipedia.org/wiki/Hamilton,_Georgia
https://en.wikipedia.org/wiki/Lee_County,_Alabama https://en.wikipedia.org/wiki/Hopewell,_Harris_County,_Georgia
https://en.wikipedia.org/wiki/Lee_County,_Alabama https://en.wikipedia.org/wiki/Juniper,_Georgia
https://en.wikipedia.org/wiki/Lee_County,_Alabama https://en.wikipedia.org/wiki/Pine_Mountain,_Harris_County,_Georgia
https://en.wikipedia.org/wiki/Lee_County,_Alabama https://en.wikipedia.org/wiki/Shiloh,_Harris_County,_Georgia
https://en.wikipedia.org/wiki/Lee_County,_Alabama https://en.wikipedia.org/wiki/Upatoi,_Georgia
https://en.wikipedia.org/wiki/Lee_County,_Alabama https://en.wikipedia.org/wiki/Waverly_Hall,_Georgia
https://en.wikipedia.org/wiki/Lee_County,_Alabama https://en.wikipedia.org/wiki/West_Point,_Georgia
https://en.wikipedia.org/wiki/Lee_County,_Alabama https://en.wikipedia.org/wiki/Cusseta,_Alabama
https://en.wikipedia.org/wiki/Lee_County,_Alabama https://en.wikipedia.org/wiki/Fort_Mitchell,_Alabama
https://en.wikipedia.org/wiki/Lee_County,_Alabama https://en.wikipedia.org/wiki/Glenville,_Alabama
https://en.wikipedia.org/wiki/Lee_County,_Alabama https://en.wikipedia.org/wiki/Holy_Trinity,_Alabama
https://en.wikipedia.org/wiki/Lee_County,_Alabama https://en.wikipedia.org/wiki/Hurtsboro,_Alabama
https://en.wikipedia.org/wiki/Lee_County,_Alabama https://en.wikipedia.org/wiki/Ladonia,_Alabama
https://en.wikipedia.org/wiki/Lee_County,_Alabama https://en.wikipedia.org/wiki/LaFayette,_Alabama
https://en.wikipedia.org/wiki/Lee_County,_Alabama https://en.wikipedia.org/wiki/Lanett,_Alabama
https://en.wikipedia.org/wiki/Lee_County,_Alabama https://en.wikipedia.org/wiki/Seale,_Alabama
https://en.wikipedia.org/wiki/Lee_County,_Alabama https://en.wikipedia.org/wiki/Valley,_Alabama
https://en.wikipedia.org/wiki/Lee_County,_Alabama https://en.wikipedia.org/wiki/Chattahoochee_County,_Georgia
https://en.wikipedia.org/wiki/Lee_County,_Alabama https://en.wikipedia.org/wiki/Marion_County,_Georgia
https://en.wikipedia.org/wiki/Lee_County,_Alabama https://en.wikipedia.org/wiki/Outline_of_Alabama
https://en.wikipedia.org/wiki/Lee_County,_Alabama https://en.wikipedia.org/wiki/Index_of_Alabama-related_articles
https://en.wikipedia.org/wiki/Lee_County,_Alabama https://en.wikipedia.org/wiki/Aviation_in_Alabama
https://en.wikipedia.org/wiki/Lee_County,_Alabama https://en.wikipedia.org/wiki/Climate_of_Alabama
https://en.wikipedia.org/wiki/Lee_County,_Alabama https://en.wikipedia.org/wiki/United_States_congressional_delegations_from_Alabama
https://en.wikipedia.org/wiki/Lee_County,_Alabama https://en.wikipedia.org/wiki/Geography_of_Alabama
https://en.wikipedia.org/wiki/Lee_County,_Alabama https://en.wikipedia.org/wiki/Geology_of_Alabama
https://en.wikipedia.org/wiki/Lee_County,_Alabama https://en.wikipedia.org/wiki/Government_of_Alabama
https://en.wikipedia.org/wiki/Lee_County,_Alabama https://en.wikipedia.org/wiki/List_of_Governors_of_Alabama
https://en.wikipedia.org/wiki/Lee_County,_Alabama https://en.wikipedia.org/wiki/History_of_Alabama
https://en.wikipedia.org/wiki/Lee_County,_Alabama https://en.wikipedia.org/wiki/National_Register_of_Historic_Places_listings_in_Alabama
https://en.wikipedia.org/wiki/Lee_County,_Alabama https://en.wikipedia.org/wiki/List_of_newspapers_in_Alabama
https://en.wikipedia.org/wiki/Lee_County,_Alabama https://en.wikipedia.org/wiki/List_of_radio_stations_in_Alabama
https://en.wikipedia.org/wiki/Lee_County,_Alabama https://en.wikipedia.org/wiki/List_of_television_stations_in_Alabama
https://en.wikipedia.org/wiki/Lee_County,_Alabama https://en.wikipedia.org/wiki/List_of_people_from_Alabama
https://en.wikipedia.org/wiki/Lee_County,_Alabama https://en.wikipedia.org/wiki/List_of_professional_sports_teams_in_Alabama
https://en.wikipedia.org/wiki/Lee_County,_Alabama https://en.wikipedia.org/wiki/List_of_Alabama_state_symbols
https://en.wikipedia.org/wiki/Lee_County,_Alabama https://en.wikipedia.org/wiki/Transportation_in_Alabama
https://en.wikipedia.org/wiki/Lee_County,_Alabama https://en.wikipedia.org/wiki/Seal_of_Alabama
https://en.wikipedia.org/wiki/Lee_County,_Alabama https://en.wikipedia.org/wiki/Crime_in_Alabama
https://en.wikipedia.org/wiki/Lee_County,_Alabama https://en.wikipedia.org/wiki/Demographics_of_Alabama
https://en.wikipedia.org/wiki/Lee_County,_Alabama https://en.wikipedia.org/wiki/Economy_of_Alabama
https://en.wikipedia.org/wiki/Lee_County,_Alabama https://en.wikipedia.org/wiki/Education_in_Alabama
https://en.wikipedia.org/wiki/Lee_County,_Alabama https://en.wikipedia.org/wiki/Elections_in_Alabama
https://en.wikipedia.org/wiki/Lee_County,_Alabama https://en.wikipedia.org/wiki/Politics_of_Alabama
https://en.wikipedia.org/wiki/Lee_County,_Alabama https://en.wikipedia.org/wiki/North_Alabama
https://en.wikipedia.org/wiki/Lee_County,_Alabama https://en.wikipedia.org/wiki/Central_Alabama
https://en.wikipedia.org/wiki/Lee_County,_Alabama https://en.wikipedia.org/wiki/South_Alabama
https://en.wikipedia.org/wiki/Lee_County,_Alabama https://en.wikipedia.org/wiki/Birmingham_District
https://en.wikipedia.org/wiki/Lee_County,_Alabama https://en.wikipedia.org/wiki/Black_Belt_(region_of_Alabama)
https://en.wikipedia.org/wiki/Lee_County,_Alabama https://en.wikipedia.org/wiki/Canebrake_(region_of_Alabama)
https://en.wikipedia.org/wiki/Lee_County,_Alabama https://en.wikipedia.org/wiki/Cumberland_Plateau
https://en.wikipedia.org/wiki/Lee_County,_Alabama https://en.wikipedia.org/wiki/Eastern_Shore_(Alabama)
https://en.wikipedia.org/wiki/Lee_County,_Alabama https://en.wikipedia.org/wiki/Gulf_Coastal_Plain
https://en.wikipedia.org/wiki/Lee_County,_Alabama https://en.wikipedia.org/wiki/Piedmont_(United_States)
https://en.wikipedia.org/wiki/Lee_County,_Alabama https://en.wikipedia.org/wiki/Ridge-and-Valley_Appalachians
https://en.wikipedia.org/wiki/Lee_County,_Alabama https://en.wikipedia.org/wiki/Tennessee_Valley
https://en.wikipedia.org/wiki/Lee_County,_Alabama https://en.wikipedia.org/wiki/Wiregrass_Region
https://en.wikipedia.org/wiki/Lee_County,_Alabama https://en.wikipedia.org/wiki/List_of_amphibians_of_Alabama
https://en.wikipedia.org/wiki/Lee_County,_Alabama https://en.wikipedia.org/wiki/List_of_botanical_gardens_and_arboretums_in_Alabama
https://en.wikipedia.org/wiki/Lee_County,_Alabama https://en.wikipedia.org/wiki/List_of_mammals_of_Alabama
https://en.wikipedia.org/wiki/Lee_County,_Alabama https://en.wikipedia.org/wiki/List_of_reptiles_of_Alabama
https://en.wikipedia.org/wiki/Lee_County,_Alabama https://en.wikipedia.org/wiki/Alabama_Champion_Tree_Program
https://en.wikipedia.org/wiki/Lee_County,_Alabama https://en.wikipedia.org/wiki/List_of_cities_and_towns_in_Alabama
https://en.wikipedia.org/wiki/Lee_County,_Alabama https://en.wikipedia.org/wiki/Birmingham,_Alabama
https://en.wikipedia.org/wiki/Lee_County,_Alabama https://en.wikipedia.org/wiki/Mobile,_Alabama
https://en.wikipedia.org/wiki/Lee_County,_Alabama https://en.wikipedia.org/wiki/Huntsville,_Alabama
https://en.wikipedia.org/wiki/Lee_County,_Alabama https://en.wikipedia.org/wiki/Tuscaloosa,_Alabama
https://en.wikipedia.org/wiki/Lee_County,_Alabama https://en.wikipedia.org/wiki/Hoover,_Alabama
https://en.wikipedia.org/wiki/Lee_County,_Alabama https://en.wikipedia.org/wiki/Dothan,_Alabama
https://en.wikipedia.org/wiki/Lee_County,_Alabama https://en.wikipedia.org/wiki/Decatur,_Alabama
https://en.wikipedia.org/wiki/Lee_County,_Alabama https://en.wikipedia.org/wiki/Madison,_Alabama
https://en.wikipedia.org/wiki/Lee_County,_Alabama https://en.wikipedia.org/wiki/List_of_metropolitan_areas_of_Alabama
https://en.wikipedia.org/wiki/Lee_County,_Alabama https://en.wikipedia.org/wiki/Birmingham%E2%80%93Hoover_metropolitan_area
https://en.wikipedia.org/wiki/Lee_County,_Alabama https://en.wikipedia.org/wiki/Huntsville_metropolitan_area
https://en.wikipedia.org/wiki/Lee_County,_Alabama https://en.wikipedia.org/wiki/Mobile_metropolitan_area
https://en.wikipedia.org/wiki/Lee_County,_Alabama https://en.wikipedia.org/wiki/Montgomery_metropolitan_area
https://en.wikipedia.org/wiki/Lee_County,_Alabama https://en.wikipedia.org/wiki/Tuscaloosa,_Alabama_metropolitan_area
https://en.wikipedia.org/wiki/Lee_County,_Alabama https://en.wikipedia.org/wiki/Daphne-Fairhope-Foley,_AL_Metropolitan_Statistical_Area
https://en.wikipedia.org/wiki/Lee_County,_Alabama https://en.wikipedia.org/wiki/Decatur,_Alabama_metropolitan_area
https://en.wikipedia.org/wiki/Lee_County,_Alabama https://en.wikipedia.org/wiki/Auburn_metropolitan_area,_Alabama
https://en.wikipedia.org/wiki/Lee_County,_Alabama https://en.wikipedia.org/wiki/Dothan_metropolitan_area,_Alabama
https://en.wikipedia.org/wiki/Lee_County,_Alabama https://en.wikipedia.org/wiki/Florence%E2%80%93Muscle_Shoals_metropolitan_area
https://en.wikipedia.org/wiki/Lee_County,_Alabama https://en.wikipedia.org/wiki/Anniston%E2%80%93Oxford_metropolitan_area
https://en.wikipedia.org/wiki/Lee_County,_Alabama https://en.wikipedia.org/wiki/Gadsden_Metropolitan_Statistical_Area
https://en.wikipedia.org/wiki/Lee_County,_Alabama https://en.wikipedia.org/wiki/List_of_counties_in_Alabama
https://en.wikipedia.org/wiki/Lee_County,_Alabama https://en.wikipedia.org/wiki/Autauga_County,_Alabama
https://en.wikipedia.org/wiki/Lee_County,_Alabama https://en.wikipedia.org/wiki/Baldwin_County,_Alabama
https://en.wikipedia.org/wiki/Lee_County,_Alabama https://en.wikipedia.org/wiki/Barbour_County,_Alabama
https://en.wikipedia.org/wiki/Lee_County,_Alabama https://en.wikipedia.org/wiki/Bibb_County,_Alabama
https://en.wikipedia.org/wiki/Lee_County,_Alabama https://en.wikipedia.org/wiki/Blount_County,_Alabama
https://en.wikipedia.org/wiki/Lee_County,_Alabama https://en.wikipedia.org/wiki/Bullock_County,_Alabama
https://en.wikipedia.org/wiki/Lee_County,_Alabama https://en.wikipedia.org/wiki/Butler_County,_Alabama
https://en.wikipedia.org/wiki/Lee_County,_Alabama https://en.wikipedia.org/wiki/Calhoun_County,_Alabama
https://en.wikipedia.org/wiki/Lee_County,_Alabama https://en.wikipedia.org/wiki/Cherokee_County,_Alabama
https://en.wikipedia.org/wiki/Lee_County,_Alabama https://en.wikipedia.org/wiki/Chilton_County,_Alabama
https://en.wikipedia.org/wiki/Lee_County,_Alabama https://en.wikipedia.org/wiki/Choctaw_County,_Alabama
https://en.wikipedia.org/wiki/Lee_County,_Alabama https://en.wikipedia.org/wiki/Clarke_County,_Alabama
https://en.wikipedia.org/wiki/Lee_County,_Alabama https://en.wikipedia.org/wiki/Clay_County,_Alabama
https://en.wikipedia.org/wiki/Lee_County,_Alabama https://en.wikipedia.org/wiki/Cleburne_County,_Alabama
https://en.wikipedia.org/wiki/Lee_County,_Alabama https://en.wikipedia.org/wiki/Coffee_County,_Alabama
https://en.wikipedia.org/wiki/Lee_County,_Alabama https://en.wikipedia.org/wiki/Colbert_County,_Alabama
https://en.wikipedia.org/wiki/Lee_County,_Alabama https://en.wikipedia.org/wiki/Conecuh_County,_Alabama
https://en.wikipedia.org/wiki/Lee_County,_Alabama https://en.wikipedia.org/wiki/Coosa_County,_Alabama
https://en.wikipedia.org/wiki/Lee_County,_Alabama https://en.wikipedia.org/wiki/Covington_County,_Alabama
https://en.wikipedia.org/wiki/Lee_County,_Alabama https://en.wikipedia.org/wiki/Crenshaw_County,_Alabama
https://en.wikipedia.org/wiki/Lee_County,_Alabama https://en.wikipedia.org/wiki/Cullman_County,_Alabama
https://en.wikipedia.org/wiki/Lee_County,_Alabama https://en.wikipedia.org/wiki/Dale_County,_Alabama
https://en.wikipedia.org/wiki/Lee_County,_Alabama https://en.wikipedia.org/wiki/Dallas_County,_Alabama
https://en.wikipedia.org/wiki/Lee_County,_Alabama https://en.wikipedia.org/wiki/DeKalb_County,_Alabama
https://en.wikipedia.org/wiki/Lee_County,_Alabama https://en.wikipedia.org/wiki/Elmore_County,_Alabama
https://en.wikipedia.org/wiki/Lee_County,_Alabama https://en.wikipedia.org/wiki/Escambia_County,_Alabama
https://en.wikipedia.org/wiki/Lee_County,_Alabama https://en.wikipedia.org/wiki/Etowah_County,_Alabama
https://en.wikipedia.org/wiki/Lee_County,_Alabama https://en.wikipedia.org/wiki/Fayette_County,_Alabama
https://en.wikipedia.org/wiki/Lee_County,_Alabama https://en.wikipedia.org/wiki/Franklin_County,_Alabama
https://en.wikipedia.org/wiki/Lee_County,_Alabama https://en.wikipedia.org/wiki/Geneva_County,_Alabama
https://en.wikipedia.org/wiki/Lee_County,_Alabama https://en.wikipedia.org/wiki/Greene_County,_Alabama
https://en.wikipedia.org/wiki/Lee_County,_Alabama https://en.wikipedia.org/wiki/Hale_County,_Alabama
https://en.wikipedia.org/wiki/Lee_County,_Alabama https://en.wikipedia.org/wiki/Henry_County,_Alabama
https://en.wikipedia.org/wiki/Lee_County,_Alabama https://en.wikipedia.org/wiki/Houston_County,_Alabama
https://en.wikipedia.org/wiki/Lee_County,_Alabama https://en.wikipedia.org/wiki/Jackson_County,_Alabama
https://en.wikipedia.org/wiki/Lee_County,_Alabama https://en.wikipedia.org/wiki/Jefferson_County,_Alabama
https://en.wikipedia.org/wiki/Lee_County,_Alabama https://en.wikipedia.org/wiki/Lamar_County,_Alabama
https://en.wikipedia.org/wiki/Lee_County,_Alabama https://en.wikipedia.org/wiki/Lauderdale_County,_Alabama
https://en.wikipedia.org/wiki/Lee_County,_Alabama https://en.wikipedia.org/wiki/Lawrence_County,_Alabama
https://en.wikipedia.org/wiki/Lee_County,_Alabama https://en.wikipedia.org/wiki/Limestone_County,_Alabama
https://en.wikipedia.org/wiki/Lee_County,_Alabama https://en.wikipedia.org/wiki/Lowndes_County,_Alabama
https://en.wikipedia.org/wiki/Lee_County,_Alabama https://en.wikipedia.org/wiki/Madison_County,_Alabama
https://en.wikipedia.org/wiki/Lee_County,_Alabama https://en.wikipedia.org/wiki/Marengo_County,_Alabama
https://en.wikipedia.org/wiki/Lee_County,_Alabama https://en.wikipedia.org/wiki/Marion_County,_Alabama
https://en.wikipedia.org/wiki/Lee_County,_Alabama https://en.wikipedia.org/wiki/Marshall_County,_Alabama
https://en.wikipedia.org/wiki/Lee_County,_Alabama https://en.wikipedia.org/wiki/Mobile_County,_Alabama
https://en.wikipedia.org/wiki/Lee_County,_Alabama https://en.wikipedia.org/wiki/Monroe_County,_Alabama
https://en.wikipedia.org/wiki/Lee_County,_Alabama https://en.wikipedia.org/wiki/Montgomery_County,_Alabama
https://en.wikipedia.org/wiki/Lee_County,_Alabama https://en.wikipedia.org/wiki/Morgan_County,_Alabama
https://en.wikipedia.org/wiki/Lee_County,_Alabama https://en.wikipedia.org/wiki/Perry_County,_Alabama
https://en.wikipedia.org/wiki/Lee_County,_Alabama https://en.wikipedia.org/wiki/Pickens_County,_Alabama
https://en.wikipedia.org/wiki/Lee_County,_Alabama https://en.wikipedia.org/wiki/Pike_County,_Alabama
https://en.wikipedia.org/wiki/Lee_County,_Alabama https://en.wikipedia.org/wiki/Randolph_County,_Alabama
https://en.wikipedia.org/wiki/Lee_County,_Alabama https://en.wikipedia.org/wiki/Shelby_County,_Alabama
https://en.wikipedia.org/wiki/Lee_County,_Alabama https://en.wikipedia.org/wiki/St._Clair_County,_Alabama
https://en.wikipedia.org/wiki/Lee_County,_Alabama https://en.wikipedia.org/wiki/Sumter_County,_Alabama
https://en.wikipedia.org/wiki/Lee_County,_Alabama https://en.wikipedia.org/wiki/Talladega_County,_Alabama
https://en.wikipedia.org/wiki/Lee_County,_Alabama https://en.wikipedia.org/wiki/Tuscaloosa_County,_Alabama
https://en.wikipedia.org/wiki/Lee_County,_Alabama https://en.wikipedia.org/wiki/Walker_County,_Alabama
https://en.wikipedia.org/wiki/Lee_County,_Alabama https://en.wikipedia.org/wiki/Washington_County,_Alabama
https://en.wikipedia.org/wiki/Lee_County,_Alabama https://en.wikipedia.org/wiki/Wilcox_County,_Alabama
https://en.wikipedia.org/wiki/Lee_County,_Alabama https://en.wikipedia.org/wiki/Winston_County,_Alabama
https://en.wikipedia.org/wiki/Lee_County,_Alabama https://en.wikipedia.org/wiki/Virtual_International_Authority_File
https://en.wikipedia.org/wiki/Lee_County,_Alabama https://en.wikipedia.org/wiki/WorldCat_Identities
https://en.wikipedia.org/wiki/Lee_County,_Alabama https://en.wikipedia.org/wiki/Geographic_coordinate_system
