https://en.wikipedia.org/wiki/National_Aviation_Facilities_Experimental_Center https://en.wikipedia.org/wiki/Galloway_Township,_New_Jersey
https://en.wikipedia.org/wiki/National_Aviation_Facilities_Experimental_Center https://en.wikipedia.org/wiki/Atlantic_City,_New_Jersey
https://en.wikipedia.org/wiki/National_Aviation_Facilities_Experimental_Center https://en.wikipedia.org/wiki/Federal_Aviation_Act_of_1958
https://en.wikipedia.org/wiki/National_Aviation_Facilities_Experimental_Center https://en.wikipedia.org/wiki/Federal_Aviation_Administration
https://en.wikipedia.org/wiki/National_Aviation_Facilities_Experimental_Center https://en.wikipedia.org/wiki/Air_traffic_control
https://en.wikipedia.org/wiki/National_Aviation_Facilities_Experimental_Center https://en.wikipedia.org/wiki/Transponder_(aviation)
https://en.wikipedia.org/wiki/National_Aviation_Facilities_Experimental_Center https://en.wikipedia.org/wiki/Radar
https://en.wikipedia.org/wiki/National_Aviation_Facilities_Experimental_Center https://en.wikipedia.org/wiki/United_States_government_role_in_civil_aviation#Civil_Aeronautics_Authority
https://en.wikipedia.org/wiki/National_Aviation_Facilities_Experimental_Center https://en.wikipedia.org/wiki/Indianapolis
https://en.wikipedia.org/wiki/National_Aviation_Facilities_Experimental_Center https://en.wikipedia.org/wiki/IBM_9020
https://en.wikipedia.org/wiki/National_Aviation_Facilities_Experimental_Center https://en.wikipedia.org/wiki/IBM
https://en.wikipedia.org/wiki/National_Aviation_Facilities_Experimental_Center https://en.wikipedia.org/wiki/Computer_Usage_Company
https://en.wikipedia.org/wiki/National_Aviation_Facilities_Experimental_Center https://en.wikipedia.org/wiki/Atlantic_City_International_Airport
https://en.wikipedia.org/wiki/National_Aviation_Facilities_Experimental_Center https://en.wikipedia.org/wiki/William_J._Hughes_Technical_Center
https://en.wikipedia.org/wiki/National_Aviation_Facilities_Experimental_Center https://en.wikipedia.org/wiki/William_J._Hughes
https://en.wikipedia.org/wiki/National_Aviation_Facilities_Experimental_Center https://en.wikipedia.org/wiki/International_Standard_Book_Number
https://en.wikipedia.org/wiki/National_Aviation_Facilities_Experimental_Center https://en.wikipedia.org/wiki/Aviation
