https://en.wikipedia.org/wiki/Oak_bark https://en.wikipedia.org/wiki/Tanbark,_Lexington
https://en.wikipedia.org/wiki/Oak_bark https://en.wikipedia.org/wiki/Prattsville,_New_York
https://en.wikipedia.org/wiki/Oak_bark https://en.wikipedia.org/wiki/Hide_(skin)
https://en.wikipedia.org/wiki/Oak_bark https://en.wikipedia.org/wiki/Leather
https://en.wikipedia.org/wiki/Oak_bark https://en.wikipedia.org/wiki/Tan_(color)
https://en.wikipedia.org/wiki/Oak_bark https://en.wikipedia.org/wiki/Tawny_(color)
https://en.wikipedia.org/wiki/Oak_bark https://en.wikipedia.org/wiki/Medieval_Latin
https://en.wikipedia.org/wiki/Oak_bark https://en.wikipedia.org/wiki/Bark_mill
https://en.wikipedia.org/wiki/Oak_bark https://en.wikipedia.org/wiki/Edge_mill
https://en.wikipedia.org/wiki/Oak_bark https://en.wikipedia.org/wiki/Holford
https://en.wikipedia.org/wiki/Oak_bark https://en.wikipedia.org/wiki/Somerset,_England
https://en.wikipedia.org/wiki/Oak_bark https://en.wikipedia.org/wiki/Grist
https://en.wikipedia.org/wiki/Oak_bark https://en.wikipedia.org/wiki/Chaff
https://en.wikipedia.org/wiki/Oak_bark https://en.wikipedia.org/wiki/Quercitannic_acid
https://en.wikipedia.org/wiki/Oak_bark https://en.wikipedia.org/wiki/Coppice
https://en.wikipedia.org/wiki/Oak_bark https://en.wikipedia.org/wiki/Peat_moss
https://en.wikipedia.org/wiki/Oak_bark https://en.wikipedia.org/wiki/Lithocarpus_densiflorus
https://en.wikipedia.org/wiki/Oak_bark https://en.wikipedia.org/wiki/Quercus_marilandica
https://en.wikipedia.org/wiki/Oak_bark https://en.wikipedia.org/wiki/New_York_(state)
https://en.wikipedia.org/wiki/Oak_bark https://en.wikipedia.org/wiki/Mount_Tremper
https://en.wikipedia.org/wiki/Oak_bark https://en.wikipedia.org/wiki/Mediterranean_Sea
https://en.wikipedia.org/wiki/Oak_bark https://en.wikipedia.org/wiki/Acacia
https://en.wikipedia.org/wiki/Oak_bark https://en.wikipedia.org/wiki/Mimosa
https://en.wikipedia.org/wiki/Oak_bark https://en.wikipedia.org/wiki/International_Standard_Book_Number
https://en.wikipedia.org/wiki/Oak_bark https://en.wikipedia.org/wiki/International_Standard_Serial_Number
https://en.wikipedia.org/wiki/Oak_bark https://en.wikipedia.org/wiki/Areca_catechu
https://en.wikipedia.org/wiki/Oak_bark https://en.wikipedia.org/wiki/Arecatannin
https://en.wikipedia.org/wiki/Oak_bark https://en.wikipedia.org/wiki/Vicia_faba
https://en.wikipedia.org/wiki/Oak_bark https://en.wikipedia.org/wiki/Grape
https://en.wikipedia.org/wiki/Oak_bark https://en.wikipedia.org/wiki/Acacia_mearnsii
https://en.wikipedia.org/wiki/Oak_bark https://en.wikipedia.org/wiki/Eucalyptus_redunca
https://en.wikipedia.org/wiki/Oak_bark https://en.wikipedia.org/wiki/Quebracho_tree
https://en.wikipedia.org/wiki/Oak_bark https://en.wikipedia.org/wiki/Hydrolysable_tannin
https://en.wikipedia.org/wiki/Oak_bark https://en.wikipedia.org/wiki/Chestnut
https://en.wikipedia.org/wiki/Oak_bark https://en.wikipedia.org/wiki/Anogeissus_latifolia
https://en.wikipedia.org/wiki/Oak_bark https://en.wikipedia.org/wiki/Terminalia_chebula
https://en.wikipedia.org/wiki/Oak_bark https://en.wikipedia.org/wiki/Oak_bark
https://en.wikipedia.org/wiki/Oak_bark https://en.wikipedia.org/wiki/Quercus_macrolepis
https://en.wikipedia.org/wiki/Oak_bark https://en.wikipedia.org/wiki/Sumac
https://en.wikipedia.org/wiki/Oak_bark https://en.wikipedia.org/wiki/Rhus_chinensis
https://en.wikipedia.org/wiki/Oak_bark https://en.wikipedia.org/wiki/Tara_spinosa
https://en.wikipedia.org/wiki/Oak_bark https://en.wikipedia.org/wiki/List_of_Acacia_species_used_for_tannin_production
https://en.wikipedia.org/wiki/Oak_bark https://en.wikipedia.org/wiki/Acacia_pycnantha
https://en.wikipedia.org/wiki/Oak_bark https://en.wikipedia.org/wiki/Acacia_decurrens
https://en.wikipedia.org/wiki/Oak_bark https://en.wikipedia.org/wiki/Alder
https://en.wikipedia.org/wiki/Oak_bark https://en.wikipedia.org/wiki/Senna_auriculata
https://en.wikipedia.org/wiki/Oak_bark https://en.wikipedia.org/wiki/Birch
https://en.wikipedia.org/wiki/Oak_bark https://en.wikipedia.org/wiki/Conocarpus_erectus
https://en.wikipedia.org/wiki/Oak_bark https://en.wikipedia.org/wiki/Larch
https://en.wikipedia.org/wiki/Oak_bark https://en.wikipedia.org/wiki/Mangrove
https://en.wikipedia.org/wiki/Oak_bark https://en.wikipedia.org/wiki/Pine
https://en.wikipedia.org/wiki/Oak_bark https://en.wikipedia.org/wiki/Spruce
https://en.wikipedia.org/wiki/Oak_bark https://en.wikipedia.org/wiki/Myracrodruon_urundeuva
https://en.wikipedia.org/wiki/Oak_bark https://en.wikipedia.org/wiki/Salix_caprea
https://en.wikipedia.org/wiki/Oak_bark https://en.wikipedia.org/wiki/Leaf
https://en.wikipedia.org/wiki/Oak_bark https://en.wikipedia.org/wiki/Bergenia_crassifolia
https://en.wikipedia.org/wiki/Oak_bark https://en.wikipedia.org/wiki/Gambier_(extract)
https://en.wikipedia.org/wiki/Oak_bark https://en.wikipedia.org/wiki/Uncaria_gambir
https://en.wikipedia.org/wiki/Oak_bark https://en.wikipedia.org/wiki/Coriaria_myrtifolia
https://en.wikipedia.org/wiki/Oak_bark https://en.wikipedia.org/wiki/Rumex_hymenosepalus
https://en.wikipedia.org/wiki/Oak_bark https://en.wikipedia.org/wiki/Quercus_coccifera
https://en.wikipedia.org/wiki/Oak_bark https://en.wikipedia.org/wiki/Limonium
https://en.wikipedia.org/wiki/Oak_bark https://en.wikipedia.org/wiki/Senegalia_catechu
https://en.wikipedia.org/wiki/Oak_bark https://en.wikipedia.org/wiki/Fruit
https://en.wikipedia.org/wiki/Oak_bark https://en.wikipedia.org/wiki/Libidibia_coriaria
https://en.wikipedia.org/wiki/Oak_bark https://en.wikipedia.org/wiki/Moullava_digyna
https://en.wikipedia.org/wiki/Oak_bark https://en.wikipedia.org/wiki/Gall
https://en.wikipedia.org/wiki/Oak_bark https://en.wikipedia.org/wiki/Quercus_lusitanica
https://en.wikipedia.org/wiki/Oak_bark https://en.wikipedia.org/wiki/Quercus_infectoria
https://en.wikipedia.org/wiki/Oak_bark https://en.wikipedia.org/wiki/Prosopis
https://en.wikipedia.org/wiki/Oak_bark https://en.wikipedia.org/wiki/Prosopis_humilis
https://en.wikipedia.org/wiki/Oak_bark https://en.wikipedia.org/wiki/Prosopis_nigra
https://en.wikipedia.org/wiki/Oak_bark https://en.wikipedia.org/wiki/Notholithocarpus
https://en.wikipedia.org/wiki/Oak_bark https://en.wikipedia.org/wiki/Rhus_pentaphylla
https://en.wikipedia.org/wiki/Oak_bark https://en.wikipedia.org/wiki/Anadenanthera_colubrina
https://en.wikipedia.org/wiki/Oak_bark https://en.wikipedia.org/wiki/Index_of_forestry_articles
https://en.wikipedia.org/wiki/Oak_bark https://en.wikipedia.org/wiki/List_of_countries_by_forest_area
https://en.wikipedia.org/wiki/Oak_bark https://en.wikipedia.org/wiki/List_of_forestry_ministries
https://en.wikipedia.org/wiki/Oak_bark https://en.wikipedia.org/wiki/List_of_forest_research_institutes
https://en.wikipedia.org/wiki/Oak_bark https://en.wikipedia.org/wiki/List_of_forestry_universities_and_colleges
https://en.wikipedia.org/wiki/Oak_bark https://en.wikipedia.org/wiki/List_of_forestry_journals
https://en.wikipedia.org/wiki/Oak_bark https://en.wikipedia.org/wiki/Arbor_Day
https://en.wikipedia.org/wiki/Oak_bark https://en.wikipedia.org/wiki/Agroforestry
https://en.wikipedia.org/wiki/Oak_bark https://en.wikipedia.org/wiki/Analog_forestry
https://en.wikipedia.org/wiki/Oak_bark https://en.wikipedia.org/wiki/Bamboo#Cultivation
https://en.wikipedia.org/wiki/Oak_bark https://en.wikipedia.org/wiki/Close_to_nature_forestry
https://en.wikipedia.org/wiki/Oak_bark https://en.wikipedia.org/wiki/Community_forestry
https://en.wikipedia.org/wiki/Oak_bark https://en.wikipedia.org/wiki/Ecoforestry
https://en.wikipedia.org/wiki/Oak_bark https://en.wikipedia.org/wiki/Energy_forestry
https://en.wikipedia.org/wiki/Oak_bark https://en.wikipedia.org/wiki/Mycoforestry
https://en.wikipedia.org/wiki/Oak_bark https://en.wikipedia.org/wiki/Permaforestry
https://en.wikipedia.org/wiki/Oak_bark https://en.wikipedia.org/wiki/Plantation#Forestry
https://en.wikipedia.org/wiki/Oak_bark https://en.wikipedia.org/wiki/Social_forestry_in_India
https://en.wikipedia.org/wiki/Oak_bark https://en.wikipedia.org/wiki/Sustainable_forestry
https://en.wikipedia.org/wiki/Oak_bark https://en.wikipedia.org/wiki/Urban_forestry
https://en.wikipedia.org/wiki/Oak_bark https://en.wikipedia.org/wiki/Forest_management
https://en.wikipedia.org/wiki/Oak_bark https://en.wikipedia.org/wiki/Arboriculture
https://en.wikipedia.org/wiki/Oak_bark https://en.wikipedia.org/wiki/Controlled_burn
https://en.wikipedia.org/wiki/Oak_bark https://en.wikipedia.org/wiki/Dendrology
https://en.wikipedia.org/wiki/Oak_bark https://en.wikipedia.org/wiki/Ecological_thinning
https://en.wikipedia.org/wiki/Oak_bark https://en.wikipedia.org/wiki/Even_aged_timber_management
https://en.wikipedia.org/wiki/Oak_bark https://en.wikipedia.org/wiki/Fire_ecology
https://en.wikipedia.org/wiki/Oak_bark https://en.wikipedia.org/wiki/Forest
https://en.wikipedia.org/wiki/Oak_bark https://en.wikipedia.org/wiki/Forest_informatics
https://en.wikipedia.org/wiki/Oak_bark https://en.wikipedia.org/wiki/Forest_integrated_pest_management
https://en.wikipedia.org/wiki/Oak_bark https://en.wikipedia.org/wiki/Forest_governance
https://en.wikipedia.org/wiki/Oak_bark https://en.wikipedia.org/wiki/Forestry_law
https://en.wikipedia.org/wiki/Oak_bark https://en.wikipedia.org/wiki/Old-growth_forest
https://en.wikipedia.org/wiki/Oak_bark https://en.wikipedia.org/wiki/Forest_pathology
https://en.wikipedia.org/wiki/Oak_bark https://en.wikipedia.org/wiki/Forest_protection
https://en.wikipedia.org/wiki/Oak_bark https://en.wikipedia.org/wiki/Forest_restoration
https://en.wikipedia.org/wiki/Oak_bark https://en.wikipedia.org/wiki/Secondary_forest
https://en.wikipedia.org/wiki/Oak_bark https://en.wikipedia.org/wiki/Forest_transition
https://en.wikipedia.org/wiki/Oak_bark https://en.wikipedia.org/wiki/Tree_farm#American_Tree_Farm_System
https://en.wikipedia.org/wiki/Oak_bark https://en.wikipedia.org/wiki/CarbonFix_Standard
https://en.wikipedia.org/wiki/Oak_bark https://en.wikipedia.org/wiki/Forest_Stewardship_Council#FSC_standards,_certification_and_accreditation
https://en.wikipedia.org/wiki/Oak_bark https://en.wikipedia.org/wiki/Programme_for_the_Endorsement_of_Forest_Certification
https://en.wikipedia.org/wiki/Oak_bark https://en.wikipedia.org/wiki/Sustainable_Forestry_Initiative
https://en.wikipedia.org/wiki/Oak_bark https://en.wikipedia.org/wiki/Rainforest_Alliance#Sustainable_forestry_certification
https://en.wikipedia.org/wiki/Oak_bark https://en.wikipedia.org/wiki/Woodland_Carbon_Code
https://en.wikipedia.org/wiki/Oak_bark https://en.wikipedia.org/wiki/Forestation
https://en.wikipedia.org/wiki/Oak_bark https://en.wikipedia.org/wiki/Afforestation
https://en.wikipedia.org/wiki/Oak_bark https://en.wikipedia.org/wiki/Reforestation
https://en.wikipedia.org/wiki/Oak_bark https://en.wikipedia.org/wiki/Growth_and_yield_modelling
https://en.wikipedia.org/wiki/Oak_bark https://en.wikipedia.org/wiki/Horticulture
https://en.wikipedia.org/wiki/Oak_bark https://en.wikipedia.org/wiki/Genetically_modified_tree
https://en.wikipedia.org/wiki/Oak_bark https://en.wikipedia.org/wiki/I-Tree
https://en.wikipedia.org/wiki/Oak_bark https://en.wikipedia.org/wiki/Urban_reforestation
https://en.wikipedia.org/wiki/Oak_bark https://en.wikipedia.org/wiki/Silviculture
https://en.wikipedia.org/wiki/Oak_bark https://en.wikipedia.org/wiki/Sustainable_forest_management
https://en.wikipedia.org/wiki/Oak_bark https://en.wikipedia.org/wiki/Tree
https://en.wikipedia.org/wiki/Oak_bark https://en.wikipedia.org/wiki/Tree_allometry
https://en.wikipedia.org/wiki/Oak_bark https://en.wikipedia.org/wiki/Tree_breeding
https://en.wikipedia.org/wiki/Oak_bark https://en.wikipedia.org/wiki/Tree_measurement
https://en.wikipedia.org/wiki/Oak_bark https://en.wikipedia.org/wiki/Tree_crown_measurement
https://en.wikipedia.org/wiki/Oak_bark https://en.wikipedia.org/wiki/Tree_girth_measurement
https://en.wikipedia.org/wiki/Oak_bark https://en.wikipedia.org/wiki/Tree_height_measurement
https://en.wikipedia.org/wiki/Oak_bark https://en.wikipedia.org/wiki/Tree_volume_measurement
https://en.wikipedia.org/wiki/Oak_bark https://en.wikipedia.org/wiki/Acid_rain#Forests_and_other_vegetation
https://en.wikipedia.org/wiki/Oak_bark https://en.wikipedia.org/wiki/Carbon_sequestration
https://en.wikipedia.org/wiki/Oak_bark https://en.wikipedia.org/wiki/Clearcutting
https://en.wikipedia.org/wiki/Oak_bark https://en.wikipedia.org/wiki/Deforestation
https://en.wikipedia.org/wiki/Oak_bark https://en.wikipedia.org/wiki/Ecosystem_services
https://en.wikipedia.org/wiki/Oak_bark https://en.wikipedia.org/wiki/Forest_dieback
https://en.wikipedia.org/wiki/Oak_bark https://en.wikipedia.org/wiki/Forest_fragmentation
https://en.wikipedia.org/wiki/Oak_bark https://en.wikipedia.org/wiki/High_grading
https://en.wikipedia.org/wiki/Oak_bark https://en.wikipedia.org/wiki/Illegal_logging
https://en.wikipedia.org/wiki/Oak_bark https://en.wikipedia.org/wiki/Invasive_species#Forestry
https://en.wikipedia.org/wiki/Oak_bark https://en.wikipedia.org/wiki/Wilding_conifer
https://en.wikipedia.org/wiki/Oak_bark https://en.wikipedia.org/wiki/Reducing_emissions_from_deforestation_and_forest_degradation
https://en.wikipedia.org/wiki/Oak_bark https://en.wikipedia.org/wiki/Shifting_cultivation
https://en.wikipedia.org/wiki/Oak_bark https://en.wikipedia.org/wiki/Chitemene
https://en.wikipedia.org/wiki/Oak_bark https://en.wikipedia.org/wiki/Slash-and-burn
https://en.wikipedia.org/wiki/Oak_bark https://en.wikipedia.org/wiki/Slash-and-char
https://en.wikipedia.org/wiki/Oak_bark https://en.wikipedia.org/wiki/Svedjebruk
https://en.wikipedia.org/wiki/Oak_bark https://en.wikipedia.org/wiki/Timber_recycling
https://en.wikipedia.org/wiki/Oak_bark https://en.wikipedia.org/wiki/Wildfire
https://en.wikipedia.org/wiki/Oak_bark https://en.wikipedia.org/wiki/Coppicing
https://en.wikipedia.org/wiki/Oak_bark https://en.wikipedia.org/wiki/Logging
https://en.wikipedia.org/wiki/Oak_bark https://en.wikipedia.org/wiki/Manufacturing
https://en.wikipedia.org/wiki/Oak_bark https://en.wikipedia.org/wiki/Pulp_and_paper_industry
https://en.wikipedia.org/wiki/Oak_bark https://en.wikipedia.org/wiki/Sawmill
https://en.wikipedia.org/wiki/Oak_bark https://en.wikipedia.org/wiki/Forest_product
https://en.wikipedia.org/wiki/Oak_bark https://en.wikipedia.org/wiki/Forest_railway
https://en.wikipedia.org/wiki/Oak_bark https://en.wikipedia.org/wiki/Tree_farm
https://en.wikipedia.org/wiki/Oak_bark https://en.wikipedia.org/wiki/Christmas_tree_cultivation
https://en.wikipedia.org/wiki/Oak_bark https://en.wikipedia.org/wiki/Mahogany
https://en.wikipedia.org/wiki/Oak_bark https://en.wikipedia.org/wiki/Teak
https://en.wikipedia.org/wiki/Oak_bark https://en.wikipedia.org/wiki/Forester
https://en.wikipedia.org/wiki/Oak_bark https://en.wikipedia.org/wiki/Arborist
https://en.wikipedia.org/wiki/Oak_bark https://en.wikipedia.org/wiki/Log_bucking
https://en.wikipedia.org/wiki/Oak_bark https://en.wikipedia.org/wiki/Choker_setter
https://en.wikipedia.org/wiki/Oak_bark https://en.wikipedia.org/wiki/Felling
https://en.wikipedia.org/wiki/Oak_bark https://en.wikipedia.org/wiki/Wildland_firefighter
https://en.wikipedia.org/wiki/Oak_bark https://en.wikipedia.org/wiki/Handcrew
https://en.wikipedia.org/wiki/Oak_bark https://en.wikipedia.org/wiki/Interagency_hotshot_crew
https://en.wikipedia.org/wiki/Oak_bark https://en.wikipedia.org/wiki/Fire_lookout
https://en.wikipedia.org/wiki/Oak_bark https://en.wikipedia.org/wiki/Smokejumper
https://en.wikipedia.org/wiki/Oak_bark https://en.wikipedia.org/wiki/Log_driving
https://en.wikipedia.org/wiki/Oak_bark https://en.wikipedia.org/wiki/Logging_truck
https://en.wikipedia.org/wiki/Oak_bark https://en.wikipedia.org/wiki/Log_scaler
https://en.wikipedia.org/wiki/Oak_bark https://en.wikipedia.org/wiki/Lumberjack
https://en.wikipedia.org/wiki/Oak_bark https://en.wikipedia.org/wiki/Park_ranger
https://en.wikipedia.org/wiki/Oak_bark https://en.wikipedia.org/wiki/Shingle_weaver
https://en.wikipedia.org/wiki/Oak_bark https://en.wikipedia.org/wiki/Tree_planting
https://en.wikipedia.org/wiki/Oak_bark https://en.wikipedia.org/wiki/Outline_of_forestry
https://en.wikipedia.org/wiki/Oak_bark https://en.wikipedia.org/wiki/Batten
https://en.wikipedia.org/wiki/Oak_bark https://en.wikipedia.org/wiki/Beam_(structure)
https://en.wikipedia.org/wiki/Oak_bark https://en.wikipedia.org/wiki/Bressummer
https://en.wikipedia.org/wiki/Oak_bark https://en.wikipedia.org/wiki/Cruck
https://en.wikipedia.org/wiki/Oak_bark https://en.wikipedia.org/wiki/Flitch_beam
https://en.wikipedia.org/wiki/Oak_bark https://en.wikipedia.org/wiki/Wood_flooring
https://en.wikipedia.org/wiki/Oak_bark https://en.wikipedia.org/wiki/Joist
https://en.wikipedia.org/wiki/Oak_bark https://en.wikipedia.org/wiki/Lath
https://en.wikipedia.org/wiki/Oak_bark https://en.wikipedia.org/wiki/Molding_(decorative)
https://en.wikipedia.org/wiki/Oak_bark https://en.wikipedia.org/wiki/Panelling
https://en.wikipedia.org/wiki/Oak_bark https://en.wikipedia.org/wiki/Plank_(wood)
https://en.wikipedia.org/wiki/Oak_bark https://en.wikipedia.org/wiki/Wall_plate
https://en.wikipedia.org/wiki/Oak_bark https://en.wikipedia.org/wiki/Post_(structural)
https://en.wikipedia.org/wiki/Oak_bark https://en.wikipedia.org/wiki/Purlin
https://en.wikipedia.org/wiki/Oak_bark https://en.wikipedia.org/wiki/Rafter
https://en.wikipedia.org/wiki/Oak_bark https://en.wikipedia.org/wiki/Railroad_tie#Wooden
https://en.wikipedia.org/wiki/Oak_bark https://en.wikipedia.org/wiki/Reclaimed_lumber
https://en.wikipedia.org/wiki/Oak_bark https://en.wikipedia.org/wiki/Wood_shingle
https://en.wikipedia.org/wiki/Oak_bark https://en.wikipedia.org/wiki/Siding#Wood_siding
https://en.wikipedia.org/wiki/Oak_bark https://en.wikipedia.org/wiki/Sill_plate
https://en.wikipedia.org/wiki/Oak_bark https://en.wikipedia.org/wiki/Wall_stud
https://en.wikipedia.org/wiki/Oak_bark https://en.wikipedia.org/wiki/Timber_roof_truss
https://en.wikipedia.org/wiki/Oak_bark https://en.wikipedia.org/wiki/Treenail
https://en.wikipedia.org/wiki/Oak_bark https://en.wikipedia.org/wiki/Truss
https://en.wikipedia.org/wiki/Oak_bark https://en.wikipedia.org/wiki/Utility_pole
https://en.wikipedia.org/wiki/Oak_bark https://en.wikipedia.org/wiki/Cross-laminated_timber
https://en.wikipedia.org/wiki/Oak_bark https://en.wikipedia.org/wiki/Glued_laminated_timber
https://en.wikipedia.org/wiki/Oak_bark https://en.wikipedia.org/wiki/Wood_veneer
https://en.wikipedia.org/wiki/Oak_bark https://en.wikipedia.org/wiki/Laminated_veneer_lumber
https://en.wikipedia.org/wiki/Oak_bark https://en.wikipedia.org/wiki/Parallam
https://en.wikipedia.org/wiki/Oak_bark https://en.wikipedia.org/wiki/I-joist
https://en.wikipedia.org/wiki/Oak_bark https://en.wikipedia.org/wiki/Fiberboard
https://en.wikipedia.org/wiki/Oak_bark https://en.wikipedia.org/wiki/Hardboard
https://en.wikipedia.org/wiki/Oak_bark https://en.wikipedia.org/wiki/Masonite
https://en.wikipedia.org/wiki/Oak_bark https://en.wikipedia.org/wiki/Medium-density_fibreboard
https://en.wikipedia.org/wiki/Oak_bark https://en.wikipedia.org/wiki/Oriented_strand_board
https://en.wikipedia.org/wiki/Oak_bark https://en.wikipedia.org/wiki/Oriented_structural_straw_board
https://en.wikipedia.org/wiki/Oak_bark https://en.wikipedia.org/wiki/Particle_board
https://en.wikipedia.org/wiki/Oak_bark https://en.wikipedia.org/wiki/Structural_insulated_panel
https://en.wikipedia.org/wiki/Oak_bark https://en.wikipedia.org/wiki/Wood-plastic_composite
https://en.wikipedia.org/wiki/Oak_bark https://en.wikipedia.org/wiki/Composite_lumber
https://en.wikipedia.org/wiki/Oak_bark https://en.wikipedia.org/wiki/Firelog
https://en.wikipedia.org/wiki/Oak_bark https://en.wikipedia.org/wiki/Firewood
https://en.wikipedia.org/wiki/Oak_bark https://en.wikipedia.org/wiki/Pellet_fuel
https://en.wikipedia.org/wiki/Oak_bark https://en.wikipedia.org/wiki/Wood_fibre
https://en.wikipedia.org/wiki/Oak_bark https://en.wikipedia.org/wiki/Cardboard_(paper_product)
https://en.wikipedia.org/wiki/Oak_bark https://en.wikipedia.org/wiki/Corrugated_fiberboard
https://en.wikipedia.org/wiki/Oak_bark https://en.wikipedia.org/wiki/Paper
https://en.wikipedia.org/wiki/Oak_bark https://en.wikipedia.org/wiki/Paperboard
https://en.wikipedia.org/wiki/Oak_bark https://en.wikipedia.org/wiki/Pulp_(paper)
https://en.wikipedia.org/wiki/Oak_bark https://en.wikipedia.org/wiki/Pulpwood
https://en.wikipedia.org/wiki/Oak_bark https://en.wikipedia.org/wiki/Birch-tar
https://en.wikipedia.org/wiki/Oak_bark https://en.wikipedia.org/wiki/Cellulose
https://en.wikipedia.org/wiki/Oak_bark https://en.wikipedia.org/wiki/Nanocellulose
https://en.wikipedia.org/wiki/Oak_bark https://en.wikipedia.org/wiki/Hemicellulose
https://en.wikipedia.org/wiki/Oak_bark https://en.wikipedia.org/wiki/Cellulosic_ethanol
https://en.wikipedia.org/wiki/Oak_bark https://en.wikipedia.org/wiki/Dyewoods
https://en.wikipedia.org/wiki/Oak_bark https://en.wikipedia.org/wiki/Lignin
https://en.wikipedia.org/wiki/Oak_bark https://en.wikipedia.org/wiki/Liquid_smoke
https://en.wikipedia.org/wiki/Oak_bark https://en.wikipedia.org/wiki/Lye
https://en.wikipedia.org/wiki/Oak_bark https://en.wikipedia.org/wiki/Methanol
https://en.wikipedia.org/wiki/Oak_bark https://en.wikipedia.org/wiki/Pyroligneous_acid
https://en.wikipedia.org/wiki/Oak_bark https://en.wikipedia.org/wiki/Wood_gas
https://en.wikipedia.org/wiki/Oak_bark https://en.wikipedia.org/wiki/By-product
https://en.wikipedia.org/wiki/Oak_bark https://en.wikipedia.org/wiki/Black_liquor
https://en.wikipedia.org/wiki/Oak_bark https://en.wikipedia.org/wiki/Ramial_chipped_wood
https://en.wikipedia.org/wiki/Oak_bark https://en.wikipedia.org/wiki/Sawdust
https://en.wikipedia.org/wiki/Oak_bark https://en.wikipedia.org/wiki/Tall_oil
https://en.wikipedia.org/wiki/Oak_bark https://en.wikipedia.org/wiki/Wood_flour
https://en.wikipedia.org/wiki/Oak_bark https://en.wikipedia.org/wiki/Wood_wool
https://en.wikipedia.org/wiki/Oak_bark https://en.wikipedia.org/wiki/Woodchips
https://en.wikipedia.org/wiki/Oak_bark https://en.wikipedia.org/wiki/Axe_ties
https://en.wikipedia.org/wiki/Oak_bark https://en.wikipedia.org/wiki/Clapboard_(architecture)
https://en.wikipedia.org/wiki/Oak_bark https://en.wikipedia.org/wiki/Dugout_(boat)
https://en.wikipedia.org/wiki/Oak_bark https://en.wikipedia.org/wiki/Potash
https://en.wikipedia.org/wiki/Oak_bark https://en.wikipedia.org/wiki/Sawdust_brandy
https://en.wikipedia.org/wiki/Oak_bark https://en.wikipedia.org/wiki/Split-rail_fence
https://en.wikipedia.org/wiki/Oak_bark https://en.wikipedia.org/wiki/Timber_framing
https://en.wikipedia.org/wiki/Oak_bark https://en.wikipedia.org/wiki/Mast_(sailing)
https://en.wikipedia.org/wiki/Oak_bark https://en.wikipedia.org/wiki/Destructive_distillation
https://en.wikipedia.org/wiki/Oak_bark https://en.wikipedia.org/wiki/Dry_distillation
https://en.wikipedia.org/wiki/Oak_bark https://en.wikipedia.org/wiki/Engineered_bamboo
https://en.wikipedia.org/wiki/Oak_bark https://en.wikipedia.org/wiki/List_of_woods
https://en.wikipedia.org/wiki/Oak_bark https://en.wikipedia.org/wiki/Mulch
https://en.wikipedia.org/wiki/Oak_bark https://en.wikipedia.org/wiki/Papermaking
https://en.wikipedia.org/wiki/Oak_bark https://en.wikipedia.org/wiki/Wood_drying
https://en.wikipedia.org/wiki/Oak_bark https://en.wikipedia.org/wiki/Wood_preservation
https://en.wikipedia.org/wiki/Oak_bark https://en.wikipedia.org/wiki/Animal
https://en.wikipedia.org/wiki/Oak_bark https://en.wikipedia.org/wiki/Animal_product
https://en.wikipedia.org/wiki/Oak_bark https://en.wikipedia.org/wiki/Fur
https://en.wikipedia.org/wiki/Oak_bark https://en.wikipedia.org/wiki/Honey
https://en.wikipedia.org/wiki/Oak_bark https://en.wikipedia.org/wiki/Pine_honey
https://en.wikipedia.org/wiki/Oak_bark https://en.wikipedia.org/wiki/Game_(hunting)
https://en.wikipedia.org/wiki/Oak_bark https://en.wikipedia.org/wiki/Berry
https://en.wikipedia.org/wiki/Oak_bark https://en.wikipedia.org/wiki/Fruit_tree
https://en.wikipedia.org/wiki/Oak_bark https://en.wikipedia.org/wiki/Blackberry
https://en.wikipedia.org/wiki/Oak_bark https://en.wikipedia.org/wiki/Blueberry
https://en.wikipedia.org/wiki/Oak_bark https://en.wikipedia.org/wiki/Bilberry
https://en.wikipedia.org/wiki/Oak_bark https://en.wikipedia.org/wiki/Breadfruit
https://en.wikipedia.org/wiki/Oak_bark https://en.wikipedia.org/wiki/Cocoa_bean
https://en.wikipedia.org/wiki/Oak_bark https://en.wikipedia.org/wiki/Coconut
https://en.wikipedia.org/wiki/Oak_bark https://en.wikipedia.org/wiki/Durian
https://en.wikipedia.org/wiki/Oak_bark https://en.wikipedia.org/wiki/Garcinia_gummi-gutta
https://en.wikipedia.org/wiki/Oak_bark https://en.wikipedia.org/wiki/Huckleberry
https://en.wikipedia.org/wiki/Oak_bark https://en.wikipedia.org/wiki/Jackfruit
https://en.wikipedia.org/wiki/Oak_bark https://en.wikipedia.org/wiki/Juniper_berry
https://en.wikipedia.org/wiki/Oak_bark https://en.wikipedia.org/wiki/Vaccinium_vitis-idaea
https://en.wikipedia.org/wiki/Oak_bark https://en.wikipedia.org/wiki/Raspberry
https://en.wikipedia.org/wiki/Oak_bark https://en.wikipedia.org/wiki/Tamarind
https://en.wikipedia.org/wiki/Oak_bark https://en.wikipedia.org/wiki/Fragaria_vesca
https://en.wikipedia.org/wiki/Oak_bark https://en.wikipedia.org/wiki/List_of_leaf_vegetables
https://en.wikipedia.org/wiki/Oak_bark https://en.wikipedia.org/wiki/Betel
https://en.wikipedia.org/wiki/Oak_bark https://en.wikipedia.org/wiki/Fiddlehead_fern
https://en.wikipedia.org/wiki/Oak_bark https://en.wikipedia.org/wiki/Madhuca_longifolia#Mahuwa_flowers
https://en.wikipedia.org/wiki/Oak_bark https://en.wikipedia.org/wiki/Metroxylon_sagu
https://en.wikipedia.org/wiki/Oak_bark https://en.wikipedia.org/wiki/Cycas_circinalis
https://en.wikipedia.org/wiki/Oak_bark https://en.wikipedia.org/wiki/Sassafras
https://en.wikipedia.org/wiki/Oak_bark https://en.wikipedia.org/wiki/Fil%C3%A9_powder
https://en.wikipedia.org/wiki/Oak_bark https://en.wikipedia.org/wiki/Root_beer
https://en.wikipedia.org/wiki/Oak_bark https://en.wikipedia.org/wiki/Serenoa
https://en.wikipedia.org/wiki/Oak_bark https://en.wikipedia.org/wiki/Ginseng#Wild_ginseng
https://en.wikipedia.org/wiki/Oak_bark https://en.wikipedia.org/wiki/Edible_mushroom
https://en.wikipedia.org/wiki/Oak_bark https://en.wikipedia.org/wiki/Russula_vesca
https://en.wikipedia.org/wiki/Oak_bark https://en.wikipedia.org/wiki/Imleria_badia
https://en.wikipedia.org/wiki/Oak_bark https://en.wikipedia.org/wiki/Leccinum_scabrum
https://en.wikipedia.org/wiki/Oak_bark https://en.wikipedia.org/wiki/Boletus_edulis
https://en.wikipedia.org/wiki/Oak_bark https://en.wikipedia.org/wiki/Cantharellus
https://en.wikipedia.org/wiki/Oak_bark https://en.wikipedia.org/wiki/Armillaria_mellea
https://en.wikipedia.org/wiki/Oak_bark https://en.wikipedia.org/wiki/Lingzhi_mushroom
https://en.wikipedia.org/wiki/Oak_bark https://en.wikipedia.org/wiki/Matsutake
https://en.wikipedia.org/wiki/Oak_bark https://en.wikipedia.org/wiki/Agaricus_campestris
https://en.wikipedia.org/wiki/Oak_bark https://en.wikipedia.org/wiki/Morchella
https://en.wikipedia.org/wiki/Oak_bark https://en.wikipedia.org/wiki/Pleurotus_ostreatus
https://en.wikipedia.org/wiki/Oak_bark https://en.wikipedia.org/wiki/Macrolepiota_procera
https://en.wikipedia.org/wiki/Oak_bark https://en.wikipedia.org/wiki/Leccinum_aurantiacum
https://en.wikipedia.org/wiki/Oak_bark https://en.wikipedia.org/wiki/Lactarius_deliciosus
https://en.wikipedia.org/wiki/Oak_bark https://en.wikipedia.org/wiki/Suillus_luteus
https://en.wikipedia.org/wiki/Oak_bark https://en.wikipedia.org/wiki/Truffle
https://en.wikipedia.org/wiki/Oak_bark https://en.wikipedia.org/wiki/Tricholoma_equestre
https://en.wikipedia.org/wiki/Oak_bark https://en.wikipedia.org/wiki/Nut_(fruit)
https://en.wikipedia.org/wiki/Oak_bark https://en.wikipedia.org/wiki/Spice
https://en.wikipedia.org/wiki/Oak_bark https://en.wikipedia.org/wiki/Allspice
https://en.wikipedia.org/wiki/Oak_bark https://en.wikipedia.org/wiki/Areca_nut
https://en.wikipedia.org/wiki/Oak_bark https://en.wikipedia.org/wiki/Bay_leaf
https://en.wikipedia.org/wiki/Oak_bark https://en.wikipedia.org/wiki/Black_pepper
https://en.wikipedia.org/wiki/Oak_bark https://en.wikipedia.org/wiki/Brazil_nut
https://en.wikipedia.org/wiki/Oak_bark https://en.wikipedia.org/wiki/Cinnamon
https://en.wikipedia.org/wiki/Oak_bark https://en.wikipedia.org/wiki/Clove
https://en.wikipedia.org/wiki/Oak_bark https://en.wikipedia.org/wiki/Hazelnut
https://en.wikipedia.org/wiki/Oak_bark https://en.wikipedia.org/wiki/Scaphium_affine
https://en.wikipedia.org/wiki/Oak_bark https://en.wikipedia.org/wiki/Nutmeg
https://en.wikipedia.org/wiki/Oak_bark https://en.wikipedia.org/wiki/Pine_nut
https://en.wikipedia.org/wiki/Oak_bark https://en.wikipedia.org/wiki/Vanilla
https://en.wikipedia.org/wiki/Oak_bark https://en.wikipedia.org/wiki/Vegetable_oil
https://en.wikipedia.org/wiki/Oak_bark https://en.wikipedia.org/wiki/Wax
https://en.wikipedia.org/wiki/Oak_bark https://en.wikipedia.org/wiki/Carnauba_wax
https://en.wikipedia.org/wiki/Oak_bark https://en.wikipedia.org/wiki/Hydnocarpus_wightiana_seed_oil
https://en.wikipedia.org/wiki/Oak_bark https://en.wikipedia.org/wiki/Cocoa_butter
https://en.wikipedia.org/wiki/Oak_bark https://en.wikipedia.org/wiki/Eucalyptol
https://en.wikipedia.org/wiki/Oak_bark https://en.wikipedia.org/wiki/Eucalyptus_oil
https://en.wikipedia.org/wiki/Oak_bark https://en.wikipedia.org/wiki/Japan_wax
https://en.wikipedia.org/wiki/Oak_bark https://en.wikipedia.org/wiki/Kokum_oil
https://en.wikipedia.org/wiki/Oak_bark https://en.wikipedia.org/wiki/Kusum_oil
https://en.wikipedia.org/wiki/Oak_bark https://en.wikipedia.org/wiki/Madhuca_longifolia#Oil
https://en.wikipedia.org/wiki/Oak_bark https://en.wikipedia.org/wiki/Nagkesar_seed_oil
https://en.wikipedia.org/wiki/Oak_bark https://en.wikipedia.org/wiki/Palm_kernel_oil
https://en.wikipedia.org/wiki/Oak_bark https://en.wikipedia.org/wiki/Pongamia_oil
https://en.wikipedia.org/wiki/Oak_bark https://en.wikipedia.org/wiki/Phulwara_oil
https://en.wikipedia.org/wiki/Oak_bark https://en.wikipedia.org/wiki/Pilu_oil
https://en.wikipedia.org/wiki/Oak_bark https://en.wikipedia.org/wiki/Shorea_robusta_seed_oil
https://en.wikipedia.org/wiki/Oak_bark https://en.wikipedia.org/wiki/Shea_butter
https://en.wikipedia.org/wiki/Oak_bark https://en.wikipedia.org/wiki/Tea_seed_oil
https://en.wikipedia.org/wiki/Oak_bark https://en.wikipedia.org/wiki/Tea_tree_oil
https://en.wikipedia.org/wiki/Oak_bark https://en.wikipedia.org/wiki/Vateria_indica_oil
https://en.wikipedia.org/wiki/Oak_bark https://en.wikipedia.org/wiki/Resin
https://en.wikipedia.org/wiki/Oak_bark https://en.wikipedia.org/wiki/Benzoin_(resin)
https://en.wikipedia.org/wiki/Oak_bark https://en.wikipedia.org/wiki/Birch_tar
https://en.wikipedia.org/wiki/Oak_bark https://en.wikipedia.org/wiki/Camphor
https://en.wikipedia.org/wiki/Oak_bark https://en.wikipedia.org/wiki/Creosote#Wood-tar_creosote
https://en.wikipedia.org/wiki/Oak_bark https://en.wikipedia.org/wiki/Frankincense
https://en.wikipedia.org/wiki/Oak_bark https://en.wikipedia.org/wiki/Gamboge
https://en.wikipedia.org/wiki/Oak_bark https://en.wikipedia.org/wiki/Kauri_gum
https://en.wikipedia.org/wiki/Oak_bark https://en.wikipedia.org/wiki/Lacquer
https://en.wikipedia.org/wiki/Oak_bark https://en.wikipedia.org/wiki/Mastic_(plant_resin)
https://en.wikipedia.org/wiki/Oak_bark https://en.wikipedia.org/wiki/Myrrh
https://en.wikipedia.org/wiki/Oak_bark https://en.wikipedia.org/wiki/Rosin
https://en.wikipedia.org/wiki/Oak_bark https://en.wikipedia.org/wiki/Turpentine
https://en.wikipedia.org/wiki/Oak_bark https://en.wikipedia.org/wiki/Varnish
https://en.wikipedia.org/wiki/Oak_bark https://en.wikipedia.org/wiki/Sap
https://en.wikipedia.org/wiki/Oak_bark https://en.wikipedia.org/wiki/Natural_gum
https://en.wikipedia.org/wiki/Oak_bark https://en.wikipedia.org/wiki/Birch_syrup
https://en.wikipedia.org/wiki/Oak_bark https://en.wikipedia.org/wiki/Chicle
https://en.wikipedia.org/wiki/Oak_bark https://en.wikipedia.org/wiki/Chewing_gum
https://en.wikipedia.org/wiki/Oak_bark https://en.wikipedia.org/wiki/Coconut_sugar
https://en.wikipedia.org/wiki/Oak_bark https://en.wikipedia.org/wiki/Date_sugar
https://en.wikipedia.org/wiki/Oak_bark https://en.wikipedia.org/wiki/Fruit_syrup
https://en.wikipedia.org/wiki/Oak_bark https://en.wikipedia.org/wiki/Gum_arabic
https://en.wikipedia.org/wiki/Oak_bark https://en.wikipedia.org/wiki/Gutta-percha
https://en.wikipedia.org/wiki/Oak_bark https://en.wikipedia.org/wiki/Kino_(botany)
https://en.wikipedia.org/wiki/Oak_bark https://en.wikipedia.org/wiki/Latex
https://en.wikipedia.org/wiki/Oak_bark https://en.wikipedia.org/wiki/Maple_sugar
https://en.wikipedia.org/wiki/Oak_bark https://en.wikipedia.org/wiki/Maple_syrup
https://en.wikipedia.org/wiki/Oak_bark https://en.wikipedia.org/wiki/Palm_sugar
https://en.wikipedia.org/wiki/Oak_bark https://en.wikipedia.org/wiki/Palm_wine
https://en.wikipedia.org/wiki/Oak_bark https://en.wikipedia.org/wiki/Akpeteshie
https://en.wikipedia.org/wiki/Oak_bark https://en.wikipedia.org/wiki/Ogogoro
https://en.wikipedia.org/wiki/Oak_bark https://en.wikipedia.org/wiki/Spruce_gum
https://en.wikipedia.org/wiki/Oak_bark https://en.wikipedia.org/wiki/Amadou
https://en.wikipedia.org/wiki/Oak_bark https://en.wikipedia.org/wiki/Bamboo
https://en.wikipedia.org/wiki/Oak_bark https://en.wikipedia.org/wiki/Bamboo_shoot
https://en.wikipedia.org/wiki/Oak_bark https://en.wikipedia.org/wiki/Bamboo_musical_instruments
https://en.wikipedia.org/wiki/Oak_bark https://en.wikipedia.org/wiki/Bamboo_textile
https://en.wikipedia.org/wiki/Oak_bark https://en.wikipedia.org/wiki/Birch_bark
https://en.wikipedia.org/wiki/Oak_bark https://en.wikipedia.org/wiki/Birch_beer
https://en.wikipedia.org/wiki/Oak_bark https://en.wikipedia.org/wiki/Cork_(material)
https://en.wikipedia.org/wiki/Oak_bark https://en.wikipedia.org/wiki/Fern
https://en.wikipedia.org/wiki/Oak_bark https://en.wikipedia.org/wiki/Forage
https://en.wikipedia.org/wiki/Oak_bark https://en.wikipedia.org/wiki/Uncaria
https://en.wikipedia.org/wiki/Oak_bark https://en.wikipedia.org/wiki/Moss#Commercial_use
https://en.wikipedia.org/wiki/Oak_bark https://en.wikipedia.org/wiki/Natural_dye
https://en.wikipedia.org/wiki/Oak_bark https://en.wikipedia.org/wiki/Henna
https://en.wikipedia.org/wiki/Oak_bark https://en.wikipedia.org/wiki/Peat
https://en.wikipedia.org/wiki/Oak_bark https://en.wikipedia.org/wiki/Quinine
https://en.wikipedia.org/wiki/Oak_bark https://en.wikipedia.org/wiki/Rattan
https://en.wikipedia.org/wiki/Oak_bark https://en.wikipedia.org/wiki/Shellac
https://en.wikipedia.org/wiki/Oak_bark https://en.wikipedia.org/wiki/Eugeissona
https://en.wikipedia.org/wiki/Oak_bark https://en.wikipedia.org/wiki/Diospyros_melanoxylon
https://en.wikipedia.org/wiki/Oak_bark https://en.wikipedia.org/wiki/Vegetable_ivory
https://en.wikipedia.org/wiki/Oak_bark https://en.wikipedia.org/wiki/Willow#Medicine
https://en.wikipedia.org/wiki/Oak_bark https://en.wikipedia.org/wiki/Honey_hunting
https://en.wikipedia.org/wiki/Oak_bark https://en.wikipedia.org/wiki/Forest_produce_(India)
https://en.wikipedia.org/wiki/Oak_bark https://en.wikipedia.org/wiki/Mushroom_hunting
https://en.wikipedia.org/wiki/Oak_bark https://en.wikipedia.org/wiki/Naval_stores
https://en.wikipedia.org/wiki/Oak_bark https://en.wikipedia.org/wiki/Wildcrafting
