https://en.wikipedia.org/wiki/Princess_Alice,_Countess_of_Athlone https://en.wikipedia.org/wiki/Berkshire
https://en.wikipedia.org/wiki/Princess_Alice,_Countess_of_Athlone https://en.wikipedia.org/wiki/London
https://en.wikipedia.org/wiki/Princess_Alice,_Countess_of_Athlone https://en.wikipedia.org/wiki/Dynasty
https://en.wikipedia.org/wiki/Princess_Alice,_Countess_of_Athlone https://en.wikipedia.org/wiki/House_of_Windsor
https://en.wikipedia.org/wiki/Princess_Alice,_Countess_of_Athlone https://en.wikipedia.org/wiki/Lady_of_the_Royal_Order_of_Victoria_and_Albert
https://en.wikipedia.org/wiki/Princess_Alice,_Countess_of_Athlone https://en.wikipedia.org/wiki/Dame_Grand_Cross_of_the_Royal_Victorian_Order
https://en.wikipedia.org/wiki/Princess_Alice,_Countess_of_Athlone https://en.wikipedia.org/wiki/Dame_Grand_Cross_of_the_Order_of_the_British_Empire
https://en.wikipedia.org/wiki/Princess_Alice,_Countess_of_Athlone https://en.wikipedia.org/wiki/British_royal_family
https://en.wikipedia.org/wiki/Princess_Alice,_Countess_of_Athlone https://en.wikipedia.org/wiki/Royal_descent
https://en.wikipedia.org/wiki/Princess_Alice,_Countess_of_Athlone https://en.wikipedia.org/wiki/Duke_of_Albany
https://en.wikipedia.org/wiki/Princess_Alice,_Countess_of_Athlone https://en.wikipedia.org/wiki/Saxe-Coburg_and_Gotha
https://en.wikipedia.org/wiki/Princess_Alice,_Countess_of_Athlone https://en.wikipedia.org/wiki/Sovereignty
https://en.wikipedia.org/wiki/Princess_Alice,_Countess_of_Athlone https://en.wikipedia.org/wiki/Princess
https://en.wikipedia.org/wiki/Princess_Alice,_Countess_of_Athlone https://en.wikipedia.org/wiki/Royal_Highness
https://en.wikipedia.org/wiki/Princess_Alice,_Countess_of_Athlone https://en.wikipedia.org/wiki/Baptism
https://en.wikipedia.org/wiki/Princess_Alice,_Countess_of_Athlone https://en.wikipedia.org/wiki/Queen_Victoria_of_the_United_Kingdom
https://en.wikipedia.org/wiki/Princess_Alice,_Countess_of_Athlone https://en.wikipedia.org/wiki/Augusta_of_Saxe-Weimar-Eisenach
https://en.wikipedia.org/wiki/Princess_Alice,_Countess_of_Athlone https://en.wikipedia.org/wiki/William_III_of_the_Netherlands
https://en.wikipedia.org/wiki/Princess_Alice,_Countess_of_Athlone https://en.wikipedia.org/wiki/Louis_IV,_Grand_Duke_of_Hesse
https://en.wikipedia.org/wiki/Princess_Alice,_Countess_of_Athlone https://en.wikipedia.org/wiki/Alfred,_Duke_of_Saxe-Coburg_and_Gotha
https://en.wikipedia.org/wiki/Princess_Alice,_Countess_of_Athlone https://en.wikipedia.org/wiki/Alexandra_of_Denmark
https://en.wikipedia.org/wiki/Princess_Alice,_Countess_of_Athlone https://en.wikipedia.org/wiki/William_II_of_W%C3%BCrttemberg
https://en.wikipedia.org/wiki/Princess_Alice,_Countess_of_Athlone https://en.wikipedia.org/wiki/Francis,_Duke_of_Teck
https://en.wikipedia.org/wiki/Princess_Alice,_Countess_of_Athlone https://en.wikipedia.org/wiki/Princess_Pauline_of_Waldeck_and_Pyrmont
https://en.wikipedia.org/wiki/Princess_Alice,_Countess_of_Athlone https://en.wikipedia.org/wiki/Princess_Augusta_of_Hesse-Kassel
https://en.wikipedia.org/wiki/Princess_Alice,_Countess_of_Athlone https://en.wikipedia.org/wiki/Royal_Memorial_Church_of_St_George
https://en.wikipedia.org/wiki/Princess_Alice,_Countess_of_Athlone https://en.wikipedia.org/wiki/Cannes
https://en.wikipedia.org/wiki/Princess_Alice,_Countess_of_Athlone https://en.wikipedia.org/wiki/Haemophilia_in_European_royalty
https://en.wikipedia.org/wiki/Princess_Alice,_Countess_of_Athlone https://en.wikipedia.org/wiki/St_George%27s_Chapel,_Windsor
https://en.wikipedia.org/wiki/Princess_Alice,_Countess_of_Athlone https://en.wikipedia.org/wiki/Cousin
https://en.wikipedia.org/wiki/Princess_Alice,_Countess_of_Athlone https://en.wikipedia.org/wiki/Mary_of_Teck
https://en.wikipedia.org/wiki/Princess_Alice,_Countess_of_Athlone https://en.wikipedia.org/wiki/Henry_Abel_Smith
https://en.wikipedia.org/wiki/Princess_Alice,_Countess_of_Athlone https://en.wikipedia.org/wiki/Grace_and_favour
https://en.wikipedia.org/wiki/Princess_Alice,_Countess_of_Athlone https://en.wikipedia.org/wiki/Brantridge_Park
https://en.wikipedia.org/wiki/Princess_Alice,_Countess_of_Athlone https://en.wikipedia.org/wiki/West_Sussex
https://en.wikipedia.org/wiki/Princess_Alice,_Countess_of_Athlone https://en.wikipedia.org/wiki/Beatrix_of_the_Netherlands
https://en.wikipedia.org/wiki/Princess_Alice,_Countess_of_Athlone https://en.wikipedia.org/wiki/Earl_of_Athlone
https://en.wikipedia.org/wiki/Princess_Alice,_Countess_of_Athlone https://en.wikipedia.org/wiki/W%C3%BCrttemberg
https://en.wikipedia.org/wiki/Princess_Alice,_Countess_of_Athlone https://en.wikipedia.org/wiki/Philip_de_L%C3%A1szl%C3%B3
https://en.wikipedia.org/wiki/Princess_Alice,_Countess_of_Athlone https://en.wikipedia.org/wiki/Muizenberg
https://en.wikipedia.org/wiki/Princess_Alice,_Countess_of_Athlone https://en.wikipedia.org/wiki/Athlone,_Cape_Town
https://en.wikipedia.org/wiki/Princess_Alice,_Countess_of_Athlone https://en.wikipedia.org/wiki/South_African_Class_GL_4-8-2%2B2-8-4
https://en.wikipedia.org/wiki/Princess_Alice,_Countess_of_Athlone https://en.wikipedia.org/wiki/Outeniqua_Transport_Museum
https://en.wikipedia.org/wiki/Princess_Alice,_Countess_of_Athlone https://en.wikipedia.org/wiki/John_Buchan
https://en.wikipedia.org/wiki/Princess_Alice,_Countess_of_Athlone https://en.wikipedia.org/wiki/Sir_Isaac_Isaacs
https://en.wikipedia.org/wiki/Princess_Alice,_Countess_of_Athlone https://en.wikipedia.org/wiki/Royal_tours_of_Canada#1939_royal_tour
https://en.wikipedia.org/wiki/Princess_Alice,_Countess_of_Athlone https://en.wikipedia.org/wiki/Governor_General_of_Canada
https://en.wikipedia.org/wiki/Princess_Alice,_Countess_of_Athlone https://en.wikipedia.org/wiki/Ottawa
https://en.wikipedia.org/wiki/Princess_Alice,_Countess_of_Athlone https://en.wikipedia.org/wiki/Adolf_Hitler
https://en.wikipedia.org/wiki/Princess_Alice,_Countess_of_Athlone https://en.wikipedia.org/wiki/Nazi_Party
https://en.wikipedia.org/wiki/Princess_Alice,_Countess_of_Athlone https://en.wikipedia.org/wiki/Britannia,_Ottawa
https://en.wikipedia.org/wiki/Princess_Alice,_Countess_of_Athlone https://en.wikipedia.org/wiki/Britannia_Yacht_Club
https://en.wikipedia.org/wiki/Princess_Alice,_Countess_of_Athlone https://en.wikipedia.org/wiki/Olav_V_of_Norway
https://en.wikipedia.org/wiki/Princess_Alice,_Countess_of_Athlone https://en.wikipedia.org/wiki/M%C3%A4rtha_of_Sweden
https://en.wikipedia.org/wiki/Princess_Alice,_Countess_of_Athlone https://en.wikipedia.org/wiki/Norway
https://en.wikipedia.org/wiki/Princess_Alice,_Countess_of_Athlone https://en.wikipedia.org/wiki/Charlotte,_Grand_Duchess_of_Luxembourg
https://en.wikipedia.org/wiki/Princess_Alice,_Countess_of_Athlone https://en.wikipedia.org/wiki/Prince_Felix_of_Bourbon-Parma
https://en.wikipedia.org/wiki/Princess_Alice,_Countess_of_Athlone https://en.wikipedia.org/wiki/Luxembourg
https://en.wikipedia.org/wiki/Princess_Alice,_Countess_of_Athlone https://en.wikipedia.org/wiki/Peter_II_of_Yugoslavia
https://en.wikipedia.org/wiki/Princess_Alice,_Countess_of_Athlone https://en.wikipedia.org/wiki/Yugoslavia
https://en.wikipedia.org/wiki/Princess_Alice,_Countess_of_Athlone https://en.wikipedia.org/wiki/George_II_of_Greece
https://en.wikipedia.org/wiki/Princess_Alice,_Countess_of_Athlone https://en.wikipedia.org/wiki/Greece
https://en.wikipedia.org/wiki/Princess_Alice,_Countess_of_Athlone https://en.wikipedia.org/wiki/Zita_of_Bourbon-Parma
https://en.wikipedia.org/wiki/Princess_Alice,_Countess_of_Athlone https://en.wikipedia.org/wiki/Austria
https://en.wikipedia.org/wiki/Princess_Alice,_Countess_of_Athlone https://en.wikipedia.org/wiki/Cabinet_of_the_United_Kingdom
https://en.wikipedia.org/wiki/Princess_Alice,_Countess_of_Athlone https://en.wikipedia.org/wiki/Quebec_City
https://en.wikipedia.org/wiki/Princess_Alice,_Countess_of_Athlone https://en.wikipedia.org/wiki/President_of_the_United_States
https://en.wikipedia.org/wiki/Princess_Alice,_Countess_of_Athlone https://en.wikipedia.org/wiki/Franklin_D._Roosevelt
https://en.wikipedia.org/wiki/Princess_Alice,_Countess_of_Athlone https://en.wikipedia.org/wiki/Quebec_Conference,_1943
https://en.wikipedia.org/wiki/Princess_Alice,_Countess_of_Athlone https://en.wikipedia.org/wiki/Citadelle_of_Quebec
https://en.wikipedia.org/wiki/Princess_Alice,_Countess_of_Athlone https://en.wikipedia.org/wiki/Second_Quebec_Conference
https://en.wikipedia.org/wiki/Princess_Alice,_Countess_of_Athlone https://en.wikipedia.org/wiki/Ch%C3%A2teau_Frontenac
https://en.wikipedia.org/wiki/Princess_Alice,_Countess_of_Athlone https://en.wikipedia.org/wiki/Franklin_Delano_Roosevelt
https://en.wikipedia.org/wiki/Princess_Alice,_Countess_of_Athlone https://en.wikipedia.org/wiki/Japan
https://en.wikipedia.org/wiki/Princess_Alice,_Countess_of_Athlone https://en.wikipedia.org/wiki/Parliament_Hill
https://en.wikipedia.org/wiki/Princess_Alice,_Countess_of_Athlone https://en.wikipedia.org/wiki/Gatineau_Park
https://en.wikipedia.org/wiki/Princess_Alice,_Countess_of_Athlone https://en.wikipedia.org/wiki/Engineering_Institute_of_Canada
https://en.wikipedia.org/wiki/Princess_Alice,_Countess_of_Athlone https://en.wikipedia.org/wiki/World_War_II
https://en.wikipedia.org/wiki/Princess_Alice,_Countess_of_Athlone https://en.wikipedia.org/wiki/American_Military_Government_in_Bavaria
https://en.wikipedia.org/wiki/Princess_Alice,_Countess_of_Athlone https://en.wikipedia.org/wiki/George_S._Patton
https://en.wikipedia.org/wiki/Princess_Alice,_Countess_of_Athlone https://en.wikipedia.org/wiki/Reichstag_(Weimar_Republic)
https://en.wikipedia.org/wiki/Princess_Alice,_Countess_of_Athlone https://en.wikipedia.org/wiki/Nazi
https://en.wikipedia.org/wiki/Princess_Alice,_Countess_of_Athlone https://en.wikipedia.org/wiki/Germany
https://en.wikipedia.org/wiki/Princess_Alice,_Countess_of_Athlone https://en.wikipedia.org/wiki/Denazification
https://en.wikipedia.org/wiki/Princess_Alice,_Countess_of_Athlone https://en.wikipedia.org/wiki/Kenneth_Blackburne
https://en.wikipedia.org/wiki/Princess_Alice,_Countess_of_Athlone https://en.wikipedia.org/wiki/Royal_Holloway_College
https://en.wikipedia.org/wiki/Princess_Alice,_Countess_of_Athlone https://en.wikipedia.org/wiki/University_of_London
https://en.wikipedia.org/wiki/Princess_Alice,_Countess_of_Athlone https://en.wikipedia.org/wiki/Prince_Bernhard_of_Lippe-Biesterfeld
https://en.wikipedia.org/wiki/Princess_Alice,_Countess_of_Athlone https://en.wikipedia.org/wiki/Bahrain
https://en.wikipedia.org/wiki/Princess_Alice,_Countess_of_Athlone https://en.wikipedia.org/wiki/Saudi_Arabia
https://en.wikipedia.org/wiki/Princess_Alice,_Countess_of_Athlone https://en.wikipedia.org/wiki/King_Abdulaziz
https://en.wikipedia.org/wiki/Princess_Alice,_Countess_of_Athlone https://en.wikipedia.org/wiki/Lord_Frederick_Cambridge
https://en.wikipedia.org/wiki/Princess_Alice,_Countess_of_Athlone https://en.wikipedia.org/wiki/Riyadh
https://en.wikipedia.org/wiki/Princess_Alice,_Countess_of_Athlone https://en.wikipedia.org/wiki/Hofuf
https://en.wikipedia.org/wiki/Princess_Alice,_Countess_of_Athlone https://en.wikipedia.org/wiki/Dammam
https://en.wikipedia.org/wiki/Princess_Alice,_Countess_of_Athlone https://en.wikipedia.org/wiki/Nuora_bint_Abdul_Rahman_Al_Saud
https://en.wikipedia.org/wiki/Princess_Alice,_Countess_of_Athlone https://en.wikipedia.org/wiki/Saudi_royal_family
https://en.wikipedia.org/wiki/Princess_Alice,_Countess_of_Athlone https://en.wikipedia.org/wiki/St_George%27s_Chapel_at_Windsor_Castle
https://en.wikipedia.org/wiki/Princess_Alice,_Countess_of_Athlone https://en.wikipedia.org/wiki/Edward_VIII
https://en.wikipedia.org/wiki/Princess_Alice,_Countess_of_Athlone https://en.wikipedia.org/wiki/Royal_Victorian_Order
https://en.wikipedia.org/wiki/Princess_Alice,_Countess_of_Athlone https://en.wikipedia.org/wiki/Order_of_the_British_Empire
https://en.wikipedia.org/wiki/Princess_Alice,_Countess_of_Athlone https://en.wikipedia.org/wiki/Royal_Order_of_Victoria_and_Albert
https://en.wikipedia.org/wiki/Princess_Alice,_Countess_of_Athlone https://en.wikipedia.org/wiki/Royal_Family_Order_of_King_Edward_VII
https://en.wikipedia.org/wiki/Princess_Alice,_Countess_of_Athlone https://en.wikipedia.org/wiki/Royal_Family_Order_of_King_George_V
https://en.wikipedia.org/wiki/Princess_Alice,_Countess_of_Athlone https://en.wikipedia.org/wiki/Royal_Family_Order_of_King_George_VI
https://en.wikipedia.org/wiki/Princess_Alice,_Countess_of_Athlone https://en.wikipedia.org/wiki/Royal_Family_Order_of_Queen_Elizabeth_II
https://en.wikipedia.org/wiki/Princess_Alice,_Countess_of_Athlone https://en.wikipedia.org/wiki/Order_of_Christ_(Portugal)
https://en.wikipedia.org/wiki/Princess_Alice,_Countess_of_Athlone https://en.wikipedia.org/wiki/Royal_Coat_of_Arms_of_the_United_Kingdom
https://en.wikipedia.org/wiki/Princess_Alice,_Countess_of_Athlone https://en.wikipedia.org/wiki/Coat_of_arms
https://en.wikipedia.org/wiki/Princess_Alice,_Countess_of_Athlone https://en.wikipedia.org/wiki/Ernest_I,_Duke_of_Saxe-Coburg_and_Gotha
https://en.wikipedia.org/wiki/Princess_Alice,_Countess_of_Athlone https://en.wikipedia.org/wiki/Princess_Louise_of_Saxe-Gotha-Altenburg_(1800%E2%80%931831)
https://en.wikipedia.org/wiki/Princess_Alice,_Countess_of_Athlone https://en.wikipedia.org/wiki/Prince_Edward,_Duke_of_Kent_and_Strathearn
https://en.wikipedia.org/wiki/Princess_Alice,_Countess_of_Athlone https://en.wikipedia.org/wiki/Princess_Victoria_of_Saxe-Coburg-Saalfeld
https://en.wikipedia.org/wiki/Princess_Alice,_Countess_of_Athlone https://en.wikipedia.org/wiki/George_II,_Prince_of_Waldeck_and_Pyrmont
https://en.wikipedia.org/wiki/Princess_Alice,_Countess_of_Athlone https://en.wikipedia.org/wiki/George_Victor,_Prince_of_Waldeck_and_Pyrmont
https://en.wikipedia.org/wiki/Princess_Alice,_Countess_of_Athlone https://en.wikipedia.org/wiki/Princess_Emma_of_Anhalt-Bernburg-Schaumburg-Hoym
https://en.wikipedia.org/wiki/Princess_Alice,_Countess_of_Athlone https://en.wikipedia.org/wiki/William,_Duke_of_Nassau
https://en.wikipedia.org/wiki/Princess_Alice,_Countess_of_Athlone https://en.wikipedia.org/wiki/Princess_Pauline_of_W%C3%BCrttemberg_(1810%E2%80%931856)
https://en.wikipedia.org/wiki/Princess_Alice,_Countess_of_Athlone https://en.wikipedia.org/wiki/The_Times
https://en.wikipedia.org/wiki/Princess_Alice,_Countess_of_Athlone https://en.wikipedia.org/wiki/Titles_Deprivation_Act
https://en.wikipedia.org/wiki/Princess_Alice,_Countess_of_Athlone https://en.wikipedia.org/wiki/Privy_Council_of_the_United_Kingdom
https://en.wikipedia.org/wiki/Princess_Alice,_Countess_of_Athlone https://en.wikipedia.org/wiki/Channel_4
https://en.wikipedia.org/wiki/Princess_Alice,_Countess_of_Athlone https://en.wikipedia.org/wiki/Daily_Mail
https://en.wikipedia.org/wiki/Princess_Alice,_Countess_of_Athlone https://en.wikipedia.org/wiki/House_of_Wettin
https://en.wikipedia.org/wiki/Princess_Alice,_Countess_of_Athlone https://en.wikipedia.org/wiki/Susan_Buchan,_Baroness_Tweedsmuir
https://en.wikipedia.org/wiki/Princess_Alice,_Countess_of_Athlone https://en.wikipedia.org/wiki/Margaret_Alexander,_Countess_Alexander_of_Tunis
https://en.wikipedia.org/wiki/Princess_Alice,_Countess_of_Athlone https://en.wikipedia.org/wiki/Hugh_Wooding
https://en.wikipedia.org/wiki/Princess_Alice,_Countess_of_Athlone https://en.wikipedia.org/wiki/George_I_of_Great_Britain
https://en.wikipedia.org/wiki/Princess_Alice,_Countess_of_Athlone https://en.wikipedia.org/wiki/Sophia_Dorothea_of_Hanover
https://en.wikipedia.org/wiki/Princess_Alice,_Countess_of_Athlone https://en.wikipedia.org/wiki/Anne,_Princess_Royal_and_Princess_of_Orange
https://en.wikipedia.org/wiki/Princess_Alice,_Countess_of_Athlone https://en.wikipedia.org/wiki/Princess_Amelia_of_Great_Britain
https://en.wikipedia.org/wiki/Princess_Alice,_Countess_of_Athlone https://en.wikipedia.org/wiki/Princess_Caroline_of_Great_Britain
https://en.wikipedia.org/wiki/Princess_Alice,_Countess_of_Athlone https://en.wikipedia.org/wiki/Princess_Mary_of_Great_Britain
https://en.wikipedia.org/wiki/Princess_Alice,_Countess_of_Athlone https://en.wikipedia.org/wiki/Louise_of_Great_Britain
https://en.wikipedia.org/wiki/Princess_Alice,_Countess_of_Athlone https://en.wikipedia.org/wiki/Princess_Augusta_of_Great_Britain
https://en.wikipedia.org/wiki/Princess_Alice,_Countess_of_Athlone https://en.wikipedia.org/wiki/Princess_Elizabeth_of_Great_Britain
https://en.wikipedia.org/wiki/Princess_Alice,_Countess_of_Athlone https://en.wikipedia.org/wiki/Princess_Louisa_of_Great_Britain
https://en.wikipedia.org/wiki/Princess_Alice,_Countess_of_Athlone https://en.wikipedia.org/wiki/Caroline_Matilda_of_Great_Britain
https://en.wikipedia.org/wiki/Princess_Alice,_Countess_of_Athlone https://en.wikipedia.org/wiki/Charlotte,_Princess_Royal
https://en.wikipedia.org/wiki/Princess_Alice,_Countess_of_Athlone https://en.wikipedia.org/wiki/Princess_Augusta_Sophia_of_the_United_Kingdom
https://en.wikipedia.org/wiki/Princess_Alice,_Countess_of_Athlone https://en.wikipedia.org/wiki/Princess_Elizabeth_of_the_United_Kingdom
https://en.wikipedia.org/wiki/Princess_Alice,_Countess_of_Athlone https://en.wikipedia.org/wiki/Princess_Mary,_Duchess_of_Gloucester_and_Edinburgh
https://en.wikipedia.org/wiki/Princess_Alice,_Countess_of_Athlone https://en.wikipedia.org/wiki/Princess_Sophia_of_the_United_Kingdom
https://en.wikipedia.org/wiki/Princess_Alice,_Countess_of_Athlone https://en.wikipedia.org/wiki/Princess_Amelia_of_the_United_Kingdom
https://en.wikipedia.org/wiki/Princess_Alice,_Countess_of_Athlone https://en.wikipedia.org/wiki/Princess_Sophia_of_Gloucester
https://en.wikipedia.org/wiki/Princess_Alice,_Countess_of_Athlone https://en.wikipedia.org/wiki/Princess_Caroline_of_Gloucester
https://en.wikipedia.org/wiki/Princess_Alice,_Countess_of_Athlone https://en.wikipedia.org/wiki/Princess_Charlotte_of_Wales
https://en.wikipedia.org/wiki/Princess_Alice,_Countess_of_Athlone https://en.wikipedia.org/wiki/Princess_Elizabeth_of_Clarence
https://en.wikipedia.org/wiki/Princess_Alice,_Countess_of_Athlone https://en.wikipedia.org/wiki/Princess_Augusta_of_Cambridge
https://en.wikipedia.org/wiki/Princess_Alice,_Countess_of_Athlone https://en.wikipedia.org/wiki/Princess_Frederica_of_Hanover
https://en.wikipedia.org/wiki/Princess_Alice,_Countess_of_Athlone https://en.wikipedia.org/wiki/Princess_Marie_of_Hanover
https://en.wikipedia.org/wiki/Princess_Alice,_Countess_of_Athlone https://en.wikipedia.org/wiki/Princess_Marie_Louise_of_Hanover
https://en.wikipedia.org/wiki/Princess_Alice,_Countess_of_Athlone https://en.wikipedia.org/wiki/Princess_Alexandra_of_Hanover_(1882%E2%80%931963)
https://en.wikipedia.org/wiki/Princess_Alice,_Countess_of_Athlone https://en.wikipedia.org/wiki/Princess_Olga_of_Hanover
https://en.wikipedia.org/wiki/Princess_Alice,_Countess_of_Athlone https://en.wikipedia.org/wiki/Princess_Alexandra,_2nd_Duchess_of_Fife
https://en.wikipedia.org/wiki/Princess_Alice,_Countess_of_Athlone https://en.wikipedia.org/wiki/Princess_Maud,_Countess_of_Southesk
https://en.wikipedia.org/wiki/Princess_Alice,_Countess_of_Athlone https://en.wikipedia.org/wiki/Frederica_of_Hanover
https://en.wikipedia.org/wiki/Princess_Alice,_Countess_of_Athlone https://en.wikipedia.org/wiki/Princess_Margaret,_Countess_of_Snowdon
https://en.wikipedia.org/wiki/Princess_Alice,_Countess_of_Athlone https://en.wikipedia.org/wiki/Princess_Alexandra,_The_Honourable_Lady_Ogilvy
https://en.wikipedia.org/wiki/Princess_Alice,_Countess_of_Athlone https://en.wikipedia.org/wiki/Anne,_Princess_Royal
https://en.wikipedia.org/wiki/Princess_Alice,_Countess_of_Athlone https://en.wikipedia.org/wiki/Princess_Beatrice_of_York
https://en.wikipedia.org/wiki/Princess_Alice,_Countess_of_Athlone https://en.wikipedia.org/wiki/Princess_Eugenie_of_York
https://en.wikipedia.org/wiki/Princess_Alice,_Countess_of_Athlone https://en.wikipedia.org/wiki/Lady_Louise_Windsor
https://en.wikipedia.org/wiki/Princess_Alice,_Countess_of_Athlone https://en.wikipedia.org/wiki/Princess_Charlotte_of_Cambridge
https://en.wikipedia.org/wiki/Princess_Alice,_Countess_of_Athlone https://en.wikipedia.org/wiki/Lady_Louise_Windsor#Titles_and_styles
https://en.wikipedia.org/wiki/Princess_Alice,_Countess_of_Athlone https://en.wikipedia.org/wiki/House_of_Saxe-Coburg-Gotha
https://en.wikipedia.org/wiki/Princess_Alice,_Countess_of_Athlone https://en.wikipedia.org/wiki/Princess_Victoria_of_Saxe-Coburg_and_Gotha
https://en.wikipedia.org/wiki/Princess_Alice,_Countess_of_Athlone https://en.wikipedia.org/wiki/Carlota_of_Mexico
https://en.wikipedia.org/wiki/Princess_Alice,_Countess_of_Athlone https://en.wikipedia.org/wiki/Princess_Clotilde_of_Saxe-Coburg_and_Gotha
https://en.wikipedia.org/wiki/Princess_Alice,_Countess_of_Athlone https://en.wikipedia.org/wiki/Princess_Amalie_of_Saxe-Coburg_and_Gotha
https://en.wikipedia.org/wiki/Princess_Alice,_Countess_of_Athlone https://en.wikipedia.org/wiki/Princess_Louise_of_Belgium
https://en.wikipedia.org/wiki/Princess_Alice,_Countess_of_Athlone https://en.wikipedia.org/wiki/Princess_St%C3%A9phanie_of_Belgium
https://en.wikipedia.org/wiki/Princess_Alice,_Countess_of_Athlone https://en.wikipedia.org/wiki/Princess_Cl%C3%A9mentine_of_Belgium
https://en.wikipedia.org/wiki/Princess_Alice,_Countess_of_Athlone https://en.wikipedia.org/wiki/Princess_Henriette_of_Belgium
https://en.wikipedia.org/wiki/Princess_Alice,_Countess_of_Athlone https://en.wikipedia.org/wiki/Princess_Josephine_Marie_of_Belgium
https://en.wikipedia.org/wiki/Princess_Alice,_Countess_of_Athlone https://en.wikipedia.org/wiki/Princess_Jos%C3%A9phine_Caroline_of_Belgium
https://en.wikipedia.org/wiki/Princess_Alice,_Countess_of_Athlone https://en.wikipedia.org/wiki/Princess_Dorothea_of_Saxe-Coburg_and_Gotha
https://en.wikipedia.org/wiki/Princess_Alice,_Countess_of_Athlone https://en.wikipedia.org/wiki/Marie-Jos%C3%A9_of_Belgium
https://en.wikipedia.org/wiki/Princess_Alice,_Countess_of_Athlone https://en.wikipedia.org/wiki/Princess_Teresa_Cristina_of_Saxe-Coburg_and_Gotha
https://en.wikipedia.org/wiki/Princess_Alice,_Countess_of_Athlone https://en.wikipedia.org/wiki/Biblioth%C3%A8que_nationale_de_France
https://en.wikipedia.org/wiki/Princess_Alice,_Countess_of_Athlone https://en.wikipedia.org/wiki/Integrated_Authority_File
https://en.wikipedia.org/wiki/Princess_Alice,_Countess_of_Athlone https://en.wikipedia.org/wiki/International_Standard_Name_Identifier
https://en.wikipedia.org/wiki/Princess_Alice,_Countess_of_Athlone https://en.wikipedia.org/wiki/SNAC
https://en.wikipedia.org/wiki/Princess_Alice,_Countess_of_Athlone https://en.wikipedia.org/wiki/Virtual_International_Authority_File
https://en.wikipedia.org/wiki/Princess_Alice,_Countess_of_Athlone https://en.wikipedia.org/wiki/WorldCat_Identities
