https://en.wikipedia.org/wiki/Red_Hill,_Victoria https://en.wikipedia.org/wiki/Postcodes_in_Australia
https://en.wikipedia.org/wiki/Red_Hill,_Victoria https://en.wikipedia.org/wiki/Local_government_in_Victoria
https://en.wikipedia.org/wiki/Red_Hill,_Victoria https://en.wikipedia.org/wiki/Electorates_of_the_Australian_states_and_territories
https://en.wikipedia.org/wiki/Red_Hill,_Victoria https://en.wikipedia.org/wiki/Electoral_district_of_Nepean
https://en.wikipedia.org/wiki/Red_Hill,_Victoria https://en.wikipedia.org/wiki/Divisions_of_the_Australian_House_of_Representatives
https://en.wikipedia.org/wiki/Red_Hill,_Victoria https://en.wikipedia.org/wiki/Division_of_Flinders
https://en.wikipedia.org/wiki/Red_Hill,_Victoria https://en.wikipedia.org/wiki/Australia
https://en.wikipedia.org/wiki/Red_Hill,_Victoria https://en.wikipedia.org/wiki/Red_Hill_railway_line
https://en.wikipedia.org/wiki/Red_Hill,_Victoria https://en.wikipedia.org/wiki/Australian_Rules
https://en.wikipedia.org/wiki/Red_Hill,_Victoria https://en.wikipedia.org/wiki/Mornington_Peninsula_Nepean_Football_League
https://en.wikipedia.org/wiki/Red_Hill,_Victoria https://en.wikipedia.org/wiki/P%C3%A9tanque
https://en.wikipedia.org/wiki/Red_Hill,_Victoria https://en.wikipedia.org/wiki/Herbert_Robinson_(Western_Australian_politician)
https://en.wikipedia.org/wiki/Red_Hill,_Victoria https://en.wikipedia.org/wiki/Albany,_Western_Australia
https://en.wikipedia.org/wiki/Red_Hill,_Victoria https://en.wikipedia.org/wiki/Parliament_of_Western_Australia
https://en.wikipedia.org/wiki/Red_Hill,_Victoria https://en.wikipedia.org/wiki/Brooke_Satchwell
https://en.wikipedia.org/wiki/Red_Hill,_Victoria https://en.wikipedia.org/wiki/Arthurs_Seat,_Victoria
https://en.wikipedia.org/wiki/Red_Hill,_Victoria https://en.wikipedia.org/wiki/Balnarring,_Victoria
https://en.wikipedia.org/wiki/Red_Hill,_Victoria https://en.wikipedia.org/wiki/Balnarring_Beach,_Victoria
https://en.wikipedia.org/wiki/Red_Hill,_Victoria https://en.wikipedia.org/wiki/Baxter,_Victoria
https://en.wikipedia.org/wiki/Red_Hill,_Victoria https://en.wikipedia.org/wiki/Bittern,_Victoria
https://en.wikipedia.org/wiki/Red_Hill,_Victoria https://en.wikipedia.org/wiki/Blairgowrie,_Victoria
https://en.wikipedia.org/wiki/Red_Hill,_Victoria https://en.wikipedia.org/wiki/Boneo,_Victoria
https://en.wikipedia.org/wiki/Red_Hill,_Victoria https://en.wikipedia.org/wiki/Cape_Schanck,_Victoria
https://en.wikipedia.org/wiki/Red_Hill,_Victoria https://en.wikipedia.org/wiki/Capel_Sound,_Victoria
https://en.wikipedia.org/wiki/Red_Hill,_Victoria https://en.wikipedia.org/wiki/Crib_Point,_Victoria
https://en.wikipedia.org/wiki/Red_Hill,_Victoria https://en.wikipedia.org/wiki/Dromana,_Victoria
https://en.wikipedia.org/wiki/Red_Hill,_Victoria https://en.wikipedia.org/wiki/Fingal,_Victoria
https://en.wikipedia.org/wiki/Red_Hill,_Victoria https://en.wikipedia.org/wiki/Hastings,_Victoria
https://en.wikipedia.org/wiki/Red_Hill,_Victoria https://en.wikipedia.org/wiki/HMAS_Cerberus_(naval_base)
https://en.wikipedia.org/wiki/Red_Hill,_Victoria https://en.wikipedia.org/wiki/McCrae,_Victoria
https://en.wikipedia.org/wiki/Red_Hill,_Victoria https://en.wikipedia.org/wiki/Merricks,_Victoria
https://en.wikipedia.org/wiki/Red_Hill,_Victoria https://en.wikipedia.org/wiki/Merricks_Beach,_Victoria
https://en.wikipedia.org/wiki/Red_Hill,_Victoria https://en.wikipedia.org/wiki/Moorooduc,_Victoria
https://en.wikipedia.org/wiki/Red_Hill,_Victoria https://en.wikipedia.org/wiki/Mornington,_Victoria
https://en.wikipedia.org/wiki/Red_Hill,_Victoria https://en.wikipedia.org/wiki/Mount_Eliza,_Victoria
https://en.wikipedia.org/wiki/Red_Hill,_Victoria https://en.wikipedia.org/wiki/Pearcedale,_Victoria
https://en.wikipedia.org/wiki/Red_Hill,_Victoria https://en.wikipedia.org/wiki/Portsea,_Victoria
https://en.wikipedia.org/wiki/Red_Hill,_Victoria https://en.wikipedia.org/wiki/Rye,_Victoria
https://en.wikipedia.org/wiki/Red_Hill,_Victoria https://en.wikipedia.org/wiki/Somers,_Victoria
https://en.wikipedia.org/wiki/Red_Hill,_Victoria https://en.wikipedia.org/wiki/Somerville,_Victoria
https://en.wikipedia.org/wiki/Red_Hill,_Victoria https://en.wikipedia.org/wiki/Sorrento,_Victoria
https://en.wikipedia.org/wiki/Red_Hill,_Victoria https://en.wikipedia.org/wiki/St_Andrews_Beach,_Victoria
https://en.wikipedia.org/wiki/Red_Hill,_Victoria https://en.wikipedia.org/wiki/Tootgarook,_Victoria
https://en.wikipedia.org/wiki/Red_Hill,_Victoria https://en.wikipedia.org/wiki/Tuerong,_Victoria
https://en.wikipedia.org/wiki/Red_Hill,_Victoria https://en.wikipedia.org/wiki/Tyabb,_Victoria
