https://en.wikipedia.org/wiki/Sint_Maarten https://en.wikipedia.org/wiki/Sint_Maarten,_North_Holland
https://en.wikipedia.org/wiki/Sint_Maarten https://en.wikipedia.org/wiki/Flag_of_Sint_Maarten
https://en.wikipedia.org/wiki/Sint_Maarten https://en.wikipedia.org/wiki/Coat_of_arms_of_Sint_Maarten
https://en.wikipedia.org/wiki/Sint_Maarten https://en.wikipedia.org/wiki/Latin_language
https://en.wikipedia.org/wiki/Sint_Maarten https://en.wikipedia.org/wiki/O_Sweet_Saint_Martin%27s_Land
https://en.wikipedia.org/wiki/Sint_Maarten https://en.wikipedia.org/wiki/Demonym
https://en.wikipedia.org/wiki/Sint_Maarten https://en.wikipedia.org/wiki/Unitary_state
https://en.wikipedia.org/wiki/Sint_Maarten https://en.wikipedia.org/wiki/Parliamentary_system
https://en.wikipedia.org/wiki/Sint_Maarten https://en.wikipedia.org/wiki/Representative_democracy
https://en.wikipedia.org/wiki/Sint_Maarten https://en.wikipedia.org/wiki/Constitutional_monarchy
https://en.wikipedia.org/wiki/Sint_Maarten https://en.wikipedia.org/wiki/Monarchy_of_the_Netherlands
https://en.wikipedia.org/wiki/Sint_Maarten https://en.wikipedia.org/wiki/Willem-Alexander_of_the_Netherlands
https://en.wikipedia.org/wiki/Sint_Maarten https://en.wikipedia.org/wiki/Leona_Marlin-Romeo
https://en.wikipedia.org/wiki/Sint_Maarten https://en.wikipedia.org/wiki/Autonomy
https://en.wikipedia.org/wiki/Sint_Maarten https://en.wikipedia.org/wiki/Geography_of_Sint_Maarten
https://en.wikipedia.org/wiki/Sint_Maarten https://en.wikipedia.org/wiki/Demographics_of_Sint_Maarten
https://en.wikipedia.org/wiki/Sint_Maarten https://en.wikipedia.org/wiki/List_of_countries_and_dependencies_by_population_density
https://en.wikipedia.org/wiki/Sint_Maarten https://en.wikipedia.org/wiki/Gross_domestic_product
https://en.wikipedia.org/wiki/Sint_Maarten https://en.wikipedia.org/wiki/Purchasing_power_parity
https://en.wikipedia.org/wiki/Sint_Maarten https://en.wikipedia.org/wiki/Netherlands_Antillean_guilder
https://en.wikipedia.org/wiki/Sint_Maarten https://en.wikipedia.org/wiki/ISO_4217
https://en.wikipedia.org/wiki/Sint_Maarten https://en.wikipedia.org/wiki/Coordinated_Universal_Time
https://en.wikipedia.org/wiki/Sint_Maarten https://en.wikipedia.org/wiki/Atlantic_Standard_Time
https://en.wikipedia.org/wiki/Sint_Maarten https://en.wikipedia.org/wiki/Left-_and_right-hand_traffic
https://en.wikipedia.org/wiki/Sint_Maarten https://en.wikipedia.org/wiki/Telephone_numbers_in_Sint_Maarten
https://en.wikipedia.org/wiki/Sint_Maarten https://en.wikipedia.org/wiki/Area_code_721
https://en.wikipedia.org/wiki/Sint_Maarten https://en.wikipedia.org/wiki/ISO_3166
https://en.wikipedia.org/wiki/Sint_Maarten https://en.wikipedia.org/wiki/Country_code_top-level_domain
https://en.wikipedia.org/wiki/Sint_Maarten https://en.wikipedia.org/wiki/Island_country
https://en.wikipedia.org/wiki/Sint_Maarten https://en.wikipedia.org/wiki/Divided_island
https://en.wikipedia.org/wiki/Sint_Maarten https://en.wikipedia.org/wiki/Overseas_collectivity
https://en.wikipedia.org/wiki/Sint_Maarten https://en.wikipedia.org/wiki/Capital_city
https://en.wikipedia.org/wiki/Sint_Maarten https://en.wikipedia.org/wiki/History_of_Saint_Martin
https://en.wikipedia.org/wiki/Sint_Maarten https://en.wikipedia.org/wiki/Christopher_Columbus
https://en.wikipedia.org/wiki/Sint_Maarten https://en.wikipedia.org/wiki/Voyages_of_Christopher_Columbus
https://en.wikipedia.org/wiki/Sint_Maarten https://en.wikipedia.org/wiki/West_Indies
https://en.wikipedia.org/wiki/Sint_Maarten https://en.wikipedia.org/wiki/Martin_of_Tours
https://en.wikipedia.org/wiki/Sint_Maarten https://en.wikipedia.org/wiki/Spain
https://en.wikipedia.org/wiki/Sint_Maarten https://en.wikipedia.org/wiki/Trinidad
https://en.wikipedia.org/wiki/Sint_Maarten https://en.wikipedia.org/wiki/New_Amsterdam
https://en.wikipedia.org/wiki/Sint_Maarten https://en.wikipedia.org/wiki/New_York_City
https://en.wikipedia.org/wiki/Sint_Maarten https://en.wikipedia.org/wiki/List_of_Sint_Maarten_governors
https://en.wikipedia.org/wiki/Sint_Maarten https://en.wikipedia.org/wiki/Eighty_Years%27_War
https://en.wikipedia.org/wiki/Sint_Maarten https://en.wikipedia.org/wiki/Capture_of_Saint_Martin
https://en.wikipedia.org/wiki/Sint_Maarten https://en.wikipedia.org/wiki/Attack_on_Saint_Martin
https://en.wikipedia.org/wiki/Sint_Maarten https://en.wikipedia.org/wiki/St._Kitts
https://en.wikipedia.org/wiki/Sint_Maarten https://en.wikipedia.org/wiki/Treaty_of_Concordia
https://en.wikipedia.org/wiki/Sint_Maarten https://en.wikipedia.org/wiki/Navy
https://en.wikipedia.org/wiki/Sint_Maarten https://en.wikipedia.org/wiki/Puppet_state
https://en.wikipedia.org/wiki/Sint_Maarten https://en.wikipedia.org/wiki/First_French_Empire
https://en.wikipedia.org/wiki/Sint_Maarten https://en.wikipedia.org/wiki/Cotton
https://en.wikipedia.org/wiki/Sint_Maarten https://en.wikipedia.org/wiki/Tobacco
https://en.wikipedia.org/wiki/Sint_Maarten https://en.wikipedia.org/wiki/Sugar
https://en.wikipedia.org/wiki/Sint_Maarten https://en.wikipedia.org/wiki/Plantation_(settlement_or_colony)
https://en.wikipedia.org/wiki/Sint_Maarten https://en.wikipedia.org/wiki/Abolitionism#Second_abolition_(1848)_and_subsequent_events
https://en.wikipedia.org/wiki/Sint_Maarten https://en.wikipedia.org/wiki/Duty-free
https://en.wikipedia.org/wiki/Sint_Maarten https://en.wikipedia.org/wiki/Nazi_Germany
https://en.wikipedia.org/wiki/Sint_Maarten https://en.wikipedia.org/wiki/U-boat
https://en.wikipedia.org/wiki/Sint_Maarten https://en.wikipedia.org/wiki/World_War_II
https://en.wikipedia.org/wiki/Sint_Maarten https://en.wikipedia.org/wiki/Tourism
https://en.wikipedia.org/wiki/Sint_Maarten https://en.wikipedia.org/wiki/Claude_Wathey
https://en.wikipedia.org/wiki/Sint_Maarten https://en.wikipedia.org/wiki/Europe
https://en.wikipedia.org/wiki/Sint_Maarten https://en.wikipedia.org/wiki/Asia
https://en.wikipedia.org/wiki/Sint_Maarten https://en.wikipedia.org/wiki/Island_Regulation_of_the_Netherlands_Antilles
https://en.wikipedia.org/wiki/Sint_Maarten https://en.wikipedia.org/wiki/Hurricane_Luis
https://en.wikipedia.org/wiki/Sint_Maarten https://en.wikipedia.org/wiki/Hurricane_Donna
https://en.wikipedia.org/wiki/Sint_Maarten https://en.wikipedia.org/wiki/Franco-Dutch_treaty_on_Saint_Martin_border_controls
https://en.wikipedia.org/wiki/Sint_Maarten https://en.wikipedia.org/wiki/ISO_3166-1_alpha-2
https://en.wikipedia.org/wiki/Sint_Maarten https://en.wikipedia.org/wiki/CcTLD
https://en.wikipedia.org/wiki/Sint_Maarten https://en.wikipedia.org/wiki/Royal_Caribbean_International
https://en.wikipedia.org/wiki/Sint_Maarten https://en.wikipedia.org/wiki/Adventure_of_the_Seas
https://en.wikipedia.org/wiki/Sint_Maarten https://en.wikipedia.org/wiki/Sint_Maarten_general_election,_2010
https://en.wikipedia.org/wiki/Sint_Maarten https://en.wikipedia.org/wiki/Wycliffe_Smith
https://en.wikipedia.org/wiki/Sint_Maarten https://en.wikipedia.org/wiki/United_People%27s_Party_(Sint_Maarten)
https://en.wikipedia.org/wiki/Sint_Maarten https://en.wikipedia.org/wiki/National_Alliance_(Sint_Maarten)
https://en.wikipedia.org/wiki/Sint_Maarten https://en.wikipedia.org/wiki/Sarah_Wescot-Williams
https://en.wikipedia.org/wiki/Sint_Maarten https://en.wikipedia.org/wiki/United_St._Maarten_Party
https://en.wikipedia.org/wiki/Sint_Maarten https://en.wikipedia.org/wiki/One_St._Maarten_People_Party
https://en.wikipedia.org/wiki/Sint_Maarten https://en.wikipedia.org/wiki/Social_Reform_Party
https://en.wikipedia.org/wiki/Sint_Maarten https://en.wikipedia.org/wiki/Windward_Islands
https://en.wikipedia.org/wiki/Sint_Maarten https://en.wikipedia.org/wiki/Estates_of_the_Netherlands_Antilles
https://en.wikipedia.org/wiki/Sint_Maarten https://en.wikipedia.org/wiki/Sicilian_Mafia
https://en.wikipedia.org/wiki/Sint_Maarten https://en.wikipedia.org/wiki/Court_of_Audit
https://en.wikipedia.org/wiki/Sint_Maarten https://en.wikipedia.org/wiki/Oligarchy
https://en.wikipedia.org/wiki/Sint_Maarten https://en.wikipedia.org/wiki/Money_laundering
https://en.wikipedia.org/wiki/Sint_Maarten https://en.wikipedia.org/wiki/Hamas
https://en.wikipedia.org/wiki/Sint_Maarten https://en.wikipedia.org/wiki/Holy_Land_Foundation
https://en.wikipedia.org/wiki/Sint_Maarten https://en.wikipedia.org/wiki/Taliban
https://en.wikipedia.org/wiki/Sint_Maarten https://en.wikipedia.org/wiki/Common_Court_of_Justice_of_the_Netherlands_Antilles_and_Aruba
https://en.wikipedia.org/wiki/Sint_Maarten https://en.wikipedia.org/wiki/Corsairfly
https://en.wikipedia.org/wiki/Sint_Maarten https://en.wikipedia.org/wiki/Airbus_A330-200
https://en.wikipedia.org/wiki/Sint_Maarten https://en.wikipedia.org/wiki/Short_final
https://en.wikipedia.org/wiki/Sint_Maarten https://en.wikipedia.org/wiki/Roman_Catholic
https://en.wikipedia.org/wiki/Sint_Maarten https://en.wikipedia.org/wiki/Pentecostal
https://en.wikipedia.org/wiki/Sint_Maarten https://en.wikipedia.org/wiki/Methodist
https://en.wikipedia.org/wiki/Sint_Maarten https://en.wikipedia.org/wiki/Seventh-day_Adventist
https://en.wikipedia.org/wiki/Sint_Maarten https://en.wikipedia.org/wiki/Hinduism
https://en.wikipedia.org/wiki/Sint_Maarten https://en.wikipedia.org/wiki/Christianity
https://en.wikipedia.org/wiki/Sint_Maarten https://en.wikipedia.org/wiki/Baptist
https://en.wikipedia.org/wiki/Sint_Maarten https://en.wikipedia.org/wiki/Anglicanism
https://en.wikipedia.org/wiki/Sint_Maarten https://en.wikipedia.org/wiki/Protestant
https://en.wikipedia.org/wiki/Sint_Maarten https://en.wikipedia.org/wiki/Jehovah%27s_Witness
https://en.wikipedia.org/wiki/Sint_Maarten https://en.wikipedia.org/wiki/Evangelical
https://en.wikipedia.org/wiki/Sint_Maarten https://en.wikipedia.org/wiki/Buddhist
https://en.wikipedia.org/wiki/Sint_Maarten https://en.wikipedia.org/wiki/Sikhism
https://en.wikipedia.org/wiki/Sint_Maarten https://en.wikipedia.org/wiki/Rastafarian
https://en.wikipedia.org/wiki/Sint_Maarten https://en.wikipedia.org/wiki/Islam
https://en.wikipedia.org/wiki/Sint_Maarten https://en.wikipedia.org/wiki/Judaism
https://en.wikipedia.org/wiki/Sint_Maarten https://en.wikipedia.org/wiki/Spanish_language
https://en.wikipedia.org/wiki/Sint_Maarten https://en.wikipedia.org/wiki/Creole_language
https://en.wikipedia.org/wiki/Sint_Maarten https://en.wikipedia.org/wiki/French_language
https://en.wikipedia.org/wiki/Sint_Maarten https://en.wikipedia.org/wiki/Multilingualism
https://en.wikipedia.org/wiki/Sint_Maarten https://en.wikipedia.org/wiki/Simultaneous_bilingualism
https://en.wikipedia.org/wiki/Sint_Maarten https://en.wikipedia.org/wiki/Dead_language
https://en.wikipedia.org/wiki/Sint_Maarten https://en.wikipedia.org/wiki/Culture_of_Saint_Martin
https://en.wikipedia.org/wiki/Sint_Maarten https://en.wikipedia.org/wiki/Virgin_Islands_Creole
https://en.wikipedia.org/wiki/Sint_Maarten https://en.wikipedia.org/wiki/Sint_Maarten_Heineken_Regatta
https://en.wikipedia.org/wiki/Sint_Maarten https://en.wikipedia.org/wiki/Kaiso
https://en.wikipedia.org/wiki/Sint_Maarten https://en.wikipedia.org/wiki/Impressionist
https://en.wikipedia.org/wiki/Sint_Maarten https://en.wikipedia.org/wiki/Nicole_de_Weever
https://en.wikipedia.org/wiki/Sint_Maarten https://en.wikipedia.org/wiki/Lasana_M._Sekou
https://en.wikipedia.org/wiki/Sint_Maarten https://en.wikipedia.org/wiki/Baseball
https://en.wikipedia.org/wiki/Sint_Maarten https://en.wikipedia.org/wiki/Basketball
https://en.wikipedia.org/wiki/Sint_Maarten https://en.wikipedia.org/wiki/Volleyball
https://en.wikipedia.org/wiki/Sint_Maarten https://en.wikipedia.org/wiki/Cricket
https://en.wikipedia.org/wiki/Sint_Maarten https://en.wikipedia.org/wiki/Soccer
https://en.wikipedia.org/wiki/Sint_Maarten https://en.wikipedia.org/wiki/Recreational_fishing
https://en.wikipedia.org/wiki/Sint_Maarten https://en.wikipedia.org/wiki/Golf
https://en.wikipedia.org/wiki/Sint_Maarten https://en.wikipedia.org/wiki/Water_sports
https://en.wikipedia.org/wiki/Sint_Maarten https://en.wikipedia.org/wiki/Underwater_diving
https://en.wikipedia.org/wiki/Sint_Maarten https://en.wikipedia.org/wiki/Kayaking
https://en.wikipedia.org/wiki/Sint_Maarten https://en.wikipedia.org/wiki/Snorkelling
https://en.wikipedia.org/wiki/Sint_Maarten https://en.wikipedia.org/wiki/Yachting
https://en.wikipedia.org/wiki/Sint_Maarten https://en.wikipedia.org/wiki/Sint_Maarten_Soccer_Association
https://en.wikipedia.org/wiki/Sint_Maarten https://en.wikipedia.org/wiki/FIFA
https://en.wikipedia.org/wiki/Sint_Maarten https://en.wikipedia.org/wiki/CONCACAF
https://en.wikipedia.org/wiki/Sint_Maarten https://en.wikipedia.org/wiki/Sint_Maarten_national_football_team
https://en.wikipedia.org/wiki/Sint_Maarten https://en.wikipedia.org/wiki/Raoul_Illidge_Sports_Complex
https://en.wikipedia.org/wiki/Sint_Maarten https://en.wikipedia.org/wiki/1993_Caribbean_Cup
https://en.wikipedia.org/wiki/Sint_Maarten https://en.wikipedia.org/wiki/Dominica_national_football_team
https://en.wikipedia.org/wiki/Sint_Maarten https://en.wikipedia.org/wiki/2017_Caribbean_Cup_qualification
https://en.wikipedia.org/wiki/Sint_Maarten https://en.wikipedia.org/wiki/Leeward_Islands_Cricket_Association
https://en.wikipedia.org/wiki/Sint_Maarten https://en.wikipedia.org/wiki/West_Indies_Cricket_Board
https://en.wikipedia.org/wiki/Sint_Maarten https://en.wikipedia.org/wiki/Stanford_20/20
https://en.wikipedia.org/wiki/Sint_Maarten https://en.wikipedia.org/wiki/Sint_Maarten_national_cricket_team
https://en.wikipedia.org/wiki/Sint_Maarten https://en.wikipedia.org/wiki/Leeward_Islands_cricket_team
https://en.wikipedia.org/wiki/Sint_Maarten https://en.wikipedia.org/wiki/West_Indies_cricket_team
https://en.wikipedia.org/wiki/Sint_Maarten https://en.wikipedia.org/wiki/Netherlands_national_cricket_team
https://en.wikipedia.org/wiki/Sint_Maarten https://en.wikipedia.org/wiki/Carib_Lumber_Ball_Park
https://en.wikipedia.org/wiki/Sint_Maarten https://en.wikipedia.org/wiki/Colin_Hamer
https://en.wikipedia.org/wiki/Sint_Maarten https://en.wikipedia.org/wiki/First-class_cricket
https://en.wikipedia.org/wiki/Sint_Maarten https://en.wikipedia.org/wiki/Daniel_Doram
https://en.wikipedia.org/wiki/Sint_Maarten https://en.wikipedia.org/wiki/ICC_Intercontinental_Cup
https://en.wikipedia.org/wiki/Sint_Maarten https://en.wikipedia.org/wiki/Keacy_Carty
https://en.wikipedia.org/wiki/Sint_Maarten https://en.wikipedia.org/wiki/West_Indies_under-19_cricket_team
https://en.wikipedia.org/wiki/Sint_Maarten https://en.wikipedia.org/wiki/2016_Under-19_Cricket_World_Cup
https://en.wikipedia.org/wiki/Sint_Maarten https://en.wikipedia.org/wiki/Netherlands_Antilles_national_baseball_team
https://en.wikipedia.org/wiki/Sint_Maarten https://en.wikipedia.org/wiki/Baseball_in_the_United_States
https://en.wikipedia.org/wiki/Sint_Maarten https://en.wikipedia.org/wiki/College_baseball
https://en.wikipedia.org/wiki/Sint_Maarten https://en.wikipedia.org/wiki/Minor_League_Baseball
https://en.wikipedia.org/wiki/Sint_Maarten https://en.wikipedia.org/wiki/South_Alabama_Jaguars
https://en.wikipedia.org/wiki/Sint_Maarten https://en.wikipedia.org/wiki/Chicago_White_Sox
https://en.wikipedia.org/wiki/Sint_Maarten https://en.wikipedia.org/wiki/1995_Major_League_Baseball_draft
https://en.wikipedia.org/wiki/Sint_Maarten https://en.wikipedia.org/wiki/Class_A-Advanced
https://en.wikipedia.org/wiki/Sint_Maarten https://en.wikipedia.org/wiki/Free_agents
https://en.wikipedia.org/wiki/Sint_Maarten https://en.wikipedia.org/wiki/Major_League_Baseball
https://en.wikipedia.org/wiki/Sint_Maarten https://en.wikipedia.org/wiki/MVP
https://en.wikipedia.org/wiki/Sint_Maarten https://en.wikipedia.org/wiki/Runway
https://en.wikipedia.org/wiki/Sint_Maarten https://en.wikipedia.org/wiki/Landing
https://en.wikipedia.org/wiki/Sint_Maarten https://en.wikipedia.org/wiki/Hope_Estate
https://en.wikipedia.org/wiki/Sint_Maarten https://en.wikipedia.org/wiki/Simpson_Bay
https://en.wikipedia.org/wiki/Sint_Maarten https://en.wikipedia.org/wiki/Milton_Peters_College
https://en.wikipedia.org/wiki/Sint_Maarten https://en.wikipedia.org/wiki/HAVO
https://en.wikipedia.org/wiki/Sint_Maarten https://en.wikipedia.org/wiki/Voorbereidend_wetenschappelijk_onderwijs
https://en.wikipedia.org/wiki/Sint_Maarten https://en.wikipedia.org/wiki/St._Maarten_Academy
https://en.wikipedia.org/wiki/Sint_Maarten https://en.wikipedia.org/wiki/Sundial_School
https://en.wikipedia.org/wiki/Sint_Maarten https://en.wikipedia.org/wiki/Stichting_Voortgezet_Onderwijs_van_de_Bovenwindse_Eilanden
https://en.wikipedia.org/wiki/Sint_Maarten https://en.wikipedia.org/wiki/American_University_of_the_Caribbean
https://en.wikipedia.org/wiki/Sint_Maarten https://en.wikipedia.org/wiki/Soufri%C3%A8re_Hills_volcano
https://en.wikipedia.org/wiki/Sint_Maarten https://en.wikipedia.org/wiki/University_of_St._Martin
https://en.wikipedia.org/wiki/Sint_Maarten https://en.wikipedia.org/wiki/University_of_Sint_Eustatius_School_of_Medicine
https://en.wikipedia.org/wiki/Sint_Maarten https://en.wikipedia.org/wiki/Saint_Martin_(island)
https://en.wikipedia.org/wiki/Sint_Maarten https://en.wikipedia.org/wiki/Final_approach_(aeronautics)
https://en.wikipedia.org/wiki/Sint_Maarten https://en.wikipedia.org/wiki/Landings
https://en.wikipedia.org/wiki/Sint_Maarten https://en.wikipedia.org/wiki/Supreme_Court_of_the_Netherlands
https://en.wikipedia.org/wiki/Sint_Maarten https://en.wikipedia.org/wiki/Windward_Islands_Airways
https://en.wikipedia.org/wiki/Sint_Maarten https://en.wikipedia.org/wiki/Railroads
https://en.wikipedia.org/wiki/Sint_Maarten https://en.wikipedia.org/wiki/Cruise_line
https://en.wikipedia.org/wiki/Sint_Maarten https://en.wikipedia.org/wiki/Postage_stamps_and_postal_history_of_Sint_Maarten
https://en.wikipedia.org/wiki/Sint_Maarten https://en.wikipedia.org/wiki/List_of_divided_islands
https://en.wikipedia.org/wiki/Sint_Maarten https://en.wikipedia.org/wiki/List_of_Designated_Monuments_in_Sint_Maarten
https://en.wikipedia.org/wiki/Sint_Maarten https://en.wikipedia.org/wiki/Le_Grand_March%C3%A9
https://en.wikipedia.org/wiki/Sint_Maarten https://en.wikipedia.org/wiki/Mary_Star_of_the_Sea_Church,_Simpson_Bay
https://en.wikipedia.org/wiki/Sint_Maarten https://en.wikipedia.org/wiki/CIA_World_Factbook
https://en.wikipedia.org/wiki/Sint_Maarten https://en.wikipedia.org/wiki/North_American_Numbering_Plan
https://en.wikipedia.org/wiki/Sint_Maarten https://en.wikipedia.org/wiki/Telephone_numbers_in_Cura%C3%A7ao_and_the_Caribbean_Netherlands
https://en.wikipedia.org/wiki/Sint_Maarten https://en.wikipedia.org/wiki/Walter_de_Gruyter
https://en.wikipedia.org/wiki/Sint_Maarten https://en.wikipedia.org/wiki/Flight_International
https://en.wikipedia.org/wiki/Sint_Maarten https://en.wikipedia.org/wiki/Central_Intelligence_Agency
https://en.wikipedia.org/wiki/Sint_Maarten https://en.wikipedia.org/wiki/Klein_Bonaire
https://en.wikipedia.org/wiki/Sint_Maarten https://en.wikipedia.org/wiki/Klein_Cura%C3%A7ao
https://en.wikipedia.org/wiki/Sint_Maarten https://en.wikipedia.org/wiki/List_of_sovereign_states_and_dependent_territories_in_North_America
https://en.wikipedia.org/wiki/Sint_Maarten https://en.wikipedia.org/wiki/Sovereign_state
https://en.wikipedia.org/wiki/Sint_Maarten https://en.wikipedia.org/wiki/Costa_Rica
https://en.wikipedia.org/wiki/Sint_Maarten https://en.wikipedia.org/wiki/Cuba
https://en.wikipedia.org/wiki/Sint_Maarten https://en.wikipedia.org/wiki/El_Salvador
https://en.wikipedia.org/wiki/Sint_Maarten https://en.wikipedia.org/wiki/Guatemala
https://en.wikipedia.org/wiki/Sint_Maarten https://en.wikipedia.org/wiki/Honduras
https://en.wikipedia.org/wiki/Sint_Maarten https://en.wikipedia.org/wiki/Nicaragua
https://en.wikipedia.org/wiki/Sint_Maarten https://en.wikipedia.org/wiki/Panama
https://en.wikipedia.org/wiki/Sint_Maarten https://en.wikipedia.org/wiki/Archipelago_of_San_Andr%C3%A9s,_Providencia_and_Santa_Catalina
https://en.wikipedia.org/wiki/Sint_Maarten https://en.wikipedia.org/wiki/Navassa_Island
https://en.wikipedia.org/wiki/Sint_Maarten https://en.wikipedia.org/wiki/Federal_Dependencies_of_Venezuela
https://en.wikipedia.org/wiki/Sint_Maarten https://en.wikipedia.org/wiki/Nueva_Esparta
https://en.wikipedia.org/wiki/Sint_Maarten https://en.wikipedia.org/wiki/Caribbean_Community
https://en.wikipedia.org/wiki/Sint_Maarten https://en.wikipedia.org/wiki/Secretariat_of_the_Caribbean_Community
https://en.wikipedia.org/wiki/Sint_Maarten https://en.wikipedia.org/wiki/Secretary-General_of_the_Caribbean_Community
https://en.wikipedia.org/wiki/Sint_Maarten https://en.wikipedia.org/wiki/Flag_of_the_Caribbean_Community
https://en.wikipedia.org/wiki/Sint_Maarten https://en.wikipedia.org/wiki/Venezuela
https://en.wikipedia.org/wiki/Sint_Maarten https://en.wikipedia.org/wiki/Common_Fund_for_Commodities
https://en.wikipedia.org/wiki/Sint_Maarten https://en.wikipedia.org/wiki/Caribbean_Court_of_Justice
https://en.wikipedia.org/wiki/Sint_Maarten https://en.wikipedia.org/wiki/Caribbean_Disaster_Emergency_Management_Agency
https://en.wikipedia.org/wiki/Sint_Maarten https://en.wikipedia.org/wiki/Caribbean_Examinations_Council
https://en.wikipedia.org/wiki/Sint_Maarten https://en.wikipedia.org/wiki/Caribbean_Institute_for_Meteorology_and_Hydrology
https://en.wikipedia.org/wiki/Sint_Maarten https://en.wikipedia.org/wiki/Caribbean_Public_Health_Agency
https://en.wikipedia.org/wiki/Sint_Maarten https://en.wikipedia.org/wiki/CARIFORUM
https://en.wikipedia.org/wiki/Sint_Maarten https://en.wikipedia.org/wiki/Organisation_of_Eastern_Caribbean_States
https://en.wikipedia.org/wiki/Sint_Maarten https://en.wikipedia.org/wiki/British_Overseas_Territories
https://en.wikipedia.org/wiki/Sint_Maarten https://en.wikipedia.org/wiki/Sovereignty
https://en.wikipedia.org/wiki/Sint_Maarten https://en.wikipedia.org/wiki/French_Guiana
https://en.wikipedia.org/wiki/Sint_Maarten https://en.wikipedia.org/wiki/French_Polynesia
https://en.wikipedia.org/wiki/Sint_Maarten https://en.wikipedia.org/wiki/French_Southern_and_Antarctic_Lands
https://en.wikipedia.org/wiki/Sint_Maarten https://en.wikipedia.org/wiki/Ad%C3%A9lie_Land
https://en.wikipedia.org/wiki/Sint_Maarten https://en.wikipedia.org/wiki/Crozet_Islands
https://en.wikipedia.org/wiki/Sint_Maarten https://en.wikipedia.org/wiki/%C3%8Ele_Amsterdam
https://en.wikipedia.org/wiki/Sint_Maarten https://en.wikipedia.org/wiki/%C3%8Ele_Saint-Paul
https://en.wikipedia.org/wiki/Sint_Maarten https://en.wikipedia.org/wiki/Kerguelen_Islands
https://en.wikipedia.org/wiki/Sint_Maarten https://en.wikipedia.org/wiki/Scattered_Islands_in_the_Indian_Ocean
https://en.wikipedia.org/wiki/Sint_Maarten https://en.wikipedia.org/wiki/Mayotte
https://en.wikipedia.org/wiki/Sint_Maarten https://en.wikipedia.org/wiki/New_Caledonia
https://en.wikipedia.org/wiki/Sint_Maarten https://en.wikipedia.org/wiki/R%C3%A9union
https://en.wikipedia.org/wiki/Sint_Maarten https://en.wikipedia.org/wiki/Wallis_and_Futuna
https://en.wikipedia.org/wiki/Sint_Maarten https://en.wikipedia.org/wiki/Pantelleria
https://en.wikipedia.org/wiki/Sint_Maarten https://en.wikipedia.org/wiki/Pelagie_Islands
https://en.wikipedia.org/wiki/Sint_Maarten https://en.wikipedia.org/wiki/Lampedusa
https://en.wikipedia.org/wiki/Sint_Maarten https://en.wikipedia.org/wiki/Lampione
https://en.wikipedia.org/wiki/Sint_Maarten https://en.wikipedia.org/wiki/Linosa
https://en.wikipedia.org/wiki/Sint_Maarten https://en.wikipedia.org/wiki/Bouvet_Island
https://en.wikipedia.org/wiki/Sint_Maarten https://en.wikipedia.org/wiki/Peter_I_Island
https://en.wikipedia.org/wiki/Sint_Maarten https://en.wikipedia.org/wiki/Queen_Maud_Land
https://en.wikipedia.org/wiki/Sint_Maarten https://en.wikipedia.org/wiki/Azores
https://en.wikipedia.org/wiki/Sint_Maarten https://en.wikipedia.org/wiki/Madeira
https://en.wikipedia.org/wiki/Sint_Maarten https://en.wikipedia.org/wiki/Canary_Islands
https://en.wikipedia.org/wiki/Sint_Maarten https://en.wikipedia.org/wiki/Ceuta
https://en.wikipedia.org/wiki/Sint_Maarten https://en.wikipedia.org/wiki/Melilla
https://en.wikipedia.org/wiki/Sint_Maarten https://en.wikipedia.org/wiki/Plazas_de_soberan%C3%ADa
https://en.wikipedia.org/wiki/Sint_Maarten https://en.wikipedia.org/wiki/Chafarinas_Islands
https://en.wikipedia.org/wiki/Sint_Maarten https://en.wikipedia.org/wiki/Pe%C3%B1%C3%B3n_de_Alhucemas
https://en.wikipedia.org/wiki/Sint_Maarten https://en.wikipedia.org/wiki/Pe%C3%B1%C3%B3n_de_V%C3%A9lez_de_la_Gomera
https://en.wikipedia.org/wiki/Sint_Maarten https://en.wikipedia.org/wiki/British_Antarctic_Territory
https://en.wikipedia.org/wiki/Sint_Maarten https://en.wikipedia.org/wiki/British_Indian_Ocean_Territory
https://en.wikipedia.org/wiki/Sint_Maarten https://en.wikipedia.org/wiki/Dutch_Empire
https://en.wikipedia.org/wiki/Sint_Maarten https://en.wikipedia.org/wiki/Dutch_East_India_Company
https://en.wikipedia.org/wiki/Sint_Maarten https://en.wikipedia.org/wiki/Governorate_of_Ambon
https://en.wikipedia.org/wiki/Sint_Maarten https://en.wikipedia.org/wiki/Governorate_of_the_Banda_Islands
https://en.wikipedia.org/wiki/Sint_Maarten https://en.wikipedia.org/wiki/Dutch_Cape_Colony
https://en.wikipedia.org/wiki/Sint_Maarten https://en.wikipedia.org/wiki/Dutch_Celebes
https://en.wikipedia.org/wiki/Sint_Maarten https://en.wikipedia.org/wiki/Dutch_Ceylon
https://en.wikipedia.org/wiki/Sint_Maarten https://en.wikipedia.org/wiki/Dutch_Formosa
https://en.wikipedia.org/wiki/Sint_Maarten https://en.wikipedia.org/wiki/Maluku_Islands#Dutch
https://en.wikipedia.org/wiki/Sint_Maarten https://en.wikipedia.org/wiki/Semarang#History
https://en.wikipedia.org/wiki/Sint_Maarten https://en.wikipedia.org/wiki/Bandar_Abbas
https://en.wikipedia.org/wiki/Sint_Maarten https://en.wikipedia.org/wiki/Dutch_Malabar
https://en.wikipedia.org/wiki/Sint_Maarten https://en.wikipedia.org/wiki/Padang
https://en.wikipedia.org/wiki/Sint_Maarten https://en.wikipedia.org/wiki/Residency_(country_subdivision)
https://en.wikipedia.org/wiki/Sint_Maarten https://en.wikipedia.org/wiki/Banjarmasin
https://en.wikipedia.org/wiki/Sint_Maarten https://en.wikipedia.org/wiki/Cirebon
https://en.wikipedia.org/wiki/Sint_Maarten https://en.wikipedia.org/wiki/Palembang
https://en.wikipedia.org/wiki/Sint_Maarten https://en.wikipedia.org/wiki/Parahyangan
https://en.wikipedia.org/wiki/Sint_Maarten https://en.wikipedia.org/wiki/Pontianak,_Indonesia
https://en.wikipedia.org/wiki/Sint_Maarten https://en.wikipedia.org/wiki/Opperhoofd
https://en.wikipedia.org/wiki/Sint_Maarten https://en.wikipedia.org/wiki/Myanmar
https://en.wikipedia.org/wiki/Sint_Maarten https://en.wikipedia.org/wiki/Guangzhou
https://en.wikipedia.org/wiki/Sint_Maarten https://en.wikipedia.org/wiki/Dutch_Mauritius
https://en.wikipedia.org/wiki/Sint_Maarten https://en.wikipedia.org/wiki/Ayutthaya_Kingdom#Contacts_with_the_West
https://en.wikipedia.org/wiki/Sint_Maarten https://en.wikipedia.org/wiki/West_Timor
https://en.wikipedia.org/wiki/Sint_Maarten https://en.wikipedia.org/wiki/Tonkin
https://en.wikipedia.org/wiki/Sint_Maarten https://en.wikipedia.org/wiki/Berbice
https://en.wikipedia.org/wiki/Sint_Maarten https://en.wikipedia.org/wiki/Cayenne_(Dutch_colony)
https://en.wikipedia.org/wiki/Sint_Maarten https://en.wikipedia.org/wiki/Demerara
https://en.wikipedia.org/wiki/Sint_Maarten https://en.wikipedia.org/wiki/Essequibo_(colony)
https://en.wikipedia.org/wiki/Sint_Maarten https://en.wikipedia.org/wiki/New_Netherland
https://en.wikipedia.org/wiki/Sint_Maarten https://en.wikipedia.org/wiki/Pomeroon_(colony)
https://en.wikipedia.org/wiki/Sint_Maarten https://en.wikipedia.org/wiki/SSS_islands
https://en.wikipedia.org/wiki/Sint_Maarten https://en.wikipedia.org/wiki/Tobago
https://en.wikipedia.org/wiki/Sint_Maarten https://en.wikipedia.org/wiki/Dutch_Virgin_Islands
https://en.wikipedia.org/wiki/Sint_Maarten https://en.wikipedia.org/wiki/Arguin
https://en.wikipedia.org/wiki/Sint_Maarten https://en.wikipedia.org/wiki/Dutch_Loango-Angola
https://en.wikipedia.org/wiki/Sint_Maarten https://en.wikipedia.org/wiki/Senegambia_(Dutch_West_India_Company)
https://en.wikipedia.org/wiki/Sint_Maarten https://en.wikipedia.org/wiki/Dutch_Slave_Coast
https://en.wikipedia.org/wiki/Sint_Maarten https://en.wikipedia.org/wiki/Society_of_Berbice
https://en.wikipedia.org/wiki/Sint_Maarten https://en.wikipedia.org/wiki/Society_of_Suriname
https://en.wikipedia.org/wiki/Sint_Maarten https://en.wikipedia.org/wiki/Noordsche_Compagnie
https://en.wikipedia.org/wiki/Sint_Maarten https://en.wikipedia.org/wiki/Jan_Mayen
https://en.wikipedia.org/wiki/Sint_Maarten https://en.wikipedia.org/wiki/Smeerenburg
https://en.wikipedia.org/wiki/Sint_Maarten https://en.wikipedia.org/wiki/Dutch_East_Indies
https://en.wikipedia.org/wiki/Sint_Maarten https://en.wikipedia.org/wiki/Netherlands_New_Guinea
https://en.wikipedia.org/wiki/Sint_Maarten https://en.wikipedia.org/wiki/Kingdom_of_the_Netherlands#Countries
https://en.wikipedia.org/wiki/Sint_Maarten https://en.wikipedia.org/wiki/Suriname_(Kingdom_of_the_Netherlands)
https://en.wikipedia.org/wiki/Sint_Maarten https://en.wikipedia.org/wiki/English_language#Geographic_distribution
https://en.wikipedia.org/wiki/Sint_Maarten https://en.wikipedia.org/wiki/English-speaking_world
https://en.wikipedia.org/wiki/Sint_Maarten https://en.wikipedia.org/wiki/History_of_the_English_language
https://en.wikipedia.org/wiki/Sint_Maarten https://en.wikipedia.org/wiki/British_Empire
https://en.wikipedia.org/wiki/Sint_Maarten https://en.wikipedia.org/wiki/English_in_the_Commonwealth_of_Nations
https://en.wikipedia.org/wiki/Sint_Maarten https://en.wikipedia.org/wiki/Anglosphere
https://en.wikipedia.org/wiki/Sint_Maarten https://en.wikipedia.org/wiki/List_of_countries_by_English-speaking_population
https://en.wikipedia.org/wiki/Sint_Maarten https://en.wikipedia.org/wiki/List_of_countries_where_English_is_an_official_language
https://en.wikipedia.org/wiki/Sint_Maarten https://en.wikipedia.org/wiki/Languages_of_Africa
https://en.wikipedia.org/wiki/Sint_Maarten https://en.wikipedia.org/wiki/Anglo-America
https://en.wikipedia.org/wiki/Sint_Maarten https://en.wikipedia.org/wiki/English_language_in_Europe
https://en.wikipedia.org/wiki/Sint_Maarten https://en.wikipedia.org/wiki/Guernsey
https://en.wikipedia.org/wiki/Sint_Maarten https://en.wikipedia.org/wiki/Republic_of_Ireland
https://en.wikipedia.org/wiki/Sint_Maarten https://en.wikipedia.org/wiki/Isle_of_Man
https://en.wikipedia.org/wiki/Sint_Maarten https://en.wikipedia.org/wiki/Jersey
https://en.wikipedia.org/wiki/Sint_Maarten https://en.wikipedia.org/wiki/Languages_of_Oceania
https://en.wikipedia.org/wiki/Sint_Maarten https://en.wikipedia.org/wiki/Australia
https://en.wikipedia.org/wiki/Sint_Maarten https://en.wikipedia.org/wiki/New_Zealand
https://en.wikipedia.org/wiki/Sint_Maarten https://en.wikipedia.org/wiki/Norfolk_Island
https://en.wikipedia.org/wiki/Sint_Maarten https://en.wikipedia.org/wiki/Botswana
https://en.wikipedia.org/wiki/Sint_Maarten https://en.wikipedia.org/wiki/Cameroon
https://en.wikipedia.org/wiki/Sint_Maarten https://en.wikipedia.org/wiki/Eswatini
https://en.wikipedia.org/wiki/Sint_Maarten https://en.wikipedia.org/wiki/The_Gambia
https://en.wikipedia.org/wiki/Sint_Maarten https://en.wikipedia.org/wiki/Ghana
https://en.wikipedia.org/wiki/Sint_Maarten https://en.wikipedia.org/wiki/Kenya
https://en.wikipedia.org/wiki/Sint_Maarten https://en.wikipedia.org/wiki/Lesotho
https://en.wikipedia.org/wiki/Sint_Maarten https://en.wikipedia.org/wiki/Liberia
https://en.wikipedia.org/wiki/Sint_Maarten https://en.wikipedia.org/wiki/Malawi
https://en.wikipedia.org/wiki/Sint_Maarten https://en.wikipedia.org/wiki/Mauritius
https://en.wikipedia.org/wiki/Sint_Maarten https://en.wikipedia.org/wiki/Namibia
https://en.wikipedia.org/wiki/Sint_Maarten https://en.wikipedia.org/wiki/Nigeria
https://en.wikipedia.org/wiki/Sint_Maarten https://en.wikipedia.org/wiki/Rwanda
https://en.wikipedia.org/wiki/Sint_Maarten https://en.wikipedia.org/wiki/Sierra_Leone
https://en.wikipedia.org/wiki/Sint_Maarten https://en.wikipedia.org/wiki/Somaliland
https://en.wikipedia.org/wiki/Sint_Maarten https://en.wikipedia.org/wiki/South_Africa
https://en.wikipedia.org/wiki/Sint_Maarten https://en.wikipedia.org/wiki/South_Sudan
https://en.wikipedia.org/wiki/Sint_Maarten https://en.wikipedia.org/wiki/Sudan
https://en.wikipedia.org/wiki/Sint_Maarten https://en.wikipedia.org/wiki/Tanzania
https://en.wikipedia.org/wiki/Sint_Maarten https://en.wikipedia.org/wiki/Uganda
https://en.wikipedia.org/wiki/Sint_Maarten https://en.wikipedia.org/wiki/Zambia
https://en.wikipedia.org/wiki/Sint_Maarten https://en.wikipedia.org/wiki/Zimbabwe
https://en.wikipedia.org/wiki/Sint_Maarten https://en.wikipedia.org/wiki/Languages_of_Asia
https://en.wikipedia.org/wiki/Sint_Maarten https://en.wikipedia.org/wiki/Christmas_Island
https://en.wikipedia.org/wiki/Sint_Maarten https://en.wikipedia.org/wiki/Cocos_(Keeling)_Islands
https://en.wikipedia.org/wiki/Sint_Maarten https://en.wikipedia.org/wiki/Hong_Kong
https://en.wikipedia.org/wiki/Sint_Maarten https://en.wikipedia.org/wiki/India
https://en.wikipedia.org/wiki/Sint_Maarten https://en.wikipedia.org/wiki/Pakistan
https://en.wikipedia.org/wiki/Sint_Maarten https://en.wikipedia.org/wiki/Philippines
https://en.wikipedia.org/wiki/Sint_Maarten https://en.wikipedia.org/wiki/Singapore
https://en.wikipedia.org/wiki/Sint_Maarten https://en.wikipedia.org/wiki/Gibraltar
https://en.wikipedia.org/wiki/Sint_Maarten https://en.wikipedia.org/wiki/Akrotiri_and_Dhekelia
https://en.wikipedia.org/wiki/Sint_Maarten https://en.wikipedia.org/wiki/Malta
https://en.wikipedia.org/wiki/Sint_Maarten https://en.wikipedia.org/wiki/American_Samoa
https://en.wikipedia.org/wiki/Sint_Maarten https://en.wikipedia.org/wiki/Cook_Islands
https://en.wikipedia.org/wiki/Sint_Maarten https://en.wikipedia.org/wiki/Fiji
https://en.wikipedia.org/wiki/Sint_Maarten https://en.wikipedia.org/wiki/Guam
https://en.wikipedia.org/wiki/Sint_Maarten https://en.wikipedia.org/wiki/Kiribati
https://en.wikipedia.org/wiki/Sint_Maarten https://en.wikipedia.org/wiki/Marshall_Islands
https://en.wikipedia.org/wiki/Sint_Maarten https://en.wikipedia.org/wiki/Federated_States_of_Micronesia
https://en.wikipedia.org/wiki/Sint_Maarten https://en.wikipedia.org/wiki/Nauru
https://en.wikipedia.org/wiki/Sint_Maarten https://en.wikipedia.org/wiki/Niue
https://en.wikipedia.org/wiki/Sint_Maarten https://en.wikipedia.org/wiki/Northern_Mariana_Islands
https://en.wikipedia.org/wiki/Sint_Maarten https://en.wikipedia.org/wiki/Palau
https://en.wikipedia.org/wiki/Sint_Maarten https://en.wikipedia.org/wiki/Papua_New_Guinea
https://en.wikipedia.org/wiki/Sint_Maarten https://en.wikipedia.org/wiki/Samoa
https://en.wikipedia.org/wiki/Sint_Maarten https://en.wikipedia.org/wiki/Solomon_Islands
https://en.wikipedia.org/wiki/Sint_Maarten https://en.wikipedia.org/wiki/Tokelau
https://en.wikipedia.org/wiki/Sint_Maarten https://en.wikipedia.org/wiki/Tuvalu
https://en.wikipedia.org/wiki/Sint_Maarten https://en.wikipedia.org/wiki/Vanuatu
https://en.wikipedia.org/wiki/Sint_Maarten https://en.wikipedia.org/wiki/Geographic_coordinate_system
