https://en.wikipedia.org/wiki/Sport_in_Victoria https://en.wikipedia.org/wiki/Victoria,_Australia
https://en.wikipedia.org/wiki/Sport_in_Victoria https://en.wikipedia.org/wiki/Shooting
https://en.wikipedia.org/wiki/Sport_in_Victoria https://en.wikipedia.org/wiki/Soccer
https://en.wikipedia.org/wiki/Sport_in_Victoria https://en.wikipedia.org/wiki/Horse_Racing
https://en.wikipedia.org/wiki/Sport_in_Victoria https://en.wikipedia.org/wiki/Origins_of_Australian_rules_football
https://en.wikipedia.org/wiki/Sport_in_Victoria https://en.wikipedia.org/wiki/Australian_Football_International_Cup
https://en.wikipedia.org/wiki/Sport_in_Victoria https://en.wikipedia.org/wiki/Victoria_Australian_rules_football_team
https://en.wikipedia.org/wiki/Sport_in_Victoria https://en.wikipedia.org/wiki/National_Basketball_League_Australia
https://en.wikipedia.org/wiki/Sport_in_Victoria https://en.wikipedia.org/wiki/South_Dragons
https://en.wikipedia.org/wiki/Sport_in_Victoria https://en.wikipedia.org/wiki/2005%E2%80%9306_NBL_season
https://en.wikipedia.org/wiki/Sport_in_Victoria https://en.wikipedia.org/wiki/2007%E2%80%9308_NBL_season
https://en.wikipedia.org/wiki/Sport_in_Victoria https://en.wikipedia.org/wiki/John_Brumby
https://en.wikipedia.org/wiki/Sport_in_Victoria https://en.wikipedia.org/wiki/Cricket_Victoria
https://en.wikipedia.org/wiki/Sport_in_Victoria https://en.wikipedia.org/wiki/Victorian_Spirit
https://en.wikipedia.org/wiki/Sport_in_Victoria https://en.wikipedia.org/wiki/Soccer_in_Victoria
https://en.wikipedia.org/wiki/Sport_in_Victoria https://en.wikipedia.org/wiki/Football_Federation_Victoria
https://en.wikipedia.org/wiki/Sport_in_Victoria https://en.wikipedia.org/wiki/Rugby_League_State_of_Origin
https://en.wikipedia.org/wiki/Sport_in_Victoria https://en.wikipedia.org/wiki/2008_Rugby_League_World_Cup
https://en.wikipedia.org/wiki/Sport_in_Victoria https://en.wikipedia.org/wiki/2010_ANZAC_Test
https://en.wikipedia.org/wiki/Sport_in_Victoria https://en.wikipedia.org/wiki/AAMI_Park
https://en.wikipedia.org/wiki/Sport_in_Victoria https://en.wikipedia.org/wiki/Phillip_Island_(Victoria)
https://en.wikipedia.org/wiki/Sport_in_Victoria https://en.wikipedia.org/wiki/1928_Australian_Grand_Prix
https://en.wikipedia.org/wiki/Sport_in_Victoria https://en.wikipedia.org/wiki/Albert_Park_Lake
https://en.wikipedia.org/wiki/Sport_in_Victoria https://en.wikipedia.org/wiki/V8_Supercar
https://en.wikipedia.org/wiki/Sport_in_Victoria https://en.wikipedia.org/wiki/Bathurst_1000
https://en.wikipedia.org/wiki/Sport_in_Victoria https://en.wikipedia.org/wiki/ANZ_Championship
https://en.wikipedia.org/wiki/Sport_in_Victoria https://en.wikipedia.org/wiki/Rugby_union_in_Victoria
https://en.wikipedia.org/wiki/Sport_in_Victoria https://en.wikipedia.org/wiki/Australian_Bureau_of_Statistics
https://en.wikipedia.org/wiki/Sport_in_Victoria https://en.wikipedia.org/wiki/Rugby_sevens_at_the_2006_Commonwealth_Games
https://en.wikipedia.org/wiki/Sport_in_Victoria https://en.wikipedia.org/wiki/Brumbies_(rugby)
https://en.wikipedia.org/wiki/Sport_in_Victoria https://en.wikipedia.org/wiki/Western_Force
https://en.wikipedia.org/wiki/Sport_in_Victoria https://en.wikipedia.org/wiki/Open_water_swimming
https://en.wikipedia.org/wiki/Sport_in_Victoria https://en.wikipedia.org/wiki/Port_Phillip_Bay
https://en.wikipedia.org/wiki/Sport_in_Victoria https://en.wikipedia.org/wiki/Western_Port_Bay
https://en.wikipedia.org/wiki/Sport_in_Victoria https://en.wikipedia.org/wiki/Australia_Day
https://en.wikipedia.org/wiki/Sport_in_Victoria https://en.wikipedia.org/wiki/Lorne,_Victoria
https://en.wikipedia.org/wiki/Sport_in_Victoria https://en.wikipedia.org/wiki/Pier_to_Pub
https://en.wikipedia.org/wiki/Sport_in_Victoria https://en.wikipedia.org/wiki/St_Kilda,_Victoria
https://en.wikipedia.org/wiki/Sport_in_Victoria https://en.wikipedia.org/wiki/Brighton,_Victoria
https://en.wikipedia.org/wiki/Sport_in_Victoria https://en.wikipedia.org/wiki/Mount_Martha,_Victoria
https://en.wikipedia.org/wiki/Sport_in_Victoria https://en.wikipedia.org/wiki/Port_Melbourne,_Victoria
https://en.wikipedia.org/wiki/Sport_in_Victoria https://en.wikipedia.org/wiki/Williamstown,_Victoria
https://en.wikipedia.org/wiki/Sport_in_Victoria https://en.wikipedia.org/wiki/Frankston,_Victoria
https://en.wikipedia.org/wiki/Sport_in_Victoria https://en.wikipedia.org/wiki/Mornington,_Victoria
https://en.wikipedia.org/wiki/Sport_in_Victoria https://en.wikipedia.org/wiki/Sorrento,_Victoria
https://en.wikipedia.org/wiki/Sport_in_Victoria https://en.wikipedia.org/wiki/Kieren_Perkins
https://en.wikipedia.org/wiki/Sport_in_Victoria https://en.wikipedia.org/wiki/Michael_Klim
https://en.wikipedia.org/wiki/Sport_in_Victoria https://en.wikipedia.org/wiki/Simon_O%27Donnell
https://en.wikipedia.org/wiki/Sport_in_Victoria https://en.wikipedia.org/wiki/Premier_of_Victoria
https://en.wikipedia.org/wiki/Sport_in_Victoria https://en.wikipedia.org/wiki/Steve_Bracks
https://en.wikipedia.org/wiki/Sport_in_Victoria https://en.wikipedia.org/wiki/Ted_Baillieu
https://en.wikipedia.org/wiki/Sport_in_Victoria https://en.wikipedia.org/wiki/Melbourne_Park
https://en.wikipedia.org/wiki/Sport_in_Victoria https://en.wikipedia.org/wiki/Phar_Lap
https://en.wikipedia.org/wiki/Sport_in_Victoria https://en.wikipedia.org/wiki/Grand_Slam_(tennis)
https://en.wikipedia.org/wiki/Sport_in_Victoria https://en.wikipedia.org/wiki/Horse-racing
https://en.wikipedia.org/wiki/Sport_in_Victoria https://en.wikipedia.org/wiki/Australian_Masters
https://en.wikipedia.org/wiki/Sport_in_Victoria https://en.wikipedia.org/wiki/Australian_national_rugby_union_team
https://en.wikipedia.org/wiki/Sport_in_Victoria https://en.wikipedia.org/wiki/MotoGP
https://en.wikipedia.org/wiki/Sport_in_Victoria https://en.wikipedia.org/wiki/World_Superbike_Championship
https://en.wikipedia.org/wiki/Sport_in_Victoria https://en.wikipedia.org/wiki/Stawell,_Victoria
https://en.wikipedia.org/wiki/Sport_in_Victoria https://en.wikipedia.org/wiki/Stawell_Gift
https://en.wikipedia.org/wiki/Sport_in_Victoria https://en.wikipedia.org/wiki/Australian_cricket_team
https://en.wikipedia.org/wiki/Sport_in_Victoria https://en.wikipedia.org/wiki/English_cricket_team
https://en.wikipedia.org/wiki/Sport_in_Victoria https://en.wikipedia.org/wiki/1956_Summer_Olympics
https://en.wikipedia.org/wiki/Sport_in_Victoria https://en.wikipedia.org/wiki/2006_Commonwealth_Games
https://en.wikipedia.org/wiki/Sport_in_Victoria https://en.wikipedia.org/wiki/FIBA_Oceania_Championship
https://en.wikipedia.org/wiki/Sport_in_Victoria https://en.wikipedia.org/wiki/United_States
https://en.wikipedia.org/wiki/Sport_in_Victoria https://en.wikipedia.org/wiki/World_Police_and_Fire_Games
https://en.wikipedia.org/wiki/Sport_in_Victoria https://en.wikipedia.org/wiki/Presidents_Cup
https://en.wikipedia.org/wiki/Sport_in_Victoria https://en.wikipedia.org/wiki/Southern_Hemisphere
https://en.wikipedia.org/wiki/Sport_in_Victoria https://en.wikipedia.org/wiki/Polo
https://en.wikipedia.org/wiki/Sport_in_Victoria https://en.wikipedia.org/wiki/FIFA_World_Cup
https://en.wikipedia.org/wiki/Sport_in_Victoria https://en.wikipedia.org/wiki/Flemington_Racecourse
https://en.wikipedia.org/wiki/Sport_in_Victoria https://en.wikipedia.org/wiki/Horse_racing
https://en.wikipedia.org/wiki/Sport_in_Victoria https://en.wikipedia.org/wiki/Caulfield_Racecourse
https://en.wikipedia.org/wiki/Sport_in_Victoria https://en.wikipedia.org/wiki/Sandown_Racecourse
https://en.wikipedia.org/wiki/Sport_in_Victoria https://en.wikipedia.org/wiki/Calder_Park_Raceway
https://en.wikipedia.org/wiki/Sport_in_Victoria https://en.wikipedia.org/wiki/Moonee_Valley_Racecourse
https://en.wikipedia.org/wiki/Sport_in_Victoria https://en.wikipedia.org/wiki/Princes_Park_(stadium)
https://en.wikipedia.org/wiki/Sport_in_Victoria https://en.wikipedia.org/wiki/Knights_Stadium
https://en.wikipedia.org/wiki/Sport_in_Victoria https://en.wikipedia.org/wiki/Victoria_Park,_Melbourne
https://en.wikipedia.org/wiki/Sport_in_Victoria https://en.wikipedia.org/wiki/Whitten_Oval
https://en.wikipedia.org/wiki/Sport_in_Victoria https://en.wikipedia.org/wiki/Rod_Laver_Arena
https://en.wikipedia.org/wiki/Sport_in_Victoria https://en.wikipedia.org/wiki/Tennis
https://en.wikipedia.org/wiki/Sport_in_Victoria https://en.wikipedia.org/wiki/Lakeside_Stadium
https://en.wikipedia.org/wiki/Sport_in_Victoria https://en.wikipedia.org/wiki/Sport_of_athletics
https://en.wikipedia.org/wiki/Sport_in_Victoria https://en.wikipedia.org/wiki/Gridiron_football
https://en.wikipedia.org/wiki/Sport_in_Victoria https://en.wikipedia.org/wiki/Olympic_Park_(Village)
https://en.wikipedia.org/wiki/Sport_in_Victoria https://en.wikipedia.org/wiki/Gymnastics
https://en.wikipedia.org/wiki/Sport_in_Victoria https://en.wikipedia.org/wiki/Epping_Stadium
https://en.wikipedia.org/wiki/Sport_in_Victoria https://en.wikipedia.org/wiki/Green_Gully_Reserve
https://en.wikipedia.org/wiki/Sport_in_Victoria https://en.wikipedia.org/wiki/Kooyong_Stadium
https://en.wikipedia.org/wiki/Sport_in_Victoria https://en.wikipedia.org/wiki/Hockey
https://en.wikipedia.org/wiki/Sport_in_Victoria https://en.wikipedia.org/wiki/State_Basketball_Centre
https://en.wikipedia.org/wiki/Sport_in_Victoria https://en.wikipedia.org/wiki/Dandenong_Stadium
https://en.wikipedia.org/wiki/Sport_in_Victoria https://en.wikipedia.org/wiki/Melbourne_Sports_and_Aquatic_Centre
https://en.wikipedia.org/wiki/Sport_in_Victoria https://en.wikipedia.org/wiki/Swimming_(sport)
https://en.wikipedia.org/wiki/Sport_in_Victoria https://en.wikipedia.org/wiki/O%27Brien_Group_Arena
https://en.wikipedia.org/wiki/Sport_in_Victoria https://en.wikipedia.org/wiki/Ice_Hockey
https://en.wikipedia.org/wiki/Sport_in_Victoria https://en.wikipedia.org/wiki/Darebin_International_Sports_Centre
https://en.wikipedia.org/wiki/Sport_in_Victoria https://en.wikipedia.org/wiki/Eureka_Stadium
https://en.wikipedia.org/wiki/Sport_in_Victoria https://en.wikipedia.org/wiki/Bendigo_Stadium
https://en.wikipedia.org/wiki/Sport_in_Victoria https://en.wikipedia.org/wiki/Motorcycle_sport
https://en.wikipedia.org/wiki/Sport_in_Victoria https://en.wikipedia.org/wiki/Touring_car_racing
https://en.wikipedia.org/wiki/Sport_in_Victoria https://en.wikipedia.org/wiki/Matt_Stone_Racing
https://en.wikipedia.org/wiki/Sport_in_Victoria https://en.wikipedia.org/wiki/Ryobi_One_Day_Cup
https://en.wikipedia.org/wiki/Sport_in_Victoria https://en.wikipedia.org/wiki/Brad_Jones_Racing
https://en.wikipedia.org/wiki/Sport_in_Victoria https://en.wikipedia.org/wiki/Geelong_Football_Club
https://en.wikipedia.org/wiki/Sport_in_Victoria https://en.wikipedia.org/wiki/Brendan_McArdle
https://en.wikipedia.org/wiki/Sport_in_Victoria https://en.wikipedia.org/wiki/Rugby_league_in_Victoria
https://en.wikipedia.org/wiki/Sport_in_Victoria https://en.wikipedia.org/wiki/AFL_Women%27s
https://en.wikipedia.org/wiki/Sport_in_Victoria https://en.wikipedia.org/wiki/Carlton_Football_Club#AFL_Women.27s_team
https://en.wikipedia.org/wiki/Sport_in_Victoria https://en.wikipedia.org/wiki/Collingwood_Football_Club#AFL_Women.27s_team
https://en.wikipedia.org/wiki/Sport_in_Victoria https://en.wikipedia.org/wiki/Melbourne_Football_Club#AFL_Women.27s_team
https://en.wikipedia.org/wiki/Sport_in_Victoria https://en.wikipedia.org/wiki/North_Melbourne_Football_Club#AFL_Women.27s_team
https://en.wikipedia.org/wiki/Sport_in_Victoria https://en.wikipedia.org/wiki/Western_Bulldogs#AFL_Women.27s_team
https://en.wikipedia.org/wiki/Sport_in_Victoria https://en.wikipedia.org/wiki/Claxton_Shield
https://en.wikipedia.org/wiki/Sport_in_Victoria https://en.wikipedia.org/wiki/Victoria_Aces
https://en.wikipedia.org/wiki/Sport_in_Victoria https://en.wikipedia.org/wiki/South_East_Melbourne_Phoenix
https://en.wikipedia.org/wiki/Sport_in_Victoria https://en.wikipedia.org/wiki/Women%27s_National_Basketball_League
https://en.wikipedia.org/wiki/Sport_in_Victoria https://en.wikipedia.org/wiki/Dandenong_Rangers
https://en.wikipedia.org/wiki/Sport_in_Victoria https://en.wikipedia.org/wiki/Melbourne_Boomers
https://en.wikipedia.org/wiki/Sport_in_Victoria https://en.wikipedia.org/wiki/Australian_domestic_limited-overs_cricket_tournament
https://en.wikipedia.org/wiki/Sport_in_Victoria https://en.wikipedia.org/wiki/Victoria_cricket_team
https://en.wikipedia.org/wiki/Sport_in_Victoria https://en.wikipedia.org/wiki/Women%27s_National_Cricket_League
https://en.wikipedia.org/wiki/Sport_in_Victoria https://en.wikipedia.org/wiki/Victoria_women%27s_cricket_team
https://en.wikipedia.org/wiki/Sport_in_Victoria https://en.wikipedia.org/wiki/Melbourne_Renegades_(WBBL)
https://en.wikipedia.org/wiki/Sport_in_Victoria https://en.wikipedia.org/wiki/Melbourne_Stars_(WBBL)
https://en.wikipedia.org/wiki/Sport_in_Victoria https://en.wikipedia.org/wiki/Field_hockey
https://en.wikipedia.org/wiki/Sport_in_Victoria https://en.wikipedia.org/wiki/Australian_Hockey_League
https://en.wikipedia.org/wiki/Sport_in_Victoria https://en.wikipedia.org/wiki/Victorian_Vikings
https://en.wikipedia.org/wiki/Sport_in_Victoria https://en.wikipedia.org/wiki/Victorian_Vipers
https://en.wikipedia.org/wiki/Sport_in_Victoria https://en.wikipedia.org/wiki/Futsal
https://en.wikipedia.org/wiki/Sport_in_Victoria https://en.wikipedia.org/wiki/F-League
https://en.wikipedia.org/wiki/Sport_in_Victoria https://en.wikipedia.org/wiki/Vic_Vipers_Futsal_Club
https://en.wikipedia.org/wiki/Sport_in_Victoria https://en.wikipedia.org/wiki/Ice_hockey
https://en.wikipedia.org/wiki/Sport_in_Victoria https://en.wikipedia.org/wiki/Australian_Ice_Hockey_League
https://en.wikipedia.org/wiki/Sport_in_Victoria https://en.wikipedia.org/wiki/Melbourne_Ice
https://en.wikipedia.org/wiki/Sport_in_Victoria https://en.wikipedia.org/wiki/Melbourne_Mustangs
https://en.wikipedia.org/wiki/Sport_in_Victoria https://en.wikipedia.org/wiki/Dragon_Motor_Racing
https://en.wikipedia.org/wiki/Sport_in_Victoria https://en.wikipedia.org/wiki/Eggleston_Motorsport
https://en.wikipedia.org/wiki/Sport_in_Victoria https://en.wikipedia.org/wiki/Erebus_Motorsport
https://en.wikipedia.org/wiki/Sport_in_Victoria https://en.wikipedia.org/wiki/MW_Motorsport
https://en.wikipedia.org/wiki/Sport_in_Victoria https://en.wikipedia.org/wiki/National_Rugby_Championship
https://en.wikipedia.org/wiki/Sport_in_Victoria https://en.wikipedia.org/wiki/Melbourne_Rising
https://en.wikipedia.org/wiki/Sport_in_Victoria https://en.wikipedia.org/wiki/W-League_(Australia)
https://en.wikipedia.org/wiki/Sport_in_Victoria https://en.wikipedia.org/wiki/Melbourne_City_FC_(W-League)
https://en.wikipedia.org/wiki/Sport_in_Victoria https://en.wikipedia.org/wiki/Melbourne_Victory_FC_(W-League)
https://en.wikipedia.org/wiki/Sport_in_Victoria https://en.wikipedia.org/wiki/Water_polo
https://en.wikipedia.org/wiki/Sport_in_Victoria https://en.wikipedia.org/wiki/Australian_National_Water_Polo_League
https://en.wikipedia.org/wiki/Sport_in_Victoria https://en.wikipedia.org/wiki/Victorian_Seals
https://en.wikipedia.org/wiki/Sport_in_Victoria https://en.wikipedia.org/wiki/Sport_in_Australia
https://en.wikipedia.org/wiki/Sport_in_Victoria https://en.wikipedia.org/wiki/History_of_sport_in_Australia
https://en.wikipedia.org/wiki/Sport_in_Victoria https://en.wikipedia.org/wiki/Disabled_sports_in_Australia
https://en.wikipedia.org/wiki/Sport_in_Victoria https://en.wikipedia.org/wiki/Winter_sport_in_Australia
https://en.wikipedia.org/wiki/Sport_in_Victoria https://en.wikipedia.org/wiki/Women%27s_sport_in_Australia
https://en.wikipedia.org/wiki/Sport_in_Victoria https://en.wikipedia.org/wiki/Sport_in_the_Australian_Capital_Territory
https://en.wikipedia.org/wiki/Sport_in_Victoria https://en.wikipedia.org/wiki/Sport_in_New_South_Wales
https://en.wikipedia.org/wiki/Sport_in_Victoria https://en.wikipedia.org/wiki/Sport_in_the_Northern_Territory
https://en.wikipedia.org/wiki/Sport_in_Victoria https://en.wikipedia.org/wiki/Sport_in_Queensland
https://en.wikipedia.org/wiki/Sport_in_Victoria https://en.wikipedia.org/wiki/Sport_in_South_Australia
https://en.wikipedia.org/wiki/Sport_in_Victoria https://en.wikipedia.org/wiki/Sport_in_Tasmania
https://en.wikipedia.org/wiki/Sport_in_Victoria https://en.wikipedia.org/wiki/Sport_in_Western_Australia
https://en.wikipedia.org/wiki/Sport_in_Victoria https://en.wikipedia.org/wiki/Team_sport
https://en.wikipedia.org/wiki/Sport_in_Victoria https://en.wikipedia.org/wiki/American_football_in_Australia
https://en.wikipedia.org/wiki/Sport_in_Victoria https://en.wikipedia.org/wiki/Australian_rules_football_in_Australia
https://en.wikipedia.org/wiki/Sport_in_Victoria https://en.wikipedia.org/wiki/Baseball_in_Australia
https://en.wikipedia.org/wiki/Sport_in_Victoria https://en.wikipedia.org/wiki/Basketball_in_Australia
https://en.wikipedia.org/wiki/Sport_in_Victoria https://en.wikipedia.org/wiki/Cricket_in_Australia
https://en.wikipedia.org/wiki/Sport_in_Victoria https://en.wikipedia.org/wiki/Field_hockey_in_Australia
https://en.wikipedia.org/wiki/Sport_in_Victoria https://en.wikipedia.org/wiki/Football_in_Australia
https://en.wikipedia.org/wiki/Sport_in_Victoria https://en.wikipedia.org/wiki/Futsal_in_Australia
https://en.wikipedia.org/wiki/Sport_in_Victoria https://en.wikipedia.org/wiki/Australasia_GAA
https://en.wikipedia.org/wiki/Sport_in_Victoria https://en.wikipedia.org/wiki/Australian_Handball_Federation
https://en.wikipedia.org/wiki/Sport_in_Victoria https://en.wikipedia.org/wiki/Ice_hockey_in_Australia
https://en.wikipedia.org/wiki/Sport_in_Victoria https://en.wikipedia.org/wiki/Lacrosse_in_Australia
https://en.wikipedia.org/wiki/Sport_in_Victoria https://en.wikipedia.org/wiki/Netball_in_Australia
https://en.wikipedia.org/wiki/Sport_in_Victoria https://en.wikipedia.org/wiki/Roller_derby_in_Australia
https://en.wikipedia.org/wiki/Sport_in_Victoria https://en.wikipedia.org/wiki/Rugby_league_in_Australia
https://en.wikipedia.org/wiki/Sport_in_Victoria https://en.wikipedia.org/wiki/Rugby_union_in_Australia
https://en.wikipedia.org/wiki/Sport_in_Victoria https://en.wikipedia.org/wiki/Soccer_in_Australia
https://en.wikipedia.org/wiki/Sport_in_Victoria https://en.wikipedia.org/wiki/Softball_in_Australia
https://en.wikipedia.org/wiki/Sport_in_Victoria https://en.wikipedia.org/wiki/Vigoro
https://en.wikipedia.org/wiki/Sport_in_Victoria https://en.wikipedia.org/wiki/Water_polo_in_Australia
https://en.wikipedia.org/wiki/Sport_in_Victoria https://en.wikipedia.org/wiki/Individual_sport
https://en.wikipedia.org/wiki/Sport_in_Victoria https://en.wikipedia.org/wiki/Athletics_in_Australia
https://en.wikipedia.org/wiki/Sport_in_Victoria https://en.wikipedia.org/wiki/Badminton_Australia
https://en.wikipedia.org/wiki/Sport_in_Victoria https://en.wikipedia.org/wiki/Bodybuilding_in_Australia
https://en.wikipedia.org/wiki/Sport_in_Victoria https://en.wikipedia.org/wiki/Boxing_in_Australia
https://en.wikipedia.org/wiki/Sport_in_Victoria https://en.wikipedia.org/wiki/Campdrafting
https://en.wikipedia.org/wiki/Sport_in_Victoria https://en.wikipedia.org/wiki/Cycling_in_Australia
https://en.wikipedia.org/wiki/Sport_in_Victoria https://en.wikipedia.org/wiki/Fives
https://en.wikipedia.org/wiki/Sport_in_Victoria https://en.wikipedia.org/wiki/Golf_in_Australia
https://en.wikipedia.org/wiki/Sport_in_Victoria https://en.wikipedia.org/wiki/Thoroughbred_racing_in_Australia
https://en.wikipedia.org/wiki/Sport_in_Victoria https://en.wikipedia.org/wiki/Harness_racing_in_Australia
https://en.wikipedia.org/wiki/Sport_in_Victoria https://en.wikipedia.org/wiki/Steeplechase_(horse_racing)#Australia
https://en.wikipedia.org/wiki/Sport_in_Victoria https://en.wikipedia.org/wiki/Mixed_martial_arts_in_Australia
https://en.wikipedia.org/wiki/Sport_in_Victoria https://en.wikipedia.org/wiki/Motorsport_in_Australia
https://en.wikipedia.org/wiki/Sport_in_Victoria https://en.wikipedia.org/wiki/Professional_wrestling_in_Australia
https://en.wikipedia.org/wiki/Sport_in_Victoria https://en.wikipedia.org/wiki/Amateur_wrestling_in_Australia
https://en.wikipedia.org/wiki/Sport_in_Victoria https://en.wikipedia.org/wiki/Surfing_in_Australia
https://en.wikipedia.org/wiki/Sport_in_Victoria https://en.wikipedia.org/wiki/Skeleton_sport_in_Australia
https://en.wikipedia.org/wiki/Sport_in_Victoria https://en.wikipedia.org/wiki/Skiing_in_Australia
https://en.wikipedia.org/wiki/Sport_in_Victoria https://en.wikipedia.org/wiki/Swimming_in_Australia
https://en.wikipedia.org/wiki/Sport_in_Victoria https://en.wikipedia.org/wiki/Tennis_in_Australia
https://en.wikipedia.org/wiki/Sport_in_Victoria https://en.wikipedia.org/wiki/Trugo
https://en.wikipedia.org/wiki/Sport_in_Victoria https://en.wikipedia.org/wiki/Wood_chopping
https://en.wikipedia.org/wiki/Sport_in_Victoria https://en.wikipedia.org/wiki/Australia_at_the_Olympics
https://en.wikipedia.org/wiki/Sport_in_Victoria https://en.wikipedia.org/wiki/Australia_at_the_Winter_Olympics
https://en.wikipedia.org/wiki/Sport_in_Victoria https://en.wikipedia.org/wiki/Australia_at_the_Paralympics
https://en.wikipedia.org/wiki/Sport_in_Victoria https://en.wikipedia.org/wiki/Australia_at_the_Winter_Paralympics
https://en.wikipedia.org/wiki/Sport_in_Victoria https://en.wikipedia.org/wiki/Australia_at_the_Commonwealth_Games
https://en.wikipedia.org/wiki/Sport_in_Victoria https://en.wikipedia.org/wiki/Australia_at_the_Baseball_World_Cup
https://en.wikipedia.org/wiki/Sport_in_Victoria https://en.wikipedia.org/wiki/Australia_national_cricket_team#Tournament_history
https://en.wikipedia.org/wiki/Sport_in_Victoria https://en.wikipedia.org/wiki/Australia_at_the_FIFA_Confederations_Cup
https://en.wikipedia.org/wiki/Sport_in_Victoria https://en.wikipedia.org/wiki/Australia_at_the_FIFA_World_Cup
https://en.wikipedia.org/wiki/Sport_in_Victoria https://en.wikipedia.org/wiki/Australia_at_the_FIFA_Women%27s_World_Cup
https://en.wikipedia.org/wiki/Sport_in_Victoria https://en.wikipedia.org/wiki/Australia_at_the_Rugby_World_Cup
https://en.wikipedia.org/wiki/Sport_in_Victoria https://en.wikipedia.org/wiki/History_of_Victoria
https://en.wikipedia.org/wiki/Sport_in_Victoria https://en.wikipedia.org/wiki/Geology_of_Victoria
https://en.wikipedia.org/wiki/Sport_in_Victoria https://en.wikipedia.org/wiki/Government_of_Victoria
https://en.wikipedia.org/wiki/Sport_in_Victoria https://en.wikipedia.org/wiki/Parliament_of_Victoria
https://en.wikipedia.org/wiki/Sport_in_Victoria https://en.wikipedia.org/wiki/Politics_of_Victoria
https://en.wikipedia.org/wiki/Sport_in_Victoria https://en.wikipedia.org/wiki/Local_government_areas_of_Victoria
https://en.wikipedia.org/wiki/Sport_in_Victoria https://en.wikipedia.org/wiki/Energy_in_Victoria
https://en.wikipedia.org/wiki/Sport_in_Victoria https://en.wikipedia.org/wiki/Road_transport_in_Victoria
https://en.wikipedia.org/wiki/Sport_in_Victoria https://en.wikipedia.org/wiki/Rail_transport_in_Victoria
https://en.wikipedia.org/wiki/Sport_in_Victoria https://en.wikipedia.org/wiki/Education_in_Victoria
https://en.wikipedia.org/wiki/Sport_in_Victoria https://en.wikipedia.org/wiki/Teaching_in_Victoria
https://en.wikipedia.org/wiki/Sport_in_Victoria https://en.wikipedia.org/wiki/Regions_of_Victoria
https://en.wikipedia.org/wiki/Sport_in_Victoria https://en.wikipedia.org/wiki/Barwon_South_West
https://en.wikipedia.org/wiki/Sport_in_Victoria https://en.wikipedia.org/wiki/Gippsland
https://en.wikipedia.org/wiki/Sport_in_Victoria https://en.wikipedia.org/wiki/Grampians_(region)
https://en.wikipedia.org/wiki/Sport_in_Victoria https://en.wikipedia.org/wiki/Hume_(region)
https://en.wikipedia.org/wiki/Sport_in_Victoria https://en.wikipedia.org/wiki/Mallee_(Victoria)
https://en.wikipedia.org/wiki/Sport_in_Victoria https://en.wikipedia.org/wiki/Greater_Melbourne
https://en.wikipedia.org/wiki/Sport_in_Victoria https://en.wikipedia.org/wiki/Bellarine_Peninsula
https://en.wikipedia.org/wiki/Sport_in_Victoria https://en.wikipedia.org/wiki/Central_Highlands_(Victoria)
https://en.wikipedia.org/wiki/Sport_in_Victoria https://en.wikipedia.org/wiki/Goldfields_region_of_Victoria
https://en.wikipedia.org/wiki/Sport_in_Victoria https://en.wikipedia.org/wiki/Goulburn_Valley
https://en.wikipedia.org/wiki/Sport_in_Victoria https://en.wikipedia.org/wiki/Mornington_Peninsula
https://en.wikipedia.org/wiki/Sport_in_Victoria https://en.wikipedia.org/wiki/North_Central_Victoria
https://en.wikipedia.org/wiki/Sport_in_Victoria https://en.wikipedia.org/wiki/Otway_Ranges
https://en.wikipedia.org/wiki/Sport_in_Victoria https://en.wikipedia.org/wiki/Ovens_and_Murray
https://en.wikipedia.org/wiki/Sport_in_Victoria https://en.wikipedia.org/wiki/Port_Phillip
https://en.wikipedia.org/wiki/Sport_in_Victoria https://en.wikipedia.org/wiki/Sunraysia
https://en.wikipedia.org/wiki/Sport_in_Victoria https://en.wikipedia.org/wiki/Victorian_Alps
https://en.wikipedia.org/wiki/Sport_in_Victoria https://en.wikipedia.org/wiki/Western_District_(Victoria)
https://en.wikipedia.org/wiki/Sport_in_Victoria https://en.wikipedia.org/wiki/Western_Port
https://en.wikipedia.org/wiki/Sport_in_Victoria https://en.wikipedia.org/wiki/Wimmera
https://en.wikipedia.org/wiki/Sport_in_Victoria https://en.wikipedia.org/wiki/Yarra_Valley
https://en.wikipedia.org/wiki/Sport_in_Victoria https://en.wikipedia.org/wiki/List_of_localities_in_Victoria_(Australia)
https://en.wikipedia.org/wiki/Sport_in_Victoria https://en.wikipedia.org/wiki/Bacchus_Marsh
https://en.wikipedia.org/wiki/Sport_in_Victoria https://en.wikipedia.org/wiki/Bairnsdale
https://en.wikipedia.org/wiki/Sport_in_Victoria https://en.wikipedia.org/wiki/Ballarat
https://en.wikipedia.org/wiki/Sport_in_Victoria https://en.wikipedia.org/wiki/Bendigo
https://en.wikipedia.org/wiki/Sport_in_Victoria https://en.wikipedia.org/wiki/Colac,_Victoria
https://en.wikipedia.org/wiki/Sport_in_Victoria https://en.wikipedia.org/wiki/Echuca
https://en.wikipedia.org/wiki/Sport_in_Victoria https://en.wikipedia.org/wiki/Horsham,_Victoria
https://en.wikipedia.org/wiki/Sport_in_Victoria https://en.wikipedia.org/wiki/Latrobe_Valley
https://en.wikipedia.org/wiki/Sport_in_Victoria https://en.wikipedia.org/wiki/Mildura
https://en.wikipedia.org/wiki/Sport_in_Victoria https://en.wikipedia.org/wiki/Moe,_Victoria
https://en.wikipedia.org/wiki/Sport_in_Victoria https://en.wikipedia.org/wiki/Morwell,_Victoria
https://en.wikipedia.org/wiki/Sport_in_Victoria https://en.wikipedia.org/wiki/Ocean_Grove,_Victoria
https://en.wikipedia.org/wiki/Sport_in_Victoria https://en.wikipedia.org/wiki/Sale,_Victoria
https://en.wikipedia.org/wiki/Sport_in_Victoria https://en.wikipedia.org/wiki/Shepparton
https://en.wikipedia.org/wiki/Sport_in_Victoria https://en.wikipedia.org/wiki/Torquay,_Victoria
https://en.wikipedia.org/wiki/Sport_in_Victoria https://en.wikipedia.org/wiki/Wangaratta
https://en.wikipedia.org/wiki/Sport_in_Victoria https://en.wikipedia.org/wiki/Warragul
https://en.wikipedia.org/wiki/Sport_in_Victoria https://en.wikipedia.org/wiki/Warrnambool
https://en.wikipedia.org/wiki/Sport_in_Victoria https://en.wikipedia.org/wiki/Wodonga
