https://en.wikipedia.org/wiki/United_States_presidential_election_in_New_York,_1920 https://en.wikipedia.org/wiki/Elections_in_New_York_(state)
https://en.wikipedia.org/wiki/United_States_presidential_election_in_New_York,_1920 https://en.wikipedia.org/wiki/Federal_government_of_the_United_States
https://en.wikipedia.org/wiki/United_States_presidential_election_in_New_York,_1920 https://en.wikipedia.org/wiki/1792_United_States_presidential_election_in_New_York
https://en.wikipedia.org/wiki/United_States_presidential_election_in_New_York,_1920 https://en.wikipedia.org/wiki/1796_United_States_presidential_election_in_New_York
https://en.wikipedia.org/wiki/United_States_presidential_election_in_New_York,_1920 https://en.wikipedia.org/wiki/1800_United_States_presidential_election_in_New_York
https://en.wikipedia.org/wiki/United_States_presidential_election_in_New_York,_1920 https://en.wikipedia.org/wiki/1804_United_States_presidential_election_in_New_York
https://en.wikipedia.org/wiki/United_States_presidential_election_in_New_York,_1920 https://en.wikipedia.org/wiki/1808_United_States_presidential_election_in_New_York
https://en.wikipedia.org/wiki/United_States_presidential_election_in_New_York,_1920 https://en.wikipedia.org/wiki/1812_United_States_presidential_election_in_New_York
https://en.wikipedia.org/wiki/United_States_presidential_election_in_New_York,_1920 https://en.wikipedia.org/wiki/1816_United_States_presidential_election_in_New_York
https://en.wikipedia.org/wiki/United_States_presidential_election_in_New_York,_1920 https://en.wikipedia.org/wiki/1820_United_States_presidential_election_in_New_York
https://en.wikipedia.org/wiki/United_States_presidential_election_in_New_York,_1920 https://en.wikipedia.org/wiki/1824_United_States_presidential_election_in_New_York
https://en.wikipedia.org/wiki/United_States_presidential_election_in_New_York,_1920 https://en.wikipedia.org/wiki/1828_United_States_presidential_election_in_New_York
https://en.wikipedia.org/wiki/United_States_presidential_election_in_New_York,_1920 https://en.wikipedia.org/wiki/1832_United_States_presidential_election_in_New_York
https://en.wikipedia.org/wiki/United_States_presidential_election_in_New_York,_1920 https://en.wikipedia.org/wiki/1836_United_States_presidential_election_in_New_York
https://en.wikipedia.org/wiki/United_States_presidential_election_in_New_York,_1920 https://en.wikipedia.org/wiki/1840_United_States_presidential_election_in_New_York
https://en.wikipedia.org/wiki/United_States_presidential_election_in_New_York,_1920 https://en.wikipedia.org/wiki/1844_United_States_presidential_election_in_New_York
https://en.wikipedia.org/wiki/United_States_presidential_election_in_New_York,_1920 https://en.wikipedia.org/wiki/1848_United_States_presidential_election_in_New_York
https://en.wikipedia.org/wiki/United_States_presidential_election_in_New_York,_1920 https://en.wikipedia.org/wiki/1852_United_States_presidential_election_in_New_York
https://en.wikipedia.org/wiki/United_States_presidential_election_in_New_York,_1920 https://en.wikipedia.org/wiki/1856_United_States_presidential_election_in_New_York
https://en.wikipedia.org/wiki/United_States_presidential_election_in_New_York,_1920 https://en.wikipedia.org/wiki/1860_United_States_presidential_election_in_New_York
https://en.wikipedia.org/wiki/United_States_presidential_election_in_New_York,_1920 https://en.wikipedia.org/wiki/1864_United_States_presidential_election_in_New_York
https://en.wikipedia.org/wiki/United_States_presidential_election_in_New_York,_1920 https://en.wikipedia.org/wiki/1868_United_States_presidential_election_in_New_York
https://en.wikipedia.org/wiki/United_States_presidential_election_in_New_York,_1920 https://en.wikipedia.org/wiki/1872_United_States_presidential_election_in_New_York
https://en.wikipedia.org/wiki/United_States_presidential_election_in_New_York,_1920 https://en.wikipedia.org/wiki/1876_United_States_presidential_election_in_New_York
https://en.wikipedia.org/wiki/United_States_presidential_election_in_New_York,_1920 https://en.wikipedia.org/wiki/1880_United_States_presidential_election_in_New_York
https://en.wikipedia.org/wiki/United_States_presidential_election_in_New_York,_1920 https://en.wikipedia.org/wiki/1884_United_States_presidential_election_in_New_York
https://en.wikipedia.org/wiki/United_States_presidential_election_in_New_York,_1920 https://en.wikipedia.org/wiki/1888_United_States_presidential_election_in_New_York
https://en.wikipedia.org/wiki/United_States_presidential_election_in_New_York,_1920 https://en.wikipedia.org/wiki/1892_United_States_presidential_election_in_New_York
https://en.wikipedia.org/wiki/United_States_presidential_election_in_New_York,_1920 https://en.wikipedia.org/wiki/1896_United_States_presidential_election_in_New_York
https://en.wikipedia.org/wiki/United_States_presidential_election_in_New_York,_1920 https://en.wikipedia.org/wiki/1900_United_States_presidential_election_in_New_York
https://en.wikipedia.org/wiki/United_States_presidential_election_in_New_York,_1920 https://en.wikipedia.org/wiki/1904_United_States_presidential_election_in_New_York
https://en.wikipedia.org/wiki/United_States_presidential_election_in_New_York,_1920 https://en.wikipedia.org/wiki/1908_United_States_presidential_election_in_New_York
https://en.wikipedia.org/wiki/United_States_presidential_election_in_New_York,_1920 https://en.wikipedia.org/wiki/1912_United_States_presidential_election_in_New_York
https://en.wikipedia.org/wiki/United_States_presidential_election_in_New_York,_1920 https://en.wikipedia.org/wiki/1932_United_States_presidential_election_in_New_York
https://en.wikipedia.org/wiki/United_States_presidential_election_in_New_York,_1920 https://en.wikipedia.org/wiki/1936_United_States_presidential_election_in_New_York
https://en.wikipedia.org/wiki/United_States_presidential_election_in_New_York,_1920 https://en.wikipedia.org/wiki/1940_United_States_presidential_election_in_New_York
https://en.wikipedia.org/wiki/United_States_presidential_election_in_New_York,_1920 https://en.wikipedia.org/wiki/1944_United_States_presidential_election_in_New_York
https://en.wikipedia.org/wiki/United_States_presidential_election_in_New_York,_1920 https://en.wikipedia.org/wiki/1948_United_States_presidential_election_in_New_York
https://en.wikipedia.org/wiki/United_States_presidential_election_in_New_York,_1920 https://en.wikipedia.org/wiki/1952_United_States_presidential_election_in_New_York
https://en.wikipedia.org/wiki/United_States_presidential_election_in_New_York,_1920 https://en.wikipedia.org/wiki/1956_United_States_presidential_election_in_New_York
https://en.wikipedia.org/wiki/United_States_presidential_election_in_New_York,_1920 https://en.wikipedia.org/wiki/1960_United_States_presidential_election_in_New_York
https://en.wikipedia.org/wiki/United_States_presidential_election_in_New_York,_1920 https://en.wikipedia.org/wiki/1968_United_States_presidential_election_in_New_York
https://en.wikipedia.org/wiki/United_States_presidential_election_in_New_York,_1920 https://en.wikipedia.org/wiki/1972_United_States_presidential_election_in_New_York
https://en.wikipedia.org/wiki/United_States_presidential_election_in_New_York,_1920 https://en.wikipedia.org/wiki/1976_United_States_presidential_election_in_New_York
https://en.wikipedia.org/wiki/United_States_presidential_election_in_New_York,_1920 https://en.wikipedia.org/wiki/1980_United_States_presidential_election_in_New_York
https://en.wikipedia.org/wiki/United_States_presidential_election_in_New_York,_1920 https://en.wikipedia.org/wiki/1984_United_States_presidential_election_in_New_York
https://en.wikipedia.org/wiki/United_States_presidential_election_in_New_York,_1920 https://en.wikipedia.org/wiki/1988_United_States_presidential_election_in_New_York
https://en.wikipedia.org/wiki/United_States_presidential_election_in_New_York,_1920 https://en.wikipedia.org/wiki/1992_United_States_presidential_election_in_New_York
https://en.wikipedia.org/wiki/United_States_presidential_election_in_New_York,_1920 https://en.wikipedia.org/wiki/1996_United_States_presidential_election_in_New_York
https://en.wikipedia.org/wiki/United_States_presidential_election_in_New_York,_1920 https://en.wikipedia.org/wiki/2000_United_States_presidential_election_in_New_York
https://en.wikipedia.org/wiki/United_States_presidential_election_in_New_York,_1920 https://en.wikipedia.org/wiki/2004_United_States_presidential_election_in_New_York
https://en.wikipedia.org/wiki/United_States_presidential_election_in_New_York,_1920 https://en.wikipedia.org/wiki/2008_United_States_presidential_election_in_New_York
https://en.wikipedia.org/wiki/United_States_presidential_election_in_New_York,_1920 https://en.wikipedia.org/wiki/2012_United_States_presidential_election_in_New_York
https://en.wikipedia.org/wiki/United_States_presidential_election_in_New_York,_1920 https://en.wikipedia.org/wiki/2016_United_States_presidential_election_in_New_York
https://en.wikipedia.org/wiki/United_States_presidential_election_in_New_York,_1920 https://en.wikipedia.org/wiki/2020_United_States_presidential_election_in_New_York
https://en.wikipedia.org/wiki/United_States_presidential_election_in_New_York,_1920 https://en.wikipedia.org/wiki/United_States_presidential_primary
https://en.wikipedia.org/wiki/United_States_presidential_election_in_New_York,_1920 https://en.wikipedia.org/wiki/Democratic_Party_presidential_primaries
https://en.wikipedia.org/wiki/United_States_presidential_election_in_New_York,_1920 https://en.wikipedia.org/wiki/2004_New_York_Democratic_primary
https://en.wikipedia.org/wiki/United_States_presidential_election_in_New_York,_1920 https://en.wikipedia.org/wiki/2008_New_York_Democratic_primary
https://en.wikipedia.org/wiki/United_States_presidential_election_in_New_York,_1920 https://en.wikipedia.org/wiki/2016_New_York_Democratic_primary
https://en.wikipedia.org/wiki/United_States_presidential_election_in_New_York,_1920 https://en.wikipedia.org/wiki/Republican_Party_presidential_primaries
https://en.wikipedia.org/wiki/United_States_presidential_election_in_New_York,_1920 https://en.wikipedia.org/wiki/2004_New_York_Republican_primary
https://en.wikipedia.org/wiki/United_States_presidential_election_in_New_York,_1920 https://en.wikipedia.org/wiki/2008_New_York_Republican_primary
https://en.wikipedia.org/wiki/United_States_presidential_election_in_New_York,_1920 https://en.wikipedia.org/wiki/2016_New_York_Republican_primary
https://en.wikipedia.org/wiki/United_States_presidential_election_in_New_York,_1920 https://en.wikipedia.org/wiki/1789_United_States_Senate_elections_in_New_York
https://en.wikipedia.org/wiki/United_States_presidential_election_in_New_York,_1920 https://en.wikipedia.org/wiki/1791_United_States_Senate_election_in_New_York
https://en.wikipedia.org/wiki/United_States_presidential_election_in_New_York,_1920 https://en.wikipedia.org/wiki/1795_United_States_Senate_election_in_New_York
https://en.wikipedia.org/wiki/United_States_presidential_election_in_New_York,_1920 https://en.wikipedia.org/wiki/1797_United_States_Senate_election_in_New_York
https://en.wikipedia.org/wiki/United_States_presidential_election_in_New_York,_1920 https://en.wikipedia.org/wiki/1801_United_States_Senate_election_in_New_York
https://en.wikipedia.org/wiki/United_States_presidential_election_in_New_York,_1920 https://en.wikipedia.org/wiki/1803_United_States_Senate_election_in_New_York
https://en.wikipedia.org/wiki/United_States_presidential_election_in_New_York,_1920 https://en.wikipedia.org/wiki/1807_United_States_Senate_election_in_New_York
https://en.wikipedia.org/wiki/United_States_presidential_election_in_New_York,_1920 https://en.wikipedia.org/wiki/1809_United_States_Senate_election_in_New_York
https://en.wikipedia.org/wiki/United_States_presidential_election_in_New_York,_1920 https://en.wikipedia.org/wiki/1813_United_States_Senate_election_in_New_York
https://en.wikipedia.org/wiki/United_States_presidential_election_in_New_York,_1920 https://en.wikipedia.org/wiki/1815_United_States_Senate_election_in_New_York
https://en.wikipedia.org/wiki/United_States_presidential_election_in_New_York,_1920 https://en.wikipedia.org/wiki/1819/1820_United_States_Senate_election_in_New_York
https://en.wikipedia.org/wiki/United_States_presidential_election_in_New_York,_1920 https://en.wikipedia.org/wiki/1821_United_States_Senate_election_in_New_York
https://en.wikipedia.org/wiki/United_States_presidential_election_in_New_York,_1920 https://en.wikipedia.org/wiki/1825/1826_United_States_Senate_election_in_New_York
https://en.wikipedia.org/wiki/United_States_presidential_election_in_New_York,_1920 https://en.wikipedia.org/wiki/1827_United_States_Senate_election_in_New_York
https://en.wikipedia.org/wiki/United_States_presidential_election_in_New_York,_1920 https://en.wikipedia.org/wiki/1831_United_States_Senate_election_in_New_York
https://en.wikipedia.org/wiki/United_States_presidential_election_in_New_York,_1920 https://en.wikipedia.org/wiki/1833_United_States_Senate_election_in_New_York
https://en.wikipedia.org/wiki/United_States_presidential_election_in_New_York,_1920 https://en.wikipedia.org/wiki/1837_United_States_Senate_election_in_New_York
https://en.wikipedia.org/wiki/United_States_presidential_election_in_New_York,_1920 https://en.wikipedia.org/wiki/1839%E2%80%931840_United_States_Senate_election_in_New_York
https://en.wikipedia.org/wiki/United_States_presidential_election_in_New_York,_1920 https://en.wikipedia.org/wiki/1843_United_States_Senate_election_in_New_York
https://en.wikipedia.org/wiki/United_States_presidential_election_in_New_York,_1920 https://en.wikipedia.org/wiki/1845_United_States_Senate_elections_in_New_York
https://en.wikipedia.org/wiki/United_States_presidential_election_in_New_York,_1920 https://en.wikipedia.org/wiki/1849_United_States_Senate_election_in_New_York
https://en.wikipedia.org/wiki/United_States_presidential_election_in_New_York,_1920 https://en.wikipedia.org/wiki/1851_United_States_Senate_election_in_New_York
https://en.wikipedia.org/wiki/United_States_presidential_election_in_New_York,_1920 https://en.wikipedia.org/wiki/1855_United_States_Senate_election_in_New_York
https://en.wikipedia.org/wiki/United_States_presidential_election_in_New_York,_1920 https://en.wikipedia.org/wiki/1857_United_States_Senate_election_in_New_York
https://en.wikipedia.org/wiki/United_States_presidential_election_in_New_York,_1920 https://en.wikipedia.org/wiki/1861_United_States_Senate_election_in_New_York
https://en.wikipedia.org/wiki/United_States_presidential_election_in_New_York,_1920 https://en.wikipedia.org/wiki/1863_United_States_Senate_election_in_New_York
https://en.wikipedia.org/wiki/United_States_presidential_election_in_New_York,_1920 https://en.wikipedia.org/wiki/1867_United_States_Senate_election_in_New_York
https://en.wikipedia.org/wiki/United_States_presidential_election_in_New_York,_1920 https://en.wikipedia.org/wiki/1869_United_States_Senate_election_in_New_York
https://en.wikipedia.org/wiki/United_States_presidential_election_in_New_York,_1920 https://en.wikipedia.org/wiki/1873_United_States_Senate_election_in_New_York
https://en.wikipedia.org/wiki/United_States_presidential_election_in_New_York,_1920 https://en.wikipedia.org/wiki/1875_United_States_Senate_election_in_New_York
https://en.wikipedia.org/wiki/United_States_presidential_election_in_New_York,_1920 https://en.wikipedia.org/wiki/1879_United_States_Senate_election_in_New_York
https://en.wikipedia.org/wiki/United_States_presidential_election_in_New_York,_1920 https://en.wikipedia.org/wiki/1881_United_States_Senate_election_in_New_York
https://en.wikipedia.org/wiki/United_States_presidential_election_in_New_York,_1920 https://en.wikipedia.org/wiki/1885_United_States_Senate_election_in_New_York
https://en.wikipedia.org/wiki/United_States_presidential_election_in_New_York,_1920 https://en.wikipedia.org/wiki/1887_United_States_Senate_election_in_New_York
https://en.wikipedia.org/wiki/United_States_presidential_election_in_New_York,_1920 https://en.wikipedia.org/wiki/1891_United_States_Senate_election_in_New_York
https://en.wikipedia.org/wiki/United_States_presidential_election_in_New_York,_1920 https://en.wikipedia.org/wiki/1893_United_States_Senate_election_in_New_York
https://en.wikipedia.org/wiki/United_States_presidential_election_in_New_York,_1920 https://en.wikipedia.org/wiki/1897_United_States_Senate_election_in_New_York
https://en.wikipedia.org/wiki/United_States_presidential_election_in_New_York,_1920 https://en.wikipedia.org/wiki/1899_United_States_Senate_election_in_New_York
https://en.wikipedia.org/wiki/United_States_presidential_election_in_New_York,_1920 https://en.wikipedia.org/wiki/1903_United_States_Senate_election_in_New_York
https://en.wikipedia.org/wiki/United_States_presidential_election_in_New_York,_1920 https://en.wikipedia.org/wiki/1905_United_States_Senate_election_in_New_York
https://en.wikipedia.org/wiki/United_States_presidential_election_in_New_York,_1920 https://en.wikipedia.org/wiki/1909_United_States_Senate_election_in_New_York
https://en.wikipedia.org/wiki/United_States_presidential_election_in_New_York,_1920 https://en.wikipedia.org/wiki/1911_United_States_Senate_election_in_New_York
https://en.wikipedia.org/wiki/United_States_presidential_election_in_New_York,_1920 https://en.wikipedia.org/wiki/1964_United_States_Senate_election_in_New_York
https://en.wikipedia.org/wiki/United_States_presidential_election_in_New_York,_1920 https://en.wikipedia.org/wiki/1980_United_States_Senate_election_in_New_York
https://en.wikipedia.org/wiki/United_States_presidential_election_in_New_York,_1920 https://en.wikipedia.org/wiki/1986_United_States_Senate_election_in_New_York
https://en.wikipedia.org/wiki/United_States_presidential_election_in_New_York,_1920 https://en.wikipedia.org/wiki/1988_United_States_Senate_election_in_New_York
https://en.wikipedia.org/wiki/United_States_presidential_election_in_New_York,_1920 https://en.wikipedia.org/wiki/1992_United_States_Senate_election_in_New_York
https://en.wikipedia.org/wiki/United_States_presidential_election_in_New_York,_1920 https://en.wikipedia.org/wiki/1994_United_States_Senate_election_in_New_York
https://en.wikipedia.org/wiki/United_States_presidential_election_in_New_York,_1920 https://en.wikipedia.org/wiki/1998_United_States_Senate_election_in_New_York
https://en.wikipedia.org/wiki/United_States_presidential_election_in_New_York,_1920 https://en.wikipedia.org/wiki/2000_United_States_Senate_election_in_New_York
https://en.wikipedia.org/wiki/United_States_presidential_election_in_New_York,_1920 https://en.wikipedia.org/wiki/2004_United_States_Senate_election_in_New_York
https://en.wikipedia.org/wiki/United_States_presidential_election_in_New_York,_1920 https://en.wikipedia.org/wiki/2006_United_States_Senate_election_in_New_York
https://en.wikipedia.org/wiki/United_States_presidential_election_in_New_York,_1920 https://en.wikipedia.org/wiki/2010_United_States_Senate_election_in_New_York
https://en.wikipedia.org/wiki/United_States_presidential_election_in_New_York,_1920 https://en.wikipedia.org/wiki/2012_United_States_Senate_election_in_New_York
https://en.wikipedia.org/wiki/United_States_presidential_election_in_New_York,_1920 https://en.wikipedia.org/wiki/2016_United_States_Senate_election_in_New_York
https://en.wikipedia.org/wiki/United_States_presidential_election_in_New_York,_1920 https://en.wikipedia.org/wiki/2018_United_States_Senate_election_in_New_York
https://en.wikipedia.org/wiki/United_States_presidential_election_in_New_York,_1920 https://en.wikipedia.org/wiki/1789_United_States_House_of_Representatives_elections_in_New_York
https://en.wikipedia.org/wiki/United_States_presidential_election_in_New_York,_1920 https://en.wikipedia.org/wiki/1790_United_States_House_of_Representatives_elections_in_New_York
https://en.wikipedia.org/wiki/United_States_presidential_election_in_New_York,_1920 https://en.wikipedia.org/wiki/1793_United_States_House_of_Representatives_elections_in_New_York
https://en.wikipedia.org/wiki/United_States_presidential_election_in_New_York,_1920 https://en.wikipedia.org/wiki/1794_United_States_House_of_Representatives_elections_in_New_York
https://en.wikipedia.org/wiki/United_States_presidential_election_in_New_York,_1920 https://en.wikipedia.org/wiki/1798_United_States_House_of_Representatives_elections_in_New_York
https://en.wikipedia.org/wiki/United_States_presidential_election_in_New_York,_1920 https://en.wikipedia.org/wiki/1800_United_States_House_of_Representatives_elections_in_New_York
https://en.wikipedia.org/wiki/United_States_presidential_election_in_New_York,_1920 https://en.wikipedia.org/wiki/1802_United_States_House_of_Representatives_elections_in_New_York
https://en.wikipedia.org/wiki/United_States_presidential_election_in_New_York,_1920 https://en.wikipedia.org/wiki/1804_United_States_House_of_Representatives_elections_in_New_York
https://en.wikipedia.org/wiki/United_States_presidential_election_in_New_York,_1920 https://en.wikipedia.org/wiki/1806_United_States_House_of_Representatives_elections_in_New_York
https://en.wikipedia.org/wiki/United_States_presidential_election_in_New_York,_1920 https://en.wikipedia.org/wiki/1808_United_States_House_of_Representatives_elections_in_New_York
https://en.wikipedia.org/wiki/United_States_presidential_election_in_New_York,_1920 https://en.wikipedia.org/wiki/1810_United_States_House_of_Representatives_elections_in_New_York
https://en.wikipedia.org/wiki/United_States_presidential_election_in_New_York,_1920 https://en.wikipedia.org/wiki/1812_United_States_House_of_Representatives_elections_in_New_York
https://en.wikipedia.org/wiki/United_States_presidential_election_in_New_York,_1920 https://en.wikipedia.org/wiki/1814_United_States_House_of_Representatives_elections_in_New_York
https://en.wikipedia.org/wiki/United_States_presidential_election_in_New_York,_1920 https://en.wikipedia.org/wiki/1816_United_States_House_of_Representatives_elections_in_New_York
https://en.wikipedia.org/wiki/United_States_presidential_election_in_New_York,_1920 https://en.wikipedia.org/wiki/1818_United_States_House_of_Representatives_elections_in_New_York
https://en.wikipedia.org/wiki/United_States_presidential_election_in_New_York,_1920 https://en.wikipedia.org/wiki/1821_United_States_House_of_Representatives_elections_in_New_York
https://en.wikipedia.org/wiki/United_States_presidential_election_in_New_York,_1920 https://en.wikipedia.org/wiki/1822_United_States_House_of_Representatives_elections_in_New_York
https://en.wikipedia.org/wiki/United_States_presidential_election_in_New_York,_1920 https://en.wikipedia.org/wiki/1824_United_States_House_of_Representatives_elections_in_New_York
https://en.wikipedia.org/wiki/United_States_presidential_election_in_New_York,_1920 https://en.wikipedia.org/wiki/1826_United_States_House_of_Representatives_elections_in_New_York
https://en.wikipedia.org/wiki/United_States_presidential_election_in_New_York,_1920 https://en.wikipedia.org/wiki/1854_United_States_House_of_Representatives_elections_in_New_York
https://en.wikipedia.org/wiki/United_States_presidential_election_in_New_York,_1920 https://en.wikipedia.org/wiki/2002_United_States_House_of_Representatives_elections_in_New_York
https://en.wikipedia.org/wiki/United_States_presidential_election_in_New_York,_1920 https://en.wikipedia.org/wiki/2004_United_States_House_of_Representatives_elections_in_New_York
https://en.wikipedia.org/wiki/United_States_presidential_election_in_New_York,_1920 https://en.wikipedia.org/wiki/2006_United_States_House_of_Representatives_elections_in_New_York
https://en.wikipedia.org/wiki/United_States_presidential_election_in_New_York,_1920 https://en.wikipedia.org/wiki/2006_New_York%27s_13th_congressional_district_election
https://en.wikipedia.org/wiki/United_States_presidential_election_in_New_York,_1920 https://en.wikipedia.org/wiki/2006_New_York%27s_20th_congressional_district_election
https://en.wikipedia.org/wiki/United_States_presidential_election_in_New_York,_1920 https://en.wikipedia.org/wiki/2006_New_York%27s_29th_congressional_district_election
https://en.wikipedia.org/wiki/United_States_presidential_election_in_New_York,_1920 https://en.wikipedia.org/wiki/2008_United_States_House_of_Representatives_elections_in_New_York
https://en.wikipedia.org/wiki/United_States_presidential_election_in_New_York,_1920 https://en.wikipedia.org/wiki/2010_United_States_House_of_Representatives_elections_in_New_York
https://en.wikipedia.org/wiki/United_States_presidential_election_in_New_York,_1920 https://en.wikipedia.org/wiki/2012_United_States_House_of_Representatives_elections_in_New_York
https://en.wikipedia.org/wiki/United_States_presidential_election_in_New_York,_1920 https://en.wikipedia.org/wiki/2014_United_States_House_of_Representatives_elections_in_New_York
https://en.wikipedia.org/wiki/United_States_presidential_election_in_New_York,_1920 https://en.wikipedia.org/wiki/2016_United_States_House_of_Representatives_elections_in_New_York
https://en.wikipedia.org/wiki/United_States_presidential_election_in_New_York,_1920 https://en.wikipedia.org/wiki/2018_United_States_House_of_Representatives_elections_in_New_York
https://en.wikipedia.org/wiki/United_States_presidential_election_in_New_York,_1920 https://en.wikipedia.org/wiki/2009_New_York%27s_20th_congressional_district_special_election
https://en.wikipedia.org/wiki/United_States_presidential_election_in_New_York,_1920 https://en.wikipedia.org/wiki/2009_New_York%27s_23rd_congressional_district_special_election
https://en.wikipedia.org/wiki/United_States_presidential_election_in_New_York,_1920 https://en.wikipedia.org/wiki/2010_United_States_Senate_special_election_in_New_York
https://en.wikipedia.org/wiki/United_States_presidential_election_in_New_York,_1920 https://en.wikipedia.org/wiki/2010_New_York%27s_29th_congressional_district_elections
https://en.wikipedia.org/wiki/United_States_presidential_election_in_New_York,_1920 https://en.wikipedia.org/wiki/2011_New_York%27s_26th_congressional_district_special_election
https://en.wikipedia.org/wiki/United_States_presidential_election_in_New_York,_1920 https://en.wikipedia.org/wiki/2011_New_York%27s_9th_congressional_district_special_election
https://en.wikipedia.org/wiki/United_States_presidential_election_in_New_York,_1920 https://en.wikipedia.org/wiki/2015_New_York%27s_11th_congressional_district_special_election
https://en.wikipedia.org/wiki/United_States_presidential_election_in_New_York,_1920 https://en.wikipedia.org/wiki/2018_New_York%27s_25th_congressional_district_special_election
https://en.wikipedia.org/wiki/United_States_presidential_election_in_New_York,_1920 https://en.wikipedia.org/wiki/List_of_special_elections_to_the_United_States_House_of_Representatives_in_New_York
https://en.wikipedia.org/wiki/United_States_presidential_election_in_New_York,_1920 https://en.wikipedia.org/wiki/Government_of_New_York_(state)
https://en.wikipedia.org/wiki/United_States_presidential_election_in_New_York,_1920 https://en.wikipedia.org/wiki/New_York_gubernatorial_elections
https://en.wikipedia.org/wiki/United_States_presidential_election_in_New_York,_1920 https://en.wikipedia.org/wiki/1777_New_York_gubernatorial_election
https://en.wikipedia.org/wiki/United_States_presidential_election_in_New_York,_1920 https://en.wikipedia.org/wiki/1780_New_York_gubernatorial_election
https://en.wikipedia.org/wiki/United_States_presidential_election_in_New_York,_1920 https://en.wikipedia.org/wiki/1783_New_York_gubernatorial_election
https://en.wikipedia.org/wiki/United_States_presidential_election_in_New_York,_1920 https://en.wikipedia.org/wiki/1786_New_York_gubernatorial_election
https://en.wikipedia.org/wiki/United_States_presidential_election_in_New_York,_1920 https://en.wikipedia.org/wiki/1789_New_York_gubernatorial_election
https://en.wikipedia.org/wiki/United_States_presidential_election_in_New_York,_1920 https://en.wikipedia.org/wiki/1792_New_York_gubernatorial_election
https://en.wikipedia.org/wiki/United_States_presidential_election_in_New_York,_1920 https://en.wikipedia.org/wiki/1795_New_York_gubernatorial_election
https://en.wikipedia.org/wiki/United_States_presidential_election_in_New_York,_1920 https://en.wikipedia.org/wiki/1798_New_York_gubernatorial_election
https://en.wikipedia.org/wiki/United_States_presidential_election_in_New_York,_1920 https://en.wikipedia.org/wiki/1801_New_York_gubernatorial_election
https://en.wikipedia.org/wiki/United_States_presidential_election_in_New_York,_1920 https://en.wikipedia.org/wiki/1804_New_York_gubernatorial_election
https://en.wikipedia.org/wiki/United_States_presidential_election_in_New_York,_1920 https://en.wikipedia.org/wiki/1807_New_York_gubernatorial_election
https://en.wikipedia.org/wiki/United_States_presidential_election_in_New_York,_1920 https://en.wikipedia.org/wiki/1810_New_York_gubernatorial_election
https://en.wikipedia.org/wiki/United_States_presidential_election_in_New_York,_1920 https://en.wikipedia.org/wiki/1813_New_York_gubernatorial_election
https://en.wikipedia.org/wiki/United_States_presidential_election_in_New_York,_1920 https://en.wikipedia.org/wiki/1816_New_York_gubernatorial_election
https://en.wikipedia.org/wiki/United_States_presidential_election_in_New_York,_1920 https://en.wikipedia.org/wiki/1817_New_York_gubernatorial_election
https://en.wikipedia.org/wiki/United_States_presidential_election_in_New_York,_1920 https://en.wikipedia.org/wiki/1820_New_York_gubernatorial_election
https://en.wikipedia.org/wiki/United_States_presidential_election_in_New_York,_1920 https://en.wikipedia.org/wiki/1822_New_York_gubernatorial_election
https://en.wikipedia.org/wiki/United_States_presidential_election_in_New_York,_1920 https://en.wikipedia.org/wiki/1824_New_York_gubernatorial_election
https://en.wikipedia.org/wiki/United_States_presidential_election_in_New_York,_1920 https://en.wikipedia.org/wiki/1826_New_York_gubernatorial_election
https://en.wikipedia.org/wiki/United_States_presidential_election_in_New_York,_1920 https://en.wikipedia.org/wiki/1828_New_York_gubernatorial_election
https://en.wikipedia.org/wiki/United_States_presidential_election_in_New_York,_1920 https://en.wikipedia.org/wiki/1830_New_York_gubernatorial_election
https://en.wikipedia.org/wiki/United_States_presidential_election_in_New_York,_1920 https://en.wikipedia.org/wiki/1832_New_York_gubernatorial_election
https://en.wikipedia.org/wiki/United_States_presidential_election_in_New_York,_1920 https://en.wikipedia.org/wiki/1834_New_York_gubernatorial_election
https://en.wikipedia.org/wiki/United_States_presidential_election_in_New_York,_1920 https://en.wikipedia.org/wiki/1836_New_York_gubernatorial_election
https://en.wikipedia.org/wiki/United_States_presidential_election_in_New_York,_1920 https://en.wikipedia.org/wiki/1838_New_York_gubernatorial_election
https://en.wikipedia.org/wiki/United_States_presidential_election_in_New_York,_1920 https://en.wikipedia.org/wiki/1840_New_York_gubernatorial_election
https://en.wikipedia.org/wiki/United_States_presidential_election_in_New_York,_1920 https://en.wikipedia.org/wiki/1842_New_York_gubernatorial_election
https://en.wikipedia.org/wiki/United_States_presidential_election_in_New_York,_1920 https://en.wikipedia.org/wiki/1918_New_York_gubernatorial_election
https://en.wikipedia.org/wiki/United_States_presidential_election_in_New_York,_1920 https://en.wikipedia.org/wiki/1920_New_York_gubernatorial_election
https://en.wikipedia.org/wiki/United_States_presidential_election_in_New_York,_1920 https://en.wikipedia.org/wiki/1966_New_York_gubernatorial_election
https://en.wikipedia.org/wiki/United_States_presidential_election_in_New_York,_1920 https://en.wikipedia.org/wiki/1970_New_York_gubernatorial_election
https://en.wikipedia.org/wiki/United_States_presidential_election_in_New_York,_1920 https://en.wikipedia.org/wiki/1974_New_York_gubernatorial_election
https://en.wikipedia.org/wiki/United_States_presidential_election_in_New_York,_1920 https://en.wikipedia.org/wiki/1978_New_York_gubernatorial_election
https://en.wikipedia.org/wiki/United_States_presidential_election_in_New_York,_1920 https://en.wikipedia.org/wiki/1982_New_York_gubernatorial_election
https://en.wikipedia.org/wiki/United_States_presidential_election_in_New_York,_1920 https://en.wikipedia.org/wiki/1986_New_York_gubernatorial_election
https://en.wikipedia.org/wiki/United_States_presidential_election_in_New_York,_1920 https://en.wikipedia.org/wiki/1990_New_York_gubernatorial_election
https://en.wikipedia.org/wiki/United_States_presidential_election_in_New_York,_1920 https://en.wikipedia.org/wiki/1994_New_York_gubernatorial_election
https://en.wikipedia.org/wiki/United_States_presidential_election_in_New_York,_1920 https://en.wikipedia.org/wiki/1998_New_York_gubernatorial_election
https://en.wikipedia.org/wiki/United_States_presidential_election_in_New_York,_1920 https://en.wikipedia.org/wiki/2002_New_York_gubernatorial_election
https://en.wikipedia.org/wiki/United_States_presidential_election_in_New_York,_1920 https://en.wikipedia.org/wiki/2006_New_York_gubernatorial_election
https://en.wikipedia.org/wiki/United_States_presidential_election_in_New_York,_1920 https://en.wikipedia.org/wiki/2010_New_York_gubernatorial_election
https://en.wikipedia.org/wiki/United_States_presidential_election_in_New_York,_1920 https://en.wikipedia.org/wiki/2014_New_York_gubernatorial_election
https://en.wikipedia.org/wiki/United_States_presidential_election_in_New_York,_1920 https://en.wikipedia.org/wiki/2018_New_York_gubernatorial_election
https://en.wikipedia.org/wiki/United_States_presidential_election_in_New_York,_1920 https://en.wikipedia.org/wiki/New_York_Attorney_General_elections
https://en.wikipedia.org/wiki/United_States_presidential_election_in_New_York,_1920 https://en.wikipedia.org/wiki/1998_New_York_Attorney_General_election
https://en.wikipedia.org/wiki/United_States_presidential_election_in_New_York,_1920 https://en.wikipedia.org/wiki/2002_New_York_Attorney_General_election
https://en.wikipedia.org/wiki/United_States_presidential_election_in_New_York,_1920 https://en.wikipedia.org/wiki/2006_New_York_Attorney_General_election
https://en.wikipedia.org/wiki/United_States_presidential_election_in_New_York,_1920 https://en.wikipedia.org/wiki/2010_New_York_Attorney_General_election
https://en.wikipedia.org/wiki/United_States_presidential_election_in_New_York,_1920 https://en.wikipedia.org/wiki/2014_New_York_Attorney_General_election
https://en.wikipedia.org/wiki/United_States_presidential_election_in_New_York,_1920 https://en.wikipedia.org/wiki/2018_New_York_Attorney_General_election
https://en.wikipedia.org/wiki/United_States_presidential_election_in_New_York,_1920 https://en.wikipedia.org/wiki/New_York_Comptroller_elections
https://en.wikipedia.org/wiki/United_States_presidential_election_in_New_York,_1920 https://en.wikipedia.org/wiki/1998_New_York_Comptroller_election
https://en.wikipedia.org/wiki/United_States_presidential_election_in_New_York,_1920 https://en.wikipedia.org/wiki/2002_New_York_Comptroller_election
https://en.wikipedia.org/wiki/United_States_presidential_election_in_New_York,_1920 https://en.wikipedia.org/wiki/2006_New_York_Comptroller_election
https://en.wikipedia.org/wiki/United_States_presidential_election_in_New_York,_1920 https://en.wikipedia.org/wiki/2010_New_York_Comptroller_election
https://en.wikipedia.org/wiki/United_States_presidential_election_in_New_York,_1920 https://en.wikipedia.org/wiki/2014_New_York_Comptroller_election
https://en.wikipedia.org/wiki/United_States_presidential_election_in_New_York,_1920 https://en.wikipedia.org/wiki/2018_New_York_Comptroller_election
https://en.wikipedia.org/wiki/United_States_presidential_election_in_New_York,_1920 https://en.wikipedia.org/wiki/New_York_State_Senate
https://en.wikipedia.org/wiki/United_States_presidential_election_in_New_York,_1920 https://en.wikipedia.org/wiki/2018_New_York_Senate_election
https://en.wikipedia.org/wiki/United_States_presidential_election_in_New_York,_1920 https://en.wikipedia.org/wiki/New_York_State_Assembly
https://en.wikipedia.org/wiki/United_States_presidential_election_in_New_York,_1920 https://en.wikipedia.org/wiki/New_York%27s_99th_assembly_district#2006_election
https://en.wikipedia.org/wiki/United_States_presidential_election_in_New_York,_1920 https://en.wikipedia.org/wiki/2018_New_York_Assembly_election
https://en.wikipedia.org/wiki/United_States_presidential_election_in_New_York,_1920 https://en.wikipedia.org/wiki/New_York_state_elections
https://en.wikipedia.org/wiki/United_States_presidential_election_in_New_York,_1920 https://en.wikipedia.org/wiki/1811_New_York_lieutenant_gubernatorial_special_election
https://en.wikipedia.org/wiki/United_States_presidential_election_in_New_York,_1920 https://en.wikipedia.org/wiki/1844_New_York_state_election
https://en.wikipedia.org/wiki/United_States_presidential_election_in_New_York,_1920 https://en.wikipedia.org/wiki/1846_New_York_state_election
https://en.wikipedia.org/wiki/United_States_presidential_election_in_New_York,_1920 https://en.wikipedia.org/wiki/1847_New_York_special_judicial_election
https://en.wikipedia.org/wiki/United_States_presidential_election_in_New_York,_1920 https://en.wikipedia.org/wiki/1847_New_York_state_election
https://en.wikipedia.org/wiki/United_States_presidential_election_in_New_York,_1920 https://en.wikipedia.org/wiki/1848_New_York_state_election
https://en.wikipedia.org/wiki/United_States_presidential_election_in_New_York,_1920 https://en.wikipedia.org/wiki/1849_New_York_state_election
https://en.wikipedia.org/wiki/United_States_presidential_election_in_New_York,_1920 https://en.wikipedia.org/wiki/1850_New_York_state_election
https://en.wikipedia.org/wiki/United_States_presidential_election_in_New_York,_1920 https://en.wikipedia.org/wiki/1851_New_York_state_election
https://en.wikipedia.org/wiki/United_States_presidential_election_in_New_York,_1920 https://en.wikipedia.org/wiki/1852_New_York_state_election
https://en.wikipedia.org/wiki/United_States_presidential_election_in_New_York,_1920 https://en.wikipedia.org/wiki/1853_New_York_state_election
https://en.wikipedia.org/wiki/United_States_presidential_election_in_New_York,_1920 https://en.wikipedia.org/wiki/1854_New_York_state_election
https://en.wikipedia.org/wiki/United_States_presidential_election_in_New_York,_1920 https://en.wikipedia.org/wiki/1855_New_York_state_election
https://en.wikipedia.org/wiki/United_States_presidential_election_in_New_York,_1920 https://en.wikipedia.org/wiki/1856_New_York_state_election
https://en.wikipedia.org/wiki/United_States_presidential_election_in_New_York,_1920 https://en.wikipedia.org/wiki/1857_New_York_state_election
https://en.wikipedia.org/wiki/United_States_presidential_election_in_New_York,_1920 https://en.wikipedia.org/wiki/1858_New_York_state_election
https://en.wikipedia.org/wiki/United_States_presidential_election_in_New_York,_1920 https://en.wikipedia.org/wiki/1859_New_York_state_election
https://en.wikipedia.org/wiki/United_States_presidential_election_in_New_York,_1920 https://en.wikipedia.org/wiki/1860_New_York_state_election
https://en.wikipedia.org/wiki/United_States_presidential_election_in_New_York,_1920 https://en.wikipedia.org/wiki/1861_New_York_state_election
https://en.wikipedia.org/wiki/United_States_presidential_election_in_New_York,_1920 https://en.wikipedia.org/wiki/1862_New_York_state_election
https://en.wikipedia.org/wiki/United_States_presidential_election_in_New_York,_1920 https://en.wikipedia.org/wiki/1863_New_York_state_election
https://en.wikipedia.org/wiki/United_States_presidential_election_in_New_York,_1920 https://en.wikipedia.org/wiki/1864_New_York_state_election
https://en.wikipedia.org/wiki/United_States_presidential_election_in_New_York,_1920 https://en.wikipedia.org/wiki/1865_New_York_state_election
https://en.wikipedia.org/wiki/United_States_presidential_election_in_New_York,_1920 https://en.wikipedia.org/wiki/1866_New_York_state_election
https://en.wikipedia.org/wiki/United_States_presidential_election_in_New_York,_1920 https://en.wikipedia.org/wiki/1867_New_York_state_election
https://en.wikipedia.org/wiki/United_States_presidential_election_in_New_York,_1920 https://en.wikipedia.org/wiki/1868_New_York_state_election
https://en.wikipedia.org/wiki/United_States_presidential_election_in_New_York,_1920 https://en.wikipedia.org/wiki/1869_New_York_state_election
https://en.wikipedia.org/wiki/United_States_presidential_election_in_New_York,_1920 https://en.wikipedia.org/wiki/1870_New_York_state_election
https://en.wikipedia.org/wiki/United_States_presidential_election_in_New_York,_1920 https://en.wikipedia.org/wiki/1870_New_York_special_judicial_election
https://en.wikipedia.org/wiki/United_States_presidential_election_in_New_York,_1920 https://en.wikipedia.org/wiki/1871_New_York_state_election
https://en.wikipedia.org/wiki/United_States_presidential_election_in_New_York,_1920 https://en.wikipedia.org/wiki/1872_New_York_state_election
https://en.wikipedia.org/wiki/United_States_presidential_election_in_New_York,_1920 https://en.wikipedia.org/wiki/1873_New_York_state_election
https://en.wikipedia.org/wiki/United_States_presidential_election_in_New_York,_1920 https://en.wikipedia.org/wiki/1874_New_York_state_election
https://en.wikipedia.org/wiki/United_States_presidential_election_in_New_York,_1920 https://en.wikipedia.org/wiki/1875_New_York_state_election
https://en.wikipedia.org/wiki/United_States_presidential_election_in_New_York,_1920 https://en.wikipedia.org/wiki/1876_New_York_state_election
https://en.wikipedia.org/wiki/United_States_presidential_election_in_New_York,_1920 https://en.wikipedia.org/wiki/1877_New_York_state_election
https://en.wikipedia.org/wiki/United_States_presidential_election_in_New_York,_1920 https://en.wikipedia.org/wiki/1878_New_York_state_election
https://en.wikipedia.org/wiki/United_States_presidential_election_in_New_York,_1920 https://en.wikipedia.org/wiki/1879_New_York_state_election
https://en.wikipedia.org/wiki/United_States_presidential_election_in_New_York,_1920 https://en.wikipedia.org/wiki/1880_New_York_state_election
https://en.wikipedia.org/wiki/United_States_presidential_election_in_New_York,_1920 https://en.wikipedia.org/wiki/1881_New_York_state_election
https://en.wikipedia.org/wiki/United_States_presidential_election_in_New_York,_1920 https://en.wikipedia.org/wiki/1882_New_York_state_election
https://en.wikipedia.org/wiki/United_States_presidential_election_in_New_York,_1920 https://en.wikipedia.org/wiki/1883_New_York_state_election
https://en.wikipedia.org/wiki/United_States_presidential_election_in_New_York,_1920 https://en.wikipedia.org/wiki/1884_New_York_state_election
https://en.wikipedia.org/wiki/United_States_presidential_election_in_New_York,_1920 https://en.wikipedia.org/wiki/1885_New_York_state_election
https://en.wikipedia.org/wiki/United_States_presidential_election_in_New_York,_1920 https://en.wikipedia.org/wiki/1886_New_York_state_election
https://en.wikipedia.org/wiki/United_States_presidential_election_in_New_York,_1920 https://en.wikipedia.org/wiki/1887_New_York_state_election
https://en.wikipedia.org/wiki/United_States_presidential_election_in_New_York,_1920 https://en.wikipedia.org/wiki/1888_New_York_state_election
https://en.wikipedia.org/wiki/United_States_presidential_election_in_New_York,_1920 https://en.wikipedia.org/wiki/1889_New_York_state_election
https://en.wikipedia.org/wiki/United_States_presidential_election_in_New_York,_1920 https://en.wikipedia.org/wiki/1890_New_York_state_election
https://en.wikipedia.org/wiki/United_States_presidential_election_in_New_York,_1920 https://en.wikipedia.org/wiki/1891_New_York_state_election
https://en.wikipedia.org/wiki/United_States_presidential_election_in_New_York,_1920 https://en.wikipedia.org/wiki/1892_New_York_state_election
https://en.wikipedia.org/wiki/United_States_presidential_election_in_New_York,_1920 https://en.wikipedia.org/wiki/1893_New_York_state_election
https://en.wikipedia.org/wiki/United_States_presidential_election_in_New_York,_1920 https://en.wikipedia.org/wiki/1894_New_York_state_election
https://en.wikipedia.org/wiki/United_States_presidential_election_in_New_York,_1920 https://en.wikipedia.org/wiki/1895_New_York_state_election
https://en.wikipedia.org/wiki/United_States_presidential_election_in_New_York,_1920 https://en.wikipedia.org/wiki/1896_New_York_state_election
https://en.wikipedia.org/wiki/United_States_presidential_election_in_New_York,_1920 https://en.wikipedia.org/wiki/1897_New_York_state_election
https://en.wikipedia.org/wiki/United_States_presidential_election_in_New_York,_1920 https://en.wikipedia.org/wiki/1898_New_York_state_election
https://en.wikipedia.org/wiki/United_States_presidential_election_in_New_York,_1920 https://en.wikipedia.org/wiki/1900_New_York_state_election
https://en.wikipedia.org/wiki/United_States_presidential_election_in_New_York,_1920 https://en.wikipedia.org/wiki/1902_New_York_state_election
https://en.wikipedia.org/wiki/United_States_presidential_election_in_New_York,_1920 https://en.wikipedia.org/wiki/1903_New_York_state_election
https://en.wikipedia.org/wiki/United_States_presidential_election_in_New_York,_1920 https://en.wikipedia.org/wiki/1904_New_York_state_election
https://en.wikipedia.org/wiki/United_States_presidential_election_in_New_York,_1920 https://en.wikipedia.org/wiki/1906_New_York_state_election
https://en.wikipedia.org/wiki/United_States_presidential_election_in_New_York,_1920 https://en.wikipedia.org/wiki/1907_New_York_state_election
https://en.wikipedia.org/wiki/United_States_presidential_election_in_New_York,_1920 https://en.wikipedia.org/wiki/1908_New_York_state_election
https://en.wikipedia.org/wiki/United_States_presidential_election_in_New_York,_1920 https://en.wikipedia.org/wiki/1910_New_York_state_election
https://en.wikipedia.org/wiki/United_States_presidential_election_in_New_York,_1920 https://en.wikipedia.org/wiki/1912_New_York_state_election
https://en.wikipedia.org/wiki/United_States_presidential_election_in_New_York,_1920 https://en.wikipedia.org/wiki/1913_New_York_state_election
https://en.wikipedia.org/wiki/United_States_presidential_election_in_New_York,_1920 https://en.wikipedia.org/wiki/1914_New_York_state_election
https://en.wikipedia.org/wiki/United_States_presidential_election_in_New_York,_1920 https://en.wikipedia.org/wiki/1916_New_York_state_election
https://en.wikipedia.org/wiki/United_States_presidential_election_in_New_York,_1920 https://en.wikipedia.org/wiki/1917_New_York_state_election
https://en.wikipedia.org/wiki/United_States_presidential_election_in_New_York,_1920 https://en.wikipedia.org/wiki/1918_New_York_state_election
https://en.wikipedia.org/wiki/United_States_presidential_election_in_New_York,_1920 https://en.wikipedia.org/wiki/1920_New_York_state_election
https://en.wikipedia.org/wiki/United_States_presidential_election_in_New_York,_1920 https://en.wikipedia.org/wiki/1921_New_York_state_election
https://en.wikipedia.org/wiki/United_States_presidential_election_in_New_York,_1920 https://en.wikipedia.org/wiki/1922_New_York_state_election
https://en.wikipedia.org/wiki/United_States_presidential_election_in_New_York,_1920 https://en.wikipedia.org/wiki/1923_New_York_state_election
https://en.wikipedia.org/wiki/United_States_presidential_election_in_New_York,_1920 https://en.wikipedia.org/wiki/1924_New_York_state_election
https://en.wikipedia.org/wiki/United_States_presidential_election_in_New_York,_1920 https://en.wikipedia.org/wiki/1926_New_York_state_election
https://en.wikipedia.org/wiki/United_States_presidential_election_in_New_York,_1920 https://en.wikipedia.org/wiki/1927_New_York_state_election
https://en.wikipedia.org/wiki/United_States_presidential_election_in_New_York,_1920 https://en.wikipedia.org/wiki/1928_New_York_state_election
https://en.wikipedia.org/wiki/United_States_presidential_election_in_New_York,_1920 https://en.wikipedia.org/wiki/1930_New_York_state_election
https://en.wikipedia.org/wiki/United_States_presidential_election_in_New_York,_1920 https://en.wikipedia.org/wiki/1932_New_York_state_election
https://en.wikipedia.org/wiki/United_States_presidential_election_in_New_York,_1920 https://en.wikipedia.org/wiki/1933_New_York_state_election
https://en.wikipedia.org/wiki/United_States_presidential_election_in_New_York,_1920 https://en.wikipedia.org/wiki/1934_New_York_state_election
https://en.wikipedia.org/wiki/United_States_presidential_election_in_New_York,_1920 https://en.wikipedia.org/wiki/1936_New_York_state_election
https://en.wikipedia.org/wiki/United_States_presidential_election_in_New_York,_1920 https://en.wikipedia.org/wiki/1937_New_York_state_election
https://en.wikipedia.org/wiki/United_States_presidential_election_in_New_York,_1920 https://en.wikipedia.org/wiki/1938_New_York_state_election
https://en.wikipedia.org/wiki/United_States_presidential_election_in_New_York,_1920 https://en.wikipedia.org/wiki/1939_New_York_state_election
https://en.wikipedia.org/wiki/United_States_presidential_election_in_New_York,_1920 https://en.wikipedia.org/wiki/1940_New_York_state_election
https://en.wikipedia.org/wiki/United_States_presidential_election_in_New_York,_1920 https://en.wikipedia.org/wiki/1942_New_York_state_election
https://en.wikipedia.org/wiki/United_States_presidential_election_in_New_York,_1920 https://en.wikipedia.org/wiki/1943_New_York_state_election
https://en.wikipedia.org/wiki/United_States_presidential_election_in_New_York,_1920 https://en.wikipedia.org/wiki/1944_New_York_state_election
https://en.wikipedia.org/wiki/United_States_presidential_election_in_New_York,_1920 https://en.wikipedia.org/wiki/1946_New_York_state_election
https://en.wikipedia.org/wiki/United_States_presidential_election_in_New_York,_1920 https://en.wikipedia.org/wiki/1949_New_York_state_election
https://en.wikipedia.org/wiki/United_States_presidential_election_in_New_York,_1920 https://en.wikipedia.org/wiki/1950_New_York_state_election
https://en.wikipedia.org/wiki/United_States_presidential_election_in_New_York,_1920 https://en.wikipedia.org/wiki/1953_New_York_state_election
https://en.wikipedia.org/wiki/United_States_presidential_election_in_New_York,_1920 https://en.wikipedia.org/wiki/1954_New_York_state_election
https://en.wikipedia.org/wiki/United_States_presidential_election_in_New_York,_1920 https://en.wikipedia.org/wiki/1956_New_York_state_election
https://en.wikipedia.org/wiki/United_States_presidential_election_in_New_York,_1920 https://en.wikipedia.org/wiki/1958_New_York_state_election
https://en.wikipedia.org/wiki/United_States_presidential_election_in_New_York,_1920 https://en.wikipedia.org/wiki/1959_New_York_state_election
https://en.wikipedia.org/wiki/United_States_presidential_election_in_New_York,_1920 https://en.wikipedia.org/wiki/1960_New_York_state_election
https://en.wikipedia.org/wiki/United_States_presidential_election_in_New_York,_1920 https://en.wikipedia.org/wiki/1962_New_York_state_election
https://en.wikipedia.org/wiki/United_States_presidential_election_in_New_York,_1920 https://en.wikipedia.org/wiki/1963_New_York_state_election
https://en.wikipedia.org/wiki/United_States_presidential_election_in_New_York,_1920 https://en.wikipedia.org/wiki/1964_New_York_state_election
https://en.wikipedia.org/wiki/United_States_presidential_election_in_New_York,_1920 https://en.wikipedia.org/wiki/1965_New_York_state_election
https://en.wikipedia.org/wiki/United_States_presidential_election_in_New_York,_1920 https://en.wikipedia.org/wiki/1966_New_York_state_election
https://en.wikipedia.org/wiki/United_States_presidential_election_in_New_York,_1920 https://en.wikipedia.org/wiki/1967_New_York_state_election
https://en.wikipedia.org/wiki/United_States_presidential_election_in_New_York,_1920 https://en.wikipedia.org/wiki/1968_New_York_state_election
https://en.wikipedia.org/wiki/United_States_presidential_election_in_New_York,_1920 https://en.wikipedia.org/wiki/1969_New_York_state_election
https://en.wikipedia.org/wiki/United_States_presidential_election_in_New_York,_1920 https://en.wikipedia.org/wiki/1970_New_York_state_election
https://en.wikipedia.org/wiki/United_States_presidential_election_in_New_York,_1920 https://en.wikipedia.org/wiki/1972_New_York_state_election
https://en.wikipedia.org/wiki/United_States_presidential_election_in_New_York,_1920 https://en.wikipedia.org/wiki/1973_New_York_state_election
https://en.wikipedia.org/wiki/United_States_presidential_election_in_New_York,_1920 https://en.wikipedia.org/wiki/1974_New_York_state_election
https://en.wikipedia.org/wiki/United_States_presidential_election_in_New_York,_1920 https://en.wikipedia.org/wiki/2002_New_York_state_elections
https://en.wikipedia.org/wiki/United_States_presidential_election_in_New_York,_1920 https://en.wikipedia.org/wiki/2006_New_York_state_elections
https://en.wikipedia.org/wiki/United_States_presidential_election_in_New_York,_1920 https://en.wikipedia.org/wiki/2009_New_York_elections
https://en.wikipedia.org/wiki/United_States_presidential_election_in_New_York,_1920 https://en.wikipedia.org/wiki/2010_New_York_state_elections
https://en.wikipedia.org/wiki/United_States_presidential_election_in_New_York,_1920 https://en.wikipedia.org/wiki/2012_New_York_state_elections
https://en.wikipedia.org/wiki/United_States_presidential_election_in_New_York,_1920 https://en.wikipedia.org/wiki/2016_New_York_state_elections
https://en.wikipedia.org/wiki/United_States_presidential_election_in_New_York,_1920 https://en.wikipedia.org/wiki/2018_New_York_state_elections
https://en.wikipedia.org/wiki/United_States_presidential_election_in_New_York,_1920 https://en.wikipedia.org/wiki/Government_of_New_York_City
https://en.wikipedia.org/wiki/United_States_presidential_election_in_New_York,_1920 https://en.wikipedia.org/wiki/Characteristics_of_New_York_City_mayoral_elections
https://en.wikipedia.org/wiki/United_States_presidential_election_in_New_York,_1920 https://en.wikipedia.org/wiki/New_York_City_mayoral_elections
https://en.wikipedia.org/wiki/United_States_presidential_election_in_New_York,_1920 https://en.wikipedia.org/wiki/1917_New_York_City_mayoral_election
https://en.wikipedia.org/wiki/United_States_presidential_election_in_New_York,_1920 https://en.wikipedia.org/wiki/1953_New_York_City_mayoral_election
https://en.wikipedia.org/wiki/United_States_presidential_election_in_New_York,_1920 https://en.wikipedia.org/wiki/1957_New_York_City_mayoral_election
https://en.wikipedia.org/wiki/United_States_presidential_election_in_New_York,_1920 https://en.wikipedia.org/wiki/1961_New_York_City_mayoral_election
https://en.wikipedia.org/wiki/United_States_presidential_election_in_New_York,_1920 https://en.wikipedia.org/wiki/1965_New_York_City_mayoral_election
https://en.wikipedia.org/wiki/United_States_presidential_election_in_New_York,_1920 https://en.wikipedia.org/wiki/1969_New_York_City_mayoral_election
https://en.wikipedia.org/wiki/United_States_presidential_election_in_New_York,_1920 https://en.wikipedia.org/wiki/1973_New_York_City_mayoral_election
https://en.wikipedia.org/wiki/United_States_presidential_election_in_New_York,_1920 https://en.wikipedia.org/wiki/1977_New_York_City_mayoral_election
https://en.wikipedia.org/wiki/United_States_presidential_election_in_New_York,_1920 https://en.wikipedia.org/wiki/1981_New_York_City_mayoral_election
https://en.wikipedia.org/wiki/United_States_presidential_election_in_New_York,_1920 https://en.wikipedia.org/wiki/1985_New_York_City_mayoral_election
https://en.wikipedia.org/wiki/United_States_presidential_election_in_New_York,_1920 https://en.wikipedia.org/wiki/1989_New_York_City_mayoral_election
https://en.wikipedia.org/wiki/United_States_presidential_election_in_New_York,_1920 https://en.wikipedia.org/wiki/1993_New_York_City_mayoral_election
https://en.wikipedia.org/wiki/United_States_presidential_election_in_New_York,_1920 https://en.wikipedia.org/wiki/1997_New_York_City_mayoral_election
https://en.wikipedia.org/wiki/United_States_presidential_election_in_New_York,_1920 https://en.wikipedia.org/wiki/2001_New_York_City_mayoral_election
https://en.wikipedia.org/wiki/United_States_presidential_election_in_New_York,_1920 https://en.wikipedia.org/wiki/2005_New_York_City_mayoral_election
https://en.wikipedia.org/wiki/United_States_presidential_election_in_New_York,_1920 https://en.wikipedia.org/wiki/2009_New_York_City_mayoral_election
https://en.wikipedia.org/wiki/United_States_presidential_election_in_New_York,_1920 https://en.wikipedia.org/wiki/2013_New_York_City_mayoral_election
https://en.wikipedia.org/wiki/United_States_presidential_election_in_New_York,_1920 https://en.wikipedia.org/wiki/2017_New_York_City_mayoral_election
https://en.wikipedia.org/wiki/United_States_presidential_election_in_New_York,_1920 https://en.wikipedia.org/wiki/New_York_City_Council
https://en.wikipedia.org/wiki/United_States_presidential_election_in_New_York,_1920 https://en.wikipedia.org/wiki/1808_New_York_City_Common_Council_elections
https://en.wikipedia.org/wiki/United_States_presidential_election_in_New_York,_1920 https://en.wikipedia.org/wiki/2013_New_York_City_Council_elections
https://en.wikipedia.org/wiki/United_States_presidential_election_in_New_York,_1920 https://en.wikipedia.org/wiki/2017_New_York_City_Council_elections
https://en.wikipedia.org/wiki/United_States_presidential_election_in_New_York,_1920 https://en.wikipedia.org/wiki/New_York_City_Public_Advocate
https://en.wikipedia.org/wiki/United_States_presidential_election_in_New_York,_1920 https://en.wikipedia.org/wiki/2009_New_York_City_Public_Advocate_election
https://en.wikipedia.org/wiki/United_States_presidential_election_in_New_York,_1920 https://en.wikipedia.org/wiki/2013_New_York_City_Public_Advocate_election
https://en.wikipedia.org/wiki/United_States_presidential_election_in_New_York,_1920 https://en.wikipedia.org/wiki/2017_New_York_City_Public_Advocate_election
https://en.wikipedia.org/wiki/United_States_presidential_election_in_New_York,_1920 https://en.wikipedia.org/wiki/2019_New_York_City_Public_Advocate_special_election
https://en.wikipedia.org/wiki/United_States_presidential_election_in_New_York,_1920 https://en.wikipedia.org/wiki/New_York_City_Comptroller
https://en.wikipedia.org/wiki/United_States_presidential_election_in_New_York,_1920 https://en.wikipedia.org/wiki/2009_New_York_City_Comptroller_election
https://en.wikipedia.org/wiki/United_States_presidential_election_in_New_York,_1920 https://en.wikipedia.org/wiki/2013_New_York_City_Comptroller_election
https://en.wikipedia.org/wiki/United_States_presidential_election_in_New_York,_1920 https://en.wikipedia.org/wiki/Borough_president
https://en.wikipedia.org/wiki/United_States_presidential_election_in_New_York,_1920 https://en.wikipedia.org/wiki/2013_New_York_City_Borough_President_elections
https://en.wikipedia.org/wiki/United_States_presidential_election_in_New_York,_1920 https://en.wikipedia.org/wiki/Government_and_politics_of_the_Bronx
https://en.wikipedia.org/wiki/United_States_presidential_election_in_New_York,_1920 https://en.wikipedia.org/wiki/Brooklyn#Government
https://en.wikipedia.org/wiki/United_States_presidential_election_in_New_York,_1920 https://en.wikipedia.org/wiki/Manhattan#Government
https://en.wikipedia.org/wiki/United_States_presidential_election_in_New_York,_1920 https://en.wikipedia.org/wiki/Queens#Government
https://en.wikipedia.org/wiki/United_States_presidential_election_in_New_York,_1920 https://en.wikipedia.org/wiki/Government_of_Staten_Island
https://en.wikipedia.org/wiki/United_States_presidential_election_in_New_York,_1920 https://en.wikipedia.org/wiki/Politics_and_Government_of_Buffalo,_New_York
https://en.wikipedia.org/wiki/United_States_presidential_election_in_New_York,_1920 https://en.wikipedia.org/wiki/1981_Buffalo_mayoral_election
https://en.wikipedia.org/wiki/United_States_presidential_election_in_New_York,_1920 https://en.wikipedia.org/wiki/1985_Buffalo_mayoral_election
https://en.wikipedia.org/wiki/United_States_presidential_election_in_New_York,_1920 https://en.wikipedia.org/wiki/1989_Buffalo_mayoral_election
https://en.wikipedia.org/wiki/United_States_presidential_election_in_New_York,_1920 https://en.wikipedia.org/wiki/1993_Buffalo_mayoral_election
https://en.wikipedia.org/wiki/United_States_presidential_election_in_New_York,_1920 https://en.wikipedia.org/wiki/1997_Buffalo_mayoral_election
https://en.wikipedia.org/wiki/United_States_presidential_election_in_New_York,_1920 https://en.wikipedia.org/wiki/2001_Buffalo_mayoral_election
https://en.wikipedia.org/wiki/United_States_presidential_election_in_New_York,_1920 https://en.wikipedia.org/wiki/2005_Buffalo_mayoral_election
https://en.wikipedia.org/wiki/United_States_presidential_election_in_New_York,_1920 https://en.wikipedia.org/wiki/2009_Buffalo_mayoral_election
https://en.wikipedia.org/wiki/United_States_presidential_election_in_New_York,_1920 https://en.wikipedia.org/wiki/2013_Buffalo_mayoral_election
https://en.wikipedia.org/wiki/United_States_presidential_election_in_New_York,_1920 https://en.wikipedia.org/wiki/2017_Buffalo_mayoral_election
https://en.wikipedia.org/wiki/United_States_presidential_election_in_New_York,_1920 https://en.wikipedia.org/wiki/Rochester,_New_York#Government
https://en.wikipedia.org/wiki/United_States_presidential_election_in_New_York,_1920 https://en.wikipedia.org/wiki/2009_Rochester_mayoral_election
https://en.wikipedia.org/wiki/United_States_presidential_election_in_New_York,_1920 https://en.wikipedia.org/wiki/2013_Rochester_mayoral_election
https://en.wikipedia.org/wiki/United_States_presidential_election_in_New_York,_1920 https://en.wikipedia.org/wiki/2017_Rochester_mayoral_election
https://en.wikipedia.org/wiki/United_States_presidential_election_in_New_York,_1920 https://en.wikipedia.org/wiki/Syracuse,_New_York#Government
https://en.wikipedia.org/wiki/United_States_presidential_election_in_New_York,_1920 https://en.wikipedia.org/wiki/2009_Syracuse_mayoral_election
https://en.wikipedia.org/wiki/United_States_presidential_election_in_New_York,_1920 https://en.wikipedia.org/wiki/2017_Syracuse_mayoral_election
https://en.wikipedia.org/wiki/United_States_presidential_election_in_New_York,_1920 https://en.wikipedia.org/wiki/Albany,_New_York#Government
https://en.wikipedia.org/wiki/United_States_presidential_election_in_New_York,_1920 https://en.wikipedia.org/wiki/2009_Albany_mayoral_election
https://en.wikipedia.org/wiki/United_States_presidential_election_in_New_York,_1920 https://en.wikipedia.org/wiki/2013_Albany_mayoral_election
https://en.wikipedia.org/wiki/United_States_presidential_election_in_New_York,_1920 https://en.wikipedia.org/wiki/2017_Albany_mayoral_election
https://en.wikipedia.org/wiki/United_States_presidential_election_in_New_York,_1920 https://en.wikipedia.org/wiki/Electoral_College_(United_States)
https://en.wikipedia.org/wiki/United_States_presidential_election_in_New_York,_1920 https://en.wikipedia.org/wiki/President_of_the_United_States
https://en.wikipedia.org/wiki/United_States_presidential_election_in_New_York,_1920 https://en.wikipedia.org/wiki/Vice_President_of_the_United_States
https://en.wikipedia.org/wiki/United_States_presidential_election_in_New_York,_1920 https://en.wikipedia.org/wiki/United_States_Senate
https://en.wikipedia.org/wiki/United_States_presidential_election_in_New_York,_1920 https://en.wikipedia.org/wiki/List_of_United_States_Senators_from_Ohio
https://en.wikipedia.org/wiki/United_States_presidential_election_in_New_York,_1920 https://en.wikipedia.org/wiki/List_of_Governors_of_Ohio
https://en.wikipedia.org/wiki/United_States_presidential_election_in_New_York,_1920 https://en.wikipedia.org/wiki/List_of_Governors_of_Massachusetts
https://en.wikipedia.org/wiki/United_States_presidential_election_in_New_York,_1920 https://en.wikipedia.org/wiki/Massachusetts
https://en.wikipedia.org/wiki/United_States_presidential_election_in_New_York,_1920 https://en.wikipedia.org/wiki/Assistant_Secretary_of_the_Navy
https://en.wikipedia.org/wiki/United_States_presidential_election_in_New_York,_1920 https://en.wikipedia.org/wiki/Illinois
https://en.wikipedia.org/wiki/United_States_presidential_election_in_New_York,_1920 https://en.wikipedia.org/wiki/Third_party_(United_States)
https://en.wikipedia.org/wiki/United_States_presidential_election_in_New_York,_1920 https://en.wikipedia.org/wiki/Return_to_normalcy
https://en.wikipedia.org/wiki/United_States_presidential_election_in_New_York,_1920 https://en.wikipedia.org/wiki/Irish-Americans
https://en.wikipedia.org/wiki/United_States_presidential_election_in_New_York,_1920 https://en.wikipedia.org/wiki/League_of_Nations
https://en.wikipedia.org/wiki/United_States_presidential_election_in_New_York,_1920 https://en.wikipedia.org/wiki/American_Civil_War
https://en.wikipedia.org/wiki/United_States_presidential_election_in_New_York,_1920 https://en.wikipedia.org/wiki/Long_Island
https://en.wikipedia.org/wiki/United_States_presidential_election_in_New_York,_1920 https://en.wikipedia.org/wiki/The_Bronx
https://en.wikipedia.org/wiki/United_States_presidential_election_in_New_York,_1920 https://en.wikipedia.org/wiki/Albany,_New_York
https://en.wikipedia.org/wiki/United_States_presidential_election_in_New_York,_1920 https://en.wikipedia.org/wiki/Buffalo,_New_York
https://en.wikipedia.org/wiki/United_States_presidential_election_in_New_York,_1920 https://en.wikipedia.org/wiki/Rochester,_New_York
https://en.wikipedia.org/wiki/United_States_presidential_election_in_New_York,_1920 https://en.wikipedia.org/wiki/Prohibition_Party
https://en.wikipedia.org/wiki/United_States_presidential_election_in_New_York,_1920 https://en.wikipedia.org/wiki/Aaron_S._Watkins
https://en.wikipedia.org/wiki/United_States_presidential_election_in_New_York,_1920 https://en.wikipedia.org/wiki/Farmer%E2%80%93Labor_Party_(United_States)
https://en.wikipedia.org/wiki/United_States_presidential_election_in_New_York,_1920 https://en.wikipedia.org/wiki/Socialist_Labor_Party_of_America
https://en.wikipedia.org/wiki/United_States_presidential_election_in_New_York,_1920 https://en.wikipedia.org/wiki/William_Wesley_Cox
https://en.wikipedia.org/wiki/United_States_presidential_election_in_New_York,_1920 https://en.wikipedia.org/wiki/Allegany_County,_New_York
https://en.wikipedia.org/wiki/United_States_presidential_election_in_New_York,_1920 https://en.wikipedia.org/wiki/Bronx
https://en.wikipedia.org/wiki/United_States_presidential_election_in_New_York,_1920 https://en.wikipedia.org/wiki/Broome_County,_New_York
https://en.wikipedia.org/wiki/United_States_presidential_election_in_New_York,_1920 https://en.wikipedia.org/wiki/Cattaraugus_County,_New_York
https://en.wikipedia.org/wiki/United_States_presidential_election_in_New_York,_1920 https://en.wikipedia.org/wiki/Cayuga_County,_New_York
https://en.wikipedia.org/wiki/United_States_presidential_election_in_New_York,_1920 https://en.wikipedia.org/wiki/Chautauqua_County,_New_York
https://en.wikipedia.org/wiki/United_States_presidential_election_in_New_York,_1920 https://en.wikipedia.org/wiki/Chemung_County,_New_York
https://en.wikipedia.org/wiki/United_States_presidential_election_in_New_York,_1920 https://en.wikipedia.org/wiki/Chenango_County,_New_York
https://en.wikipedia.org/wiki/United_States_presidential_election_in_New_York,_1920 https://en.wikipedia.org/wiki/Clinton_County,_New_York
https://en.wikipedia.org/wiki/United_States_presidential_election_in_New_York,_1920 https://en.wikipedia.org/wiki/Columbia_County,_New_York
https://en.wikipedia.org/wiki/United_States_presidential_election_in_New_York,_1920 https://en.wikipedia.org/wiki/Cortland_County,_New_York
https://en.wikipedia.org/wiki/United_States_presidential_election_in_New_York,_1920 https://en.wikipedia.org/wiki/Delaware_County,_New_York
https://en.wikipedia.org/wiki/United_States_presidential_election_in_New_York,_1920 https://en.wikipedia.org/wiki/Dutchess_County,_New_York
https://en.wikipedia.org/wiki/United_States_presidential_election_in_New_York,_1920 https://en.wikipedia.org/wiki/Essex_County,_New_York
https://en.wikipedia.org/wiki/United_States_presidential_election_in_New_York,_1920 https://en.wikipedia.org/wiki/Franklin_County,_New_York
https://en.wikipedia.org/wiki/United_States_presidential_election_in_New_York,_1920 https://en.wikipedia.org/wiki/Fulton_County,_New_York
https://en.wikipedia.org/wiki/United_States_presidential_election_in_New_York,_1920 https://en.wikipedia.org/wiki/Genesee_County,_New_York
https://en.wikipedia.org/wiki/United_States_presidential_election_in_New_York,_1920 https://en.wikipedia.org/wiki/Greene_County,_New_York
https://en.wikipedia.org/wiki/United_States_presidential_election_in_New_York,_1920 https://en.wikipedia.org/wiki/Hamilton_County,_New_York
https://en.wikipedia.org/wiki/United_States_presidential_election_in_New_York,_1920 https://en.wikipedia.org/wiki/Herkimer_County,_New_York
https://en.wikipedia.org/wiki/United_States_presidential_election_in_New_York,_1920 https://en.wikipedia.org/wiki/Jefferson_County,_New_York
https://en.wikipedia.org/wiki/United_States_presidential_election_in_New_York,_1920 https://en.wikipedia.org/wiki/Lewis_County,_New_York
https://en.wikipedia.org/wiki/United_States_presidential_election_in_New_York,_1920 https://en.wikipedia.org/wiki/Livingston_County,_New_York
https://en.wikipedia.org/wiki/United_States_presidential_election_in_New_York,_1920 https://en.wikipedia.org/wiki/Madison_County,_New_York
https://en.wikipedia.org/wiki/United_States_presidential_election_in_New_York,_1920 https://en.wikipedia.org/wiki/Montgomery_County,_New_York
https://en.wikipedia.org/wiki/United_States_presidential_election_in_New_York,_1920 https://en.wikipedia.org/wiki/Nassau_County,_New_York
https://en.wikipedia.org/wiki/United_States_presidential_election_in_New_York,_1920 https://en.wikipedia.org/wiki/Niagara_County,_New_York
https://en.wikipedia.org/wiki/United_States_presidential_election_in_New_York,_1920 https://en.wikipedia.org/wiki/Oneida_County,_New_York
https://en.wikipedia.org/wiki/United_States_presidential_election_in_New_York,_1920 https://en.wikipedia.org/wiki/Onondaga_County,_New_York
https://en.wikipedia.org/wiki/United_States_presidential_election_in_New_York,_1920 https://en.wikipedia.org/wiki/Ontario_County,_New_York
https://en.wikipedia.org/wiki/United_States_presidential_election_in_New_York,_1920 https://en.wikipedia.org/wiki/Orange_County,_New_York
https://en.wikipedia.org/wiki/United_States_presidential_election_in_New_York,_1920 https://en.wikipedia.org/wiki/Orleans_County,_New_York
https://en.wikipedia.org/wiki/United_States_presidential_election_in_New_York,_1920 https://en.wikipedia.org/wiki/Oswego_County,_New_York
https://en.wikipedia.org/wiki/United_States_presidential_election_in_New_York,_1920 https://en.wikipedia.org/wiki/Otsego_County,_New_York
https://en.wikipedia.org/wiki/United_States_presidential_election_in_New_York,_1920 https://en.wikipedia.org/wiki/Putnam_County,_New_York
https://en.wikipedia.org/wiki/United_States_presidential_election_in_New_York,_1920 https://en.wikipedia.org/wiki/Rensselaer_County,_New_York
https://en.wikipedia.org/wiki/United_States_presidential_election_in_New_York,_1920 https://en.wikipedia.org/wiki/Rockland_County,_New_York
https://en.wikipedia.org/wiki/United_States_presidential_election_in_New_York,_1920 https://en.wikipedia.org/wiki/St._Lawrence_County,_New_York
https://en.wikipedia.org/wiki/United_States_presidential_election_in_New_York,_1920 https://en.wikipedia.org/wiki/Saratoga_County,_New_York
https://en.wikipedia.org/wiki/United_States_presidential_election_in_New_York,_1920 https://en.wikipedia.org/wiki/Schenectady_County,_New_York
https://en.wikipedia.org/wiki/United_States_presidential_election_in_New_York,_1920 https://en.wikipedia.org/wiki/Schuyler_County,_New_York
https://en.wikipedia.org/wiki/United_States_presidential_election_in_New_York,_1920 https://en.wikipedia.org/wiki/Seneca_County,_New_York
https://en.wikipedia.org/wiki/United_States_presidential_election_in_New_York,_1920 https://en.wikipedia.org/wiki/Steuben_County,_New_York
https://en.wikipedia.org/wiki/United_States_presidential_election_in_New_York,_1920 https://en.wikipedia.org/wiki/Suffolk_County,_New_York
https://en.wikipedia.org/wiki/United_States_presidential_election_in_New_York,_1920 https://en.wikipedia.org/wiki/Sullivan_County,_New_York
https://en.wikipedia.org/wiki/United_States_presidential_election_in_New_York,_1920 https://en.wikipedia.org/wiki/Tioga_County,_New_York
https://en.wikipedia.org/wiki/United_States_presidential_election_in_New_York,_1920 https://en.wikipedia.org/wiki/Tompkins_County,_New_York
https://en.wikipedia.org/wiki/United_States_presidential_election_in_New_York,_1920 https://en.wikipedia.org/wiki/Ulster_County,_New_York
https://en.wikipedia.org/wiki/United_States_presidential_election_in_New_York,_1920 https://en.wikipedia.org/wiki/Warren_County,_New_York
https://en.wikipedia.org/wiki/United_States_presidential_election_in_New_York,_1920 https://en.wikipedia.org/wiki/Washington_County,_New_York
https://en.wikipedia.org/wiki/United_States_presidential_election_in_New_York,_1920 https://en.wikipedia.org/wiki/Wayne_County,_New_York
https://en.wikipedia.org/wiki/United_States_presidential_election_in_New_York,_1920 https://en.wikipedia.org/wiki/Westchester_County,_New_York
https://en.wikipedia.org/wiki/United_States_presidential_election_in_New_York,_1920 https://en.wikipedia.org/wiki/Wyoming_County,_New_York
https://en.wikipedia.org/wiki/United_States_presidential_election_in_New_York,_1920 https://en.wikipedia.org/wiki/Yates_County,_New_York
https://en.wikipedia.org/wiki/United_States_presidential_election_in_New_York,_1920 https://en.wikipedia.org/wiki/Presidency_of_Warren_G._Harding
https://en.wikipedia.org/wiki/United_States_presidential_election_in_New_York,_1920 https://en.wikipedia.org/wiki/Barry_Goldwater
https://en.wikipedia.org/wiki/United_States_presidential_election_in_New_York,_1920 https://en.wikipedia.org/wiki/Bill_Clinton
https://en.wikipedia.org/wiki/United_States_presidential_election_in_New_York,_1920 https://en.wikipedia.org/wiki/Bob_Dole
https://en.wikipedia.org/wiki/United_States_presidential_election_in_New_York,_1920 https://en.wikipedia.org/wiki/1920_Democratic_Party_presidential_primaries
https://en.wikipedia.org/wiki/United_States_presidential_election_in_New_York,_1920 https://en.wikipedia.org/wiki/1920_Republican_Party_presidential_primaries
https://en.wikipedia.org/wiki/United_States_presidential_election_in_New_York,_1920 https://en.wikipedia.org/wiki/1920_Republican_National_Convention
https://en.wikipedia.org/wiki/United_States_presidential_election_in_New_York,_1920 https://en.wikipedia.org/wiki/1920_Democratic_National_Convention
https://en.wikipedia.org/wiki/United_States_presidential_election_in_New_York,_1920 https://en.wikipedia.org/wiki/1920_United_States_presidential_election_in_Alabama
https://en.wikipedia.org/wiki/United_States_presidential_election_in_New_York,_1920 https://en.wikipedia.org/wiki/1920_United_States_presidential_election_in_Arizona
https://en.wikipedia.org/wiki/United_States_presidential_election_in_New_York,_1920 https://en.wikipedia.org/wiki/1920_United_States_presidential_election_in_Arkansas
https://en.wikipedia.org/wiki/United_States_presidential_election_in_New_York,_1920 https://en.wikipedia.org/wiki/1920_United_States_presidential_election_in_California
https://en.wikipedia.org/wiki/United_States_presidential_election_in_New_York,_1920 https://en.wikipedia.org/wiki/1920_United_States_presidential_election_in_Connecticut
https://en.wikipedia.org/wiki/United_States_presidential_election_in_New_York,_1920 https://en.wikipedia.org/wiki/1920_United_States_presidential_election_in_Florida
https://en.wikipedia.org/wiki/United_States_presidential_election_in_New_York,_1920 https://en.wikipedia.org/wiki/1920_United_States_presidential_election_in_Georgia
https://en.wikipedia.org/wiki/United_States_presidential_election_in_New_York,_1920 https://en.wikipedia.org/wiki/1920_United_States_presidential_election_in_Iowa
https://en.wikipedia.org/wiki/United_States_presidential_election_in_New_York,_1920 https://en.wikipedia.org/wiki/1920_United_States_presidential_election_in_Maine
https://en.wikipedia.org/wiki/United_States_presidential_election_in_New_York,_1920 https://en.wikipedia.org/wiki/1920_United_States_presidential_election_in_Massachusetts
https://en.wikipedia.org/wiki/United_States_presidential_election_in_New_York,_1920 https://en.wikipedia.org/wiki/1920_United_States_presidential_election_in_Michigan
https://en.wikipedia.org/wiki/United_States_presidential_election_in_New_York,_1920 https://en.wikipedia.org/wiki/1920_United_States_presidential_election_in_Minnesota
https://en.wikipedia.org/wiki/United_States_presidential_election_in_New_York,_1920 https://en.wikipedia.org/wiki/1920_United_States_presidential_election_in_Montana
https://en.wikipedia.org/wiki/United_States_presidential_election_in_New_York,_1920 https://en.wikipedia.org/wiki/1920_United_States_presidential_election_in_New_Hampshire
https://en.wikipedia.org/wiki/United_States_presidential_election_in_New_York,_1920 https://en.wikipedia.org/wiki/1920_United_States_presidential_election_in_New_Jersey
https://en.wikipedia.org/wiki/United_States_presidential_election_in_New_York,_1920 https://en.wikipedia.org/wiki/1920_United_States_presidential_election_in_New_Mexico
https://en.wikipedia.org/wiki/United_States_presidential_election_in_New_York,_1920 https://en.wikipedia.org/wiki/1920_United_States_presidential_election_in_North_Dakota
https://en.wikipedia.org/wiki/United_States_presidential_election_in_New_York,_1920 https://en.wikipedia.org/wiki/1920_United_States_presidential_election_in_Ohio
https://en.wikipedia.org/wiki/United_States_presidential_election_in_New_York,_1920 https://en.wikipedia.org/wiki/1920_United_States_presidential_election_in_Pennsylvania
https://en.wikipedia.org/wiki/United_States_presidential_election_in_New_York,_1920 https://en.wikipedia.org/wiki/1920_United_States_presidential_election_in_Rhode_Island
https://en.wikipedia.org/wiki/United_States_presidential_election_in_New_York,_1920 https://en.wikipedia.org/wiki/1920_United_States_presidential_election_in_South_Carolina
https://en.wikipedia.org/wiki/United_States_presidential_election_in_New_York,_1920 https://en.wikipedia.org/wiki/1920_United_States_presidential_election_in_Texas
https://en.wikipedia.org/wiki/United_States_presidential_election_in_New_York,_1920 https://en.wikipedia.org/wiki/1920_United_States_presidential_election_in_Utah
https://en.wikipedia.org/wiki/United_States_presidential_election_in_New_York,_1920 https://en.wikipedia.org/wiki/1920_United_States_presidential_election_in_Vermont
https://en.wikipedia.org/wiki/United_States_presidential_election_in_New_York,_1920 https://en.wikipedia.org/wiki/1920_United_States_presidential_election_in_Virginia
https://en.wikipedia.org/wiki/United_States_presidential_election_in_New_York,_1920 https://en.wikipedia.org/wiki/1920_United_States_presidential_election_in_Washington_(state)
https://en.wikipedia.org/wiki/United_States_presidential_election_in_New_York,_1920 https://en.wikipedia.org/wiki/1920_United_States_presidential_election_in_Wisconsin
https://en.wikipedia.org/wiki/United_States_presidential_election_in_New_York,_1920 https://en.wikipedia.org/wiki/1920_United_States_presidential_election_in_Wyoming
https://en.wikipedia.org/wiki/United_States_presidential_election_in_New_York,_1920 https://en.wikipedia.org/wiki/1920_United_States_House_of_Representatives_elections
https://en.wikipedia.org/wiki/United_States_presidential_election_in_New_York,_1920 https://en.wikipedia.org/wiki/1920_United_States_Senate_elections
https://en.wikipedia.org/wiki/United_States_presidential_election_in_New_York,_1920 https://en.wikipedia.org/wiki/United_States_elections
https://en.wikipedia.org/wiki/United_States_presidential_election_in_New_York,_1920 https://en.wikipedia.org/wiki/1789_United_States_elections
https://en.wikipedia.org/wiki/United_States_presidential_election_in_New_York,_1920 https://en.wikipedia.org/wiki/1790_United_States_elections
https://en.wikipedia.org/wiki/United_States_presidential_election_in_New_York,_1920 https://en.wikipedia.org/wiki/1792_United_States_elections
https://en.wikipedia.org/wiki/United_States_presidential_election_in_New_York,_1920 https://en.wikipedia.org/wiki/1794_United_States_elections
https://en.wikipedia.org/wiki/United_States_presidential_election_in_New_York,_1920 https://en.wikipedia.org/wiki/1796_United_States_elections
https://en.wikipedia.org/wiki/United_States_presidential_election_in_New_York,_1920 https://en.wikipedia.org/wiki/1798_United_States_elections
https://en.wikipedia.org/wiki/United_States_presidential_election_in_New_York,_1920 https://en.wikipedia.org/wiki/1800_United_States_elections
https://en.wikipedia.org/wiki/United_States_presidential_election_in_New_York,_1920 https://en.wikipedia.org/wiki/1802_United_States_elections
https://en.wikipedia.org/wiki/United_States_presidential_election_in_New_York,_1920 https://en.wikipedia.org/wiki/1804_United_States_elections
https://en.wikipedia.org/wiki/United_States_presidential_election_in_New_York,_1920 https://en.wikipedia.org/wiki/1806_United_States_elections
https://en.wikipedia.org/wiki/United_States_presidential_election_in_New_York,_1920 https://en.wikipedia.org/wiki/1808_United_States_elections
https://en.wikipedia.org/wiki/United_States_presidential_election_in_New_York,_1920 https://en.wikipedia.org/wiki/1810_United_States_elections
https://en.wikipedia.org/wiki/United_States_presidential_election_in_New_York,_1920 https://en.wikipedia.org/wiki/1812_United_States_elections
https://en.wikipedia.org/wiki/United_States_presidential_election_in_New_York,_1920 https://en.wikipedia.org/wiki/1814_United_States_elections
https://en.wikipedia.org/wiki/United_States_presidential_election_in_New_York,_1920 https://en.wikipedia.org/wiki/1816_United_States_elections
https://en.wikipedia.org/wiki/United_States_presidential_election_in_New_York,_1920 https://en.wikipedia.org/wiki/1818_United_States_elections
https://en.wikipedia.org/wiki/United_States_presidential_election_in_New_York,_1920 https://en.wikipedia.org/wiki/1820_United_States_elections
https://en.wikipedia.org/wiki/United_States_presidential_election_in_New_York,_1920 https://en.wikipedia.org/wiki/1822_United_States_elections
https://en.wikipedia.org/wiki/United_States_presidential_election_in_New_York,_1920 https://en.wikipedia.org/wiki/1824_United_States_elections
https://en.wikipedia.org/wiki/United_States_presidential_election_in_New_York,_1920 https://en.wikipedia.org/wiki/1826_United_States_elections
https://en.wikipedia.org/wiki/United_States_presidential_election_in_New_York,_1920 https://en.wikipedia.org/wiki/1828_United_States_elections
https://en.wikipedia.org/wiki/United_States_presidential_election_in_New_York,_1920 https://en.wikipedia.org/wiki/1830_United_States_elections
https://en.wikipedia.org/wiki/United_States_presidential_election_in_New_York,_1920 https://en.wikipedia.org/wiki/1832_United_States_elections
https://en.wikipedia.org/wiki/United_States_presidential_election_in_New_York,_1920 https://en.wikipedia.org/wiki/1834_United_States_elections
https://en.wikipedia.org/wiki/United_States_presidential_election_in_New_York,_1920 https://en.wikipedia.org/wiki/1836_United_States_elections
https://en.wikipedia.org/wiki/United_States_presidential_election_in_New_York,_1920 https://en.wikipedia.org/wiki/1838_United_States_elections
https://en.wikipedia.org/wiki/United_States_presidential_election_in_New_York,_1920 https://en.wikipedia.org/wiki/1840_United_States_elections
https://en.wikipedia.org/wiki/United_States_presidential_election_in_New_York,_1920 https://en.wikipedia.org/wiki/1842_United_States_elections
https://en.wikipedia.org/wiki/United_States_presidential_election_in_New_York,_1920 https://en.wikipedia.org/wiki/1844_United_States_elections
https://en.wikipedia.org/wiki/United_States_presidential_election_in_New_York,_1920 https://en.wikipedia.org/wiki/1846_United_States_elections
https://en.wikipedia.org/wiki/United_States_presidential_election_in_New_York,_1920 https://en.wikipedia.org/wiki/1848_United_States_elections
https://en.wikipedia.org/wiki/United_States_presidential_election_in_New_York,_1920 https://en.wikipedia.org/wiki/1850_United_States_elections
https://en.wikipedia.org/wiki/United_States_presidential_election_in_New_York,_1920 https://en.wikipedia.org/wiki/1852_United_States_elections
https://en.wikipedia.org/wiki/United_States_presidential_election_in_New_York,_1920 https://en.wikipedia.org/wiki/1854_United_States_elections
https://en.wikipedia.org/wiki/United_States_presidential_election_in_New_York,_1920 https://en.wikipedia.org/wiki/1856_United_States_elections
https://en.wikipedia.org/wiki/United_States_presidential_election_in_New_York,_1920 https://en.wikipedia.org/wiki/1858_United_States_elections
https://en.wikipedia.org/wiki/United_States_presidential_election_in_New_York,_1920 https://en.wikipedia.org/wiki/1860_United_States_elections
https://en.wikipedia.org/wiki/United_States_presidential_election_in_New_York,_1920 https://en.wikipedia.org/wiki/1862_United_States_elections
https://en.wikipedia.org/wiki/United_States_presidential_election_in_New_York,_1920 https://en.wikipedia.org/wiki/1864_United_States_elections
https://en.wikipedia.org/wiki/United_States_presidential_election_in_New_York,_1920 https://en.wikipedia.org/wiki/1866_United_States_elections
https://en.wikipedia.org/wiki/United_States_presidential_election_in_New_York,_1920 https://en.wikipedia.org/wiki/1868_United_States_elections
https://en.wikipedia.org/wiki/United_States_presidential_election_in_New_York,_1920 https://en.wikipedia.org/wiki/1870_United_States_elections
https://en.wikipedia.org/wiki/United_States_presidential_election_in_New_York,_1920 https://en.wikipedia.org/wiki/1872_United_States_elections
https://en.wikipedia.org/wiki/United_States_presidential_election_in_New_York,_1920 https://en.wikipedia.org/wiki/1874_United_States_elections
https://en.wikipedia.org/wiki/United_States_presidential_election_in_New_York,_1920 https://en.wikipedia.org/wiki/1876_United_States_elections
https://en.wikipedia.org/wiki/United_States_presidential_election_in_New_York,_1920 https://en.wikipedia.org/wiki/1878_United_States_elections
https://en.wikipedia.org/wiki/United_States_presidential_election_in_New_York,_1920 https://en.wikipedia.org/wiki/1880_United_States_elections
https://en.wikipedia.org/wiki/United_States_presidential_election_in_New_York,_1920 https://en.wikipedia.org/wiki/1882_United_States_elections
https://en.wikipedia.org/wiki/United_States_presidential_election_in_New_York,_1920 https://en.wikipedia.org/wiki/1884_United_States_elections
https://en.wikipedia.org/wiki/United_States_presidential_election_in_New_York,_1920 https://en.wikipedia.org/wiki/1886_United_States_elections
https://en.wikipedia.org/wiki/United_States_presidential_election_in_New_York,_1920 https://en.wikipedia.org/wiki/1888_United_States_elections
https://en.wikipedia.org/wiki/United_States_presidential_election_in_New_York,_1920 https://en.wikipedia.org/wiki/1890_United_States_elections
https://en.wikipedia.org/wiki/United_States_presidential_election_in_New_York,_1920 https://en.wikipedia.org/wiki/1892_United_States_elections
https://en.wikipedia.org/wiki/United_States_presidential_election_in_New_York,_1920 https://en.wikipedia.org/wiki/1894_United_States_elections
https://en.wikipedia.org/wiki/United_States_presidential_election_in_New_York,_1920 https://en.wikipedia.org/wiki/1896_United_States_elections
https://en.wikipedia.org/wiki/United_States_presidential_election_in_New_York,_1920 https://en.wikipedia.org/wiki/1898_United_States_elections
https://en.wikipedia.org/wiki/United_States_presidential_election_in_New_York,_1920 https://en.wikipedia.org/wiki/1900_United_States_elections
https://en.wikipedia.org/wiki/United_States_presidential_election_in_New_York,_1920 https://en.wikipedia.org/wiki/1902_United_States_elections
https://en.wikipedia.org/wiki/United_States_presidential_election_in_New_York,_1920 https://en.wikipedia.org/wiki/1904_United_States_elections
https://en.wikipedia.org/wiki/United_States_presidential_election_in_New_York,_1920 https://en.wikipedia.org/wiki/1906_United_States_elections
https://en.wikipedia.org/wiki/United_States_presidential_election_in_New_York,_1920 https://en.wikipedia.org/wiki/1908_United_States_elections
https://en.wikipedia.org/wiki/United_States_presidential_election_in_New_York,_1920 https://en.wikipedia.org/wiki/1910_United_States_elections
https://en.wikipedia.org/wiki/United_States_presidential_election_in_New_York,_1920 https://en.wikipedia.org/wiki/1912_United_States_elections
https://en.wikipedia.org/wiki/United_States_presidential_election_in_New_York,_1920 https://en.wikipedia.org/wiki/1914_United_States_elections
https://en.wikipedia.org/wiki/United_States_presidential_election_in_New_York,_1920 https://en.wikipedia.org/wiki/1916_United_States_elections
https://en.wikipedia.org/wiki/United_States_presidential_election_in_New_York,_1920 https://en.wikipedia.org/wiki/1918_United_States_elections
https://en.wikipedia.org/wiki/United_States_presidential_election_in_New_York,_1920 https://en.wikipedia.org/wiki/1920_United_States_elections
https://en.wikipedia.org/wiki/United_States_presidential_election_in_New_York,_1920 https://en.wikipedia.org/wiki/1922_United_States_elections
https://en.wikipedia.org/wiki/United_States_presidential_election_in_New_York,_1920 https://en.wikipedia.org/wiki/1924_United_States_elections
https://en.wikipedia.org/wiki/United_States_presidential_election_in_New_York,_1920 https://en.wikipedia.org/wiki/1926_United_States_elections
https://en.wikipedia.org/wiki/United_States_presidential_election_in_New_York,_1920 https://en.wikipedia.org/wiki/1928_United_States_elections
https://en.wikipedia.org/wiki/United_States_presidential_election_in_New_York,_1920 https://en.wikipedia.org/wiki/1930_United_States_elections
https://en.wikipedia.org/wiki/United_States_presidential_election_in_New_York,_1920 https://en.wikipedia.org/wiki/1932_United_States_elections
https://en.wikipedia.org/wiki/United_States_presidential_election_in_New_York,_1920 https://en.wikipedia.org/wiki/1934_United_States_elections
https://en.wikipedia.org/wiki/United_States_presidential_election_in_New_York,_1920 https://en.wikipedia.org/wiki/1936_United_States_elections
https://en.wikipedia.org/wiki/United_States_presidential_election_in_New_York,_1920 https://en.wikipedia.org/wiki/1938_United_States_elections
https://en.wikipedia.org/wiki/United_States_presidential_election_in_New_York,_1920 https://en.wikipedia.org/wiki/1940_United_States_elections
https://en.wikipedia.org/wiki/United_States_presidential_election_in_New_York,_1920 https://en.wikipedia.org/wiki/1942_United_States_elections
https://en.wikipedia.org/wiki/United_States_presidential_election_in_New_York,_1920 https://en.wikipedia.org/wiki/1944_United_States_elections
https://en.wikipedia.org/wiki/United_States_presidential_election_in_New_York,_1920 https://en.wikipedia.org/wiki/1946_United_States_elections
https://en.wikipedia.org/wiki/United_States_presidential_election_in_New_York,_1920 https://en.wikipedia.org/wiki/1948_United_States_elections
https://en.wikipedia.org/wiki/United_States_presidential_election_in_New_York,_1920 https://en.wikipedia.org/wiki/1950_United_States_elections
https://en.wikipedia.org/wiki/United_States_presidential_election_in_New_York,_1920 https://en.wikipedia.org/wiki/1952_United_States_elections
https://en.wikipedia.org/wiki/United_States_presidential_election_in_New_York,_1920 https://en.wikipedia.org/wiki/1954_United_States_elections
https://en.wikipedia.org/wiki/United_States_presidential_election_in_New_York,_1920 https://en.wikipedia.org/wiki/1956_United_States_elections
https://en.wikipedia.org/wiki/United_States_presidential_election_in_New_York,_1920 https://en.wikipedia.org/wiki/1958_United_States_elections
https://en.wikipedia.org/wiki/United_States_presidential_election_in_New_York,_1920 https://en.wikipedia.org/wiki/1960_United_States_elections
https://en.wikipedia.org/wiki/United_States_presidential_election_in_New_York,_1920 https://en.wikipedia.org/wiki/1962_United_States_elections
https://en.wikipedia.org/wiki/United_States_presidential_election_in_New_York,_1920 https://en.wikipedia.org/wiki/1964_United_States_elections
https://en.wikipedia.org/wiki/United_States_presidential_election_in_New_York,_1920 https://en.wikipedia.org/wiki/1966_United_States_elections
https://en.wikipedia.org/wiki/United_States_presidential_election_in_New_York,_1920 https://en.wikipedia.org/wiki/1968_United_States_elections
https://en.wikipedia.org/wiki/United_States_presidential_election_in_New_York,_1920 https://en.wikipedia.org/wiki/1970_United_States_elections
https://en.wikipedia.org/wiki/United_States_presidential_election_in_New_York,_1920 https://en.wikipedia.org/wiki/1972_United_States_elections
https://en.wikipedia.org/wiki/United_States_presidential_election_in_New_York,_1920 https://en.wikipedia.org/wiki/1974_United_States_elections
https://en.wikipedia.org/wiki/United_States_presidential_election_in_New_York,_1920 https://en.wikipedia.org/wiki/1976_United_States_elections
https://en.wikipedia.org/wiki/United_States_presidential_election_in_New_York,_1920 https://en.wikipedia.org/wiki/1978_United_States_elections
https://en.wikipedia.org/wiki/United_States_presidential_election_in_New_York,_1920 https://en.wikipedia.org/wiki/1980_United_States_elections
https://en.wikipedia.org/wiki/United_States_presidential_election_in_New_York,_1920 https://en.wikipedia.org/wiki/1982_United_States_elections
https://en.wikipedia.org/wiki/United_States_presidential_election_in_New_York,_1920 https://en.wikipedia.org/wiki/1984_United_States_elections
https://en.wikipedia.org/wiki/United_States_presidential_election_in_New_York,_1920 https://en.wikipedia.org/wiki/1986_United_States_elections
https://en.wikipedia.org/wiki/United_States_presidential_election_in_New_York,_1920 https://en.wikipedia.org/wiki/1988_United_States_elections
https://en.wikipedia.org/wiki/United_States_presidential_election_in_New_York,_1920 https://en.wikipedia.org/wiki/1990_United_States_elections
https://en.wikipedia.org/wiki/United_States_presidential_election_in_New_York,_1920 https://en.wikipedia.org/wiki/1992_United_States_elections
https://en.wikipedia.org/wiki/United_States_presidential_election_in_New_York,_1920 https://en.wikipedia.org/wiki/1994_United_States_elections
https://en.wikipedia.org/wiki/United_States_presidential_election_in_New_York,_1920 https://en.wikipedia.org/wiki/1995_United_States_elections
https://en.wikipedia.org/wiki/United_States_presidential_election_in_New_York,_1920 https://en.wikipedia.org/wiki/1996_United_States_elections
https://en.wikipedia.org/wiki/United_States_presidential_election_in_New_York,_1920 https://en.wikipedia.org/wiki/1997_United_States_elections
https://en.wikipedia.org/wiki/United_States_presidential_election_in_New_York,_1920 https://en.wikipedia.org/wiki/1998_United_States_elections
https://en.wikipedia.org/wiki/United_States_presidential_election_in_New_York,_1920 https://en.wikipedia.org/wiki/1999_United_States_elections
https://en.wikipedia.org/wiki/United_States_presidential_election_in_New_York,_1920 https://en.wikipedia.org/wiki/2000_United_States_elections
https://en.wikipedia.org/wiki/United_States_presidential_election_in_New_York,_1920 https://en.wikipedia.org/wiki/2001_United_States_elections
https://en.wikipedia.org/wiki/United_States_presidential_election_in_New_York,_1920 https://en.wikipedia.org/wiki/2002_United_States_elections
https://en.wikipedia.org/wiki/United_States_presidential_election_in_New_York,_1920 https://en.wikipedia.org/wiki/2003_United_States_elections
https://en.wikipedia.org/wiki/United_States_presidential_election_in_New_York,_1920 https://en.wikipedia.org/wiki/2004_United_States_elections
https://en.wikipedia.org/wiki/United_States_presidential_election_in_New_York,_1920 https://en.wikipedia.org/wiki/2005_United_States_elections
https://en.wikipedia.org/wiki/United_States_presidential_election_in_New_York,_1920 https://en.wikipedia.org/wiki/2006_United_States_elections
https://en.wikipedia.org/wiki/United_States_presidential_election_in_New_York,_1920 https://en.wikipedia.org/wiki/2007_United_States_elections
https://en.wikipedia.org/wiki/United_States_presidential_election_in_New_York,_1920 https://en.wikipedia.org/wiki/2008_United_States_elections
https://en.wikipedia.org/wiki/United_States_presidential_election_in_New_York,_1920 https://en.wikipedia.org/wiki/2009_United_States_elections
https://en.wikipedia.org/wiki/United_States_presidential_election_in_New_York,_1920 https://en.wikipedia.org/wiki/2010_United_States_elections
https://en.wikipedia.org/wiki/United_States_presidential_election_in_New_York,_1920 https://en.wikipedia.org/wiki/2011_United_States_elections
https://en.wikipedia.org/wiki/United_States_presidential_election_in_New_York,_1920 https://en.wikipedia.org/wiki/2012_United_States_elections
https://en.wikipedia.org/wiki/United_States_presidential_election_in_New_York,_1920 https://en.wikipedia.org/wiki/2013_United_States_elections
https://en.wikipedia.org/wiki/United_States_presidential_election_in_New_York,_1920 https://en.wikipedia.org/wiki/2014_United_States_elections
https://en.wikipedia.org/wiki/United_States_presidential_election_in_New_York,_1920 https://en.wikipedia.org/wiki/2015_United_States_elections
https://en.wikipedia.org/wiki/United_States_presidential_election_in_New_York,_1920 https://en.wikipedia.org/wiki/2016_United_States_elections
https://en.wikipedia.org/wiki/United_States_presidential_election_in_New_York,_1920 https://en.wikipedia.org/wiki/2017_United_States_elections
https://en.wikipedia.org/wiki/United_States_presidential_election_in_New_York,_1920 https://en.wikipedia.org/wiki/2018_United_States_elections
https://en.wikipedia.org/wiki/United_States_presidential_election_in_New_York,_1920 https://en.wikipedia.org/wiki/2019_United_States_elections
https://en.wikipedia.org/wiki/United_States_presidential_election_in_New_York,_1920 https://en.wikipedia.org/wiki/2020_United_States_elections
https://en.wikipedia.org/wiki/United_States_presidential_election_in_New_York,_1920 https://en.wikipedia.org/wiki/2021_United_States_elections
https://en.wikipedia.org/wiki/United_States_presidential_election_in_New_York,_1920 https://en.wikipedia.org/wiki/2022_United_States_elections
