https://en.wikipedia.org/wiki/Westernport https://en.wikipedia.org/wiki/Westernport,_Maryland
https://en.wikipedia.org/wiki/Westernport https://en.wikipedia.org/wiki/USS_Western_Port_(1853)
https://en.wikipedia.org/wiki/Westernport https://en.wikipedia.org/wiki/Geographic_coordinate_system
https://en.wikipedia.org/wiki/Westernport https://en.wikipedia.org/wiki/Body_of_water#Waterbody_types
https://en.wikipedia.org/wiki/Westernport https://en.wikipedia.org/wiki/Inflow_(hydrology)
https://en.wikipedia.org/wiki/Westernport https://en.wikipedia.org/wiki/Discharge_(hydrology)
https://en.wikipedia.org/wiki/Westernport https://en.wikipedia.org/wiki/Drainage_basin
https://en.wikipedia.org/wiki/Westernport https://en.wikipedia.org/wiki/Churchill_Island,_Victoria
https://en.wikipedia.org/wiki/Westernport https://en.wikipedia.org/wiki/Tidal
https://en.wikipedia.org/wiki/Westernport https://en.wikipedia.org/wiki/Australia
https://en.wikipedia.org/wiki/Westernport https://en.wikipedia.org/wiki/States_and_territories_of_Australia
https://en.wikipedia.org/wiki/Westernport https://en.wikipedia.org/wiki/Mornington_Peninsula
https://en.wikipedia.org/wiki/Westernport https://en.wikipedia.org/wiki/Australian_fur_seal
https://en.wikipedia.org/wiki/Westernport https://en.wikipedia.org/wiki/Whale
https://en.wikipedia.org/wiki/Westernport https://en.wikipedia.org/wiki/Dolphin
https://en.wikipedia.org/wiki/Westernport https://en.wikipedia.org/wiki/Seabird
https://en.wikipedia.org/wiki/Westernport https://en.wikipedia.org/wiki/Botany_Bay
https://en.wikipedia.org/wiki/Westernport https://en.wikipedia.org/wiki/Point_Hicks
https://en.wikipedia.org/wiki/Westernport https://en.wikipedia.org/wiki/Cape_Howe
https://en.wikipedia.org/wiki/Westernport https://en.wikipedia.org/wiki/Seal_hunting
https://en.wikipedia.org/wiki/Westernport https://en.wikipedia.org/wiki/HMS_Fly_(1813)
https://en.wikipedia.org/wiki/Westernport https://en.wikipedia.org/wiki/Amity_(brig)
https://en.wikipedia.org/wiki/Westernport https://en.wikipedia.org/wiki/Samuel_Anderson_(Australian_settler)
https://en.wikipedia.org/wiki/Westernport https://en.wikipedia.org/wiki/Portland,_Victoria
https://en.wikipedia.org/wiki/Westernport https://en.wikipedia.org/wiki/World_War_II
https://en.wikipedia.org/wiki/Westernport https://en.wikipedia.org/wiki/Holocene
https://en.wikipedia.org/wiki/Westernport https://en.wikipedia.org/wiki/Koo-Wee-Rup_Swamp
https://en.wikipedia.org/wiki/Westernport https://en.wikipedia.org/wiki/Pakenham,_Victoria
https://en.wikipedia.org/wiki/Westernport https://en.wikipedia.org/wiki/Invertebrate
https://en.wikipedia.org/wiki/Westernport https://en.wikipedia.org/wiki/Sponge
https://en.wikipedia.org/wiki/Westernport https://en.wikipedia.org/wiki/Coral
https://en.wikipedia.org/wiki/Westernport https://en.wikipedia.org/wiki/Mudflats
https://en.wikipedia.org/wiki/Westernport https://en.wikipedia.org/wiki/Mangrove
https://en.wikipedia.org/wiki/Westernport https://en.wikipedia.org/wiki/Australian_pelican
https://en.wikipedia.org/wiki/Westernport https://en.wikipedia.org/wiki/Short-tailed_shearwater
https://en.wikipedia.org/wiki/Westernport https://en.wikipedia.org/wiki/Important_Bird_Area
https://en.wikipedia.org/wiki/Westernport https://en.wikipedia.org/wiki/BirdLife_International
https://en.wikipedia.org/wiki/Westernport https://en.wikipedia.org/wiki/Critically_endangered
https://en.wikipedia.org/wiki/Westernport https://en.wikipedia.org/wiki/Orange-bellied_parrot
https://en.wikipedia.org/wiki/Westernport https://en.wikipedia.org/wiki/Far_Eastern_curlew
https://en.wikipedia.org/wiki/Westernport https://en.wikipedia.org/wiki/Red-necked_stint
https://en.wikipedia.org/wiki/Westernport https://en.wikipedia.org/wiki/Pied_oystercatcher
https://en.wikipedia.org/wiki/Westernport https://en.wikipedia.org/wiki/Vulnerable_species
https://en.wikipedia.org/wiki/Westernport https://en.wikipedia.org/wiki/Fairy_tern
https://en.wikipedia.org/wiki/Westernport https://en.wikipedia.org/wiki/Phillip_Island_Important_Bird_Area
https://en.wikipedia.org/wiki/Westernport https://en.wikipedia.org/wiki/Seabird_colony
https://en.wikipedia.org/wiki/Westernport https://en.wikipedia.org/wiki/Hooded_plover
https://en.wikipedia.org/wiki/Westernport https://en.wikipedia.org/wiki/Peregrine_falcon
https://en.wikipedia.org/wiki/Westernport https://en.wikipedia.org/wiki/Australian_fur_seals
https://en.wikipedia.org/wiki/Westernport https://en.wikipedia.org/wiki/Kelp_gull
https://en.wikipedia.org/wiki/Westernport https://en.wikipedia.org/wiki/Sooty_oystercatcher
https://en.wikipedia.org/wiki/Westernport https://en.wikipedia.org/wiki/Wetlands
https://en.wikipedia.org/wiki/Westernport https://en.wikipedia.org/wiki/Moonlit_Sanctuary_Wildlife_Conservation_Park
https://en.wikipedia.org/wiki/Westernport https://en.wikipedia.org/wiki/Southern_right_whale
https://en.wikipedia.org/wiki/Westernport https://en.wikipedia.org/wiki/Humpback_whale
https://en.wikipedia.org/wiki/Westernport https://en.wikipedia.org/wiki/Port_Phillip_Bay
https://en.wikipedia.org/wiki/Westernport https://en.wikipedia.org/wiki/Coolart_Wetlands_and_Homestead_Reserve
https://en.wikipedia.org/wiki/Westernport https://en.wikipedia.org/wiki/Mornington_Peninsula_National_Park
https://en.wikipedia.org/wiki/Westernport https://en.wikipedia.org/wiki/Fur_seal
https://en.wikipedia.org/wiki/Westernport https://en.wikipedia.org/wiki/Koala
https://en.wikipedia.org/wiki/Westernport https://en.wikipedia.org/wiki/Orchid
https://en.wikipedia.org/wiki/Westernport https://en.wikipedia.org/wiki/BlueScope
https://en.wikipedia.org/wiki/Westernport https://en.wikipedia.org/wiki/Royal_Australian_Navy
https://en.wikipedia.org/wiki/Westernport https://en.wikipedia.org/wiki/Blue_Wedges
https://en.wikipedia.org/wiki/Westernport https://en.wikipedia.org/wiki/Mornington_Peninsula_and_Western_Port_Biosphere_Reserve
https://en.wikipedia.org/wiki/Westernport https://en.wikipedia.org/wiki/Parks_Victoria
https://en.wikipedia.org/wiki/Westernport https://en.wikipedia.org/wiki/Project_Gutenberg
https://en.wikipedia.org/wiki/Westernport https://en.wikipedia.org/wiki/Mornington_Standard
https://en.wikipedia.org/wiki/Westernport https://en.wikipedia.org/wiki/Historical_Records_of_Australia
https://en.wikipedia.org/wiki/Westernport https://en.wikipedia.org/wiki/Handle_System
https://en.wikipedia.org/wiki/Westernport https://en.wikipedia.org/wiki/Australian_Dictionary_of_Biography
https://en.wikipedia.org/wiki/Westernport https://en.wikipedia.org/wiki/Leader_Community_Newspapers
https://en.wikipedia.org/wiki/Westernport https://en.wikipedia.org/wiki/Western_Port,_Victoria
https://en.wikipedia.org/wiki/Westernport https://en.wikipedia.org/wiki/Balnarring_Beach,_Victoria
https://en.wikipedia.org/wiki/Westernport https://en.wikipedia.org/wiki/Bittern,_Victoria
https://en.wikipedia.org/wiki/Westernport https://en.wikipedia.org/wiki/Blind_Bight,_Victoria
https://en.wikipedia.org/wiki/Westernport https://en.wikipedia.org/wiki/Caldermeade,_Victoria
https://en.wikipedia.org/wiki/Westernport https://en.wikipedia.org/wiki/Cannons_Creek,_Victoria
https://en.wikipedia.org/wiki/Westernport https://en.wikipedia.org/wiki/Coronet_Bay,_Victoria
https://en.wikipedia.org/wiki/Westernport https://en.wikipedia.org/wiki/Crib_Point,_Victoria
https://en.wikipedia.org/wiki/Westernport https://en.wikipedia.org/wiki/Dalmore,_Victoria
https://en.wikipedia.org/wiki/Westernport https://en.wikipedia.org/wiki/Flinders,_Victoria
https://en.wikipedia.org/wiki/Westernport https://en.wikipedia.org/wiki/Grantville,_Victoria
https://en.wikipedia.org/wiki/Westernport https://en.wikipedia.org/wiki/HMAS_Cerberus,_Victoria
https://en.wikipedia.org/wiki/Westernport https://en.wikipedia.org/wiki/Koo_Wee_Rup,_Victoria
https://en.wikipedia.org/wiki/Westernport https://en.wikipedia.org/wiki/Lang_Lang,_Victoria
https://en.wikipedia.org/wiki/Westernport https://en.wikipedia.org/wiki/Merricks_Beach,_Victoria
https://en.wikipedia.org/wiki/Westernport https://en.wikipedia.org/wiki/Monomeith,_Victoria
https://en.wikipedia.org/wiki/Westernport https://en.wikipedia.org/wiki/Newhaven,_Victoria
https://en.wikipedia.org/wiki/Westernport https://en.wikipedia.org/wiki/Point_Leo,_Victoria
https://en.wikipedia.org/wiki/Westernport https://en.wikipedia.org/wiki/Rhyll,_Victoria
https://en.wikipedia.org/wiki/Westernport https://en.wikipedia.org/wiki/Shoreham,_Victoria
https://en.wikipedia.org/wiki/Westernport https://en.wikipedia.org/wiki/Somers,_Victoria
https://en.wikipedia.org/wiki/Westernport https://en.wikipedia.org/wiki/Tankerton,_Victoria
https://en.wikipedia.org/wiki/Westernport https://en.wikipedia.org/wiki/Tyabb,_Victoria
https://en.wikipedia.org/wiki/Westernport https://en.wikipedia.org/wiki/Warneet,_Victoria
https://en.wikipedia.org/wiki/Westernport https://en.wikipedia.org/wiki/Inlet
https://en.wikipedia.org/wiki/Westernport https://en.wikipedia.org/wiki/Anderson_Inlet
https://en.wikipedia.org/wiki/Westernport https://en.wikipedia.org/wiki/Apollo_Bay
https://en.wikipedia.org/wiki/Westernport https://en.wikipedia.org/wiki/Beaumaris_Bay
https://en.wikipedia.org/wiki/Westernport https://en.wikipedia.org/wiki/Corio_Bay
https://en.wikipedia.org/wiki/Westernport https://en.wikipedia.org/wiki/Daveys_Bay
https://en.wikipedia.org/wiki/Westernport https://en.wikipedia.org/wiki/Dinosaur_Cove
https://en.wikipedia.org/wiki/Westernport https://en.wikipedia.org/wiki/Discovery_Bay_(Australia)
https://en.wikipedia.org/wiki/Westernport https://en.wikipedia.org/wiki/Half_Moon_Bay_(Victoria)
https://en.wikipedia.org/wiki/Westernport https://en.wikipedia.org/wiki/Hobsons_Bay
https://en.wikipedia.org/wiki/Westernport https://en.wikipedia.org/wiki/Limeburners_Bay
https://en.wikipedia.org/wiki/Westernport https://en.wikipedia.org/wiki/Portland_Bay
https://en.wikipedia.org/wiki/Westernport https://en.wikipedia.org/wiki/Shallow_Inlet
https://en.wikipedia.org/wiki/Westernport https://en.wikipedia.org/wiki/Swan_Bay
https://en.wikipedia.org/wiki/Westernport https://en.wikipedia.org/wiki/Waratah_Bay
https://en.wikipedia.org/wiki/Westernport https://en.wikipedia.org/wiki/Bay_of_Islands_Coastal_Park
https://en.wikipedia.org/wiki/Westernport https://en.wikipedia.org/wiki/Swan_Bay_and_Port_Phillip_Bay_Islands_Important_Bird_Area
https://en.wikipedia.org/wiki/Westernport https://en.wikipedia.org/wiki/List_of_Ramsar_sites_in_Australia
https://en.wikipedia.org/wiki/Westernport https://en.wikipedia.org/wiki/Australian_Capital_Territory
https://en.wikipedia.org/wiki/Westernport https://en.wikipedia.org/wiki/Ginini_Flats_Wetlands_Ramsar_Site
https://en.wikipedia.org/wiki/Westernport https://en.wikipedia.org/wiki/New_South_Wales
https://en.wikipedia.org/wiki/Westernport https://en.wikipedia.org/wiki/Blue_Lake_(New_South_Wales)
https://en.wikipedia.org/wiki/Westernport https://en.wikipedia.org/wiki/New_South_Wales_Central_Murray_Forests
https://en.wikipedia.org/wiki/Westernport https://en.wikipedia.org/wiki/Fivebough_and_Tuckerbil_Swamps
https://en.wikipedia.org/wiki/Westernport https://en.wikipedia.org/wiki/Gwydir_Wetlands
https://en.wikipedia.org/wiki/Westernport https://en.wikipedia.org/wiki/Hunter_Estuary_Wetlands
https://en.wikipedia.org/wiki/Westernport https://en.wikipedia.org/wiki/Lake_Pinaroo
https://en.wikipedia.org/wiki/Westernport https://en.wikipedia.org/wiki/Little_Llangothlin_Nature_Reserve
https://en.wikipedia.org/wiki/Westernport https://en.wikipedia.org/wiki/Macquarie_Marshes
https://en.wikipedia.org/wiki/Westernport https://en.wikipedia.org/wiki/Myall_Lakes
https://en.wikipedia.org/wiki/Westernport https://en.wikipedia.org/wiki/Narran_Wetlands
https://en.wikipedia.org/wiki/Westernport https://en.wikipedia.org/wiki/Paroo_River
https://en.wikipedia.org/wiki/Westernport https://en.wikipedia.org/wiki/Towra_Point_Nature_Reserve
https://en.wikipedia.org/wiki/Westernport https://en.wikipedia.org/wiki/Northern_Territory
https://en.wikipedia.org/wiki/Westernport https://en.wikipedia.org/wiki/Cobourg_Peninsula
https://en.wikipedia.org/wiki/Westernport https://en.wikipedia.org/wiki/Kakadu_National_Park
https://en.wikipedia.org/wiki/Westernport https://en.wikipedia.org/wiki/Queensland
https://en.wikipedia.org/wiki/Westernport https://en.wikipedia.org/wiki/Bowling_Green_Bay_National_Park
https://en.wikipedia.org/wiki/Westernport https://en.wikipedia.org/wiki/Currawinya_National_Park
https://en.wikipedia.org/wiki/Westernport https://en.wikipedia.org/wiki/Great_Sandy_Strait
https://en.wikipedia.org/wiki/Westernport https://en.wikipedia.org/wiki/Moreton_Bay
https://en.wikipedia.org/wiki/Westernport https://en.wikipedia.org/wiki/Shoalwater_Bay
https://en.wikipedia.org/wiki/Westernport https://en.wikipedia.org/wiki/South_Australia
https://en.wikipedia.org/wiki/Westernport https://en.wikipedia.org/wiki/Banrock_Station_Wetland_Complex
https://en.wikipedia.org/wiki/Westernport https://en.wikipedia.org/wiki/Bool_and_Hacks_Lagoons
https://en.wikipedia.org/wiki/Westernport https://en.wikipedia.org/wiki/Coongie_Lakes
https://en.wikipedia.org/wiki/Westernport https://en.wikipedia.org/wiki/Coorong_and_Lakes_Alexandrina_and_Albert_Wetland
https://en.wikipedia.org/wiki/Westernport https://en.wikipedia.org/wiki/Piccaninnie_Ponds_Conservation_Park
https://en.wikipedia.org/wiki/Westernport https://en.wikipedia.org/wiki/Riverland
https://en.wikipedia.org/wiki/Westernport https://en.wikipedia.org/wiki/Tasmania
https://en.wikipedia.org/wiki/Westernport https://en.wikipedia.org/wiki/Cape_Barren_Island#East_coast_lagoons_Ramsar_site
https://en.wikipedia.org/wiki/Westernport https://en.wikipedia.org/wiki/Interlaken_Lakeside_Reserve
https://en.wikipedia.org/wiki/Westernport https://en.wikipedia.org/wiki/Jocks_Lagoon
https://en.wikipedia.org/wiki/Westernport https://en.wikipedia.org/wiki/Lavinia_Nature_Reserve
https://en.wikipedia.org/wiki/Westernport https://en.wikipedia.org/wiki/Little_Waterhouse_Lake
https://en.wikipedia.org/wiki/Westernport https://en.wikipedia.org/wiki/Logan_Lagoon
https://en.wikipedia.org/wiki/Westernport https://en.wikipedia.org/wiki/Flood_Plain_Lower_Ringarooma_River_wetlands
https://en.wikipedia.org/wiki/Westernport https://en.wikipedia.org/wiki/Orielton_Lagoon
https://en.wikipedia.org/wiki/Westernport https://en.wikipedia.org/wiki/Barmah_National_Park
https://en.wikipedia.org/wiki/Westernport https://en.wikipedia.org/wiki/Edithvale-Seaford_Wetlands
https://en.wikipedia.org/wiki/Westernport https://en.wikipedia.org/wiki/Gippsland_Lakes
https://en.wikipedia.org/wiki/Westernport https://en.wikipedia.org/wiki/Gunbower_National_Park
https://en.wikipedia.org/wiki/Westernport https://en.wikipedia.org/wiki/Hattah-Kulkyne_National_Park
https://en.wikipedia.org/wiki/Westernport https://en.wikipedia.org/wiki/North_Victorian_Wetlands
https://en.wikipedia.org/wiki/Westernport https://en.wikipedia.org/wiki/Lake_Albacutya
https://en.wikipedia.org/wiki/Westernport https://en.wikipedia.org/wiki/Western_District_Lakes
https://en.wikipedia.org/wiki/Westernport https://en.wikipedia.org/wiki/Western_Australia
https://en.wikipedia.org/wiki/Westernport https://en.wikipedia.org/wiki/Becher_Point_Wetlands
https://en.wikipedia.org/wiki/Westernport https://en.wikipedia.org/wiki/Eighty_Mile_Beach
https://en.wikipedia.org/wiki/Westernport https://en.wikipedia.org/wiki/Forrestdale_and_Thomsons_Lakes_Ramsar_Site
https://en.wikipedia.org/wiki/Westernport https://en.wikipedia.org/wiki/Lake_Gore
https://en.wikipedia.org/wiki/Westernport https://en.wikipedia.org/wiki/Lake_Warden_(Western_Australia)
https://en.wikipedia.org/wiki/Westernport https://en.wikipedia.org/wiki/Lakes_Argyle_and_Kununurra_Ramsar_Site
https://en.wikipedia.org/wiki/Westernport https://en.wikipedia.org/wiki/Lake_Muir
https://en.wikipedia.org/wiki/Westernport https://en.wikipedia.org/wiki/Ord_River_Floodplain
https://en.wikipedia.org/wiki/Westernport https://en.wikipedia.org/wiki/Peel-Harvey_Estuary
https://en.wikipedia.org/wiki/Westernport https://en.wikipedia.org/wiki/Roebuck_Bay
https://en.wikipedia.org/wiki/Westernport https://en.wikipedia.org/wiki/Toolibin_Lake
https://en.wikipedia.org/wiki/Westernport https://en.wikipedia.org/wiki/Vasse-Wonnerup_Estuary
https://en.wikipedia.org/wiki/Westernport https://en.wikipedia.org/wiki/Ashmore_Reef
https://en.wikipedia.org/wiki/Westernport https://en.wikipedia.org/wiki/Coral_Sea_Reserves_Ramsar_Site
https://en.wikipedia.org/wiki/Westernport https://en.wikipedia.org/wiki/The_Dales_(Christmas_Island)
https://en.wikipedia.org/wiki/Westernport https://en.wikipedia.org/wiki/Elizabeth_and_Middleton_Reefs_Marine_National_Park_Reserve
https://en.wikipedia.org/wiki/Westernport https://en.wikipedia.org/wiki/Hosnies_Spring
https://en.wikipedia.org/wiki/Westernport https://en.wikipedia.org/wiki/North_Keeling
