https://en.wikipedia.org/wiki/Whitchurch,_Shropshire https://en.wikipedia.org/wiki/Whitchurch_(disambiguation)
https://en.wikipedia.org/wiki/Whitchurch,_Shropshire https://en.wikipedia.org/wiki/Ordnance_Survey_National_Grid
https://en.wikipedia.org/wiki/Whitchurch,_Shropshire https://en.wikipedia.org/wiki/Civil_parishes_in_England
https://en.wikipedia.org/wiki/Whitchurch,_Shropshire https://en.wikipedia.org/wiki/Districts_of_England
https://en.wikipedia.org/wiki/Whitchurch,_Shropshire https://en.wikipedia.org/wiki/Regions_of_England
https://en.wikipedia.org/wiki/Whitchurch,_Shropshire https://en.wikipedia.org/wiki/West_Midlands_(region)
https://en.wikipedia.org/wiki/Whitchurch,_Shropshire https://en.wikipedia.org/wiki/Countries_of_the_United_Kingdom
https://en.wikipedia.org/wiki/Whitchurch,_Shropshire https://en.wikipedia.org/wiki/England
https://en.wikipedia.org/wiki/Whitchurch,_Shropshire https://en.wikipedia.org/wiki/List_of_sovereign_states
https://en.wikipedia.org/wiki/Whitchurch,_Shropshire https://en.wikipedia.org/wiki/United_Kingdom
https://en.wikipedia.org/wiki/Whitchurch,_Shropshire https://en.wikipedia.org/wiki/Post_town
https://en.wikipedia.org/wiki/Whitchurch,_Shropshire https://en.wikipedia.org/wiki/Postcodes_in_the_United_Kingdom
https://en.wikipedia.org/wiki/Whitchurch,_Shropshire https://en.wikipedia.org/wiki/SY_postcode_area
https://en.wikipedia.org/wiki/Whitchurch,_Shropshire https://en.wikipedia.org/wiki/Telephone_numbers_in_the_United_Kingdom
https://en.wikipedia.org/wiki/Whitchurch,_Shropshire https://en.wikipedia.org/wiki/List_of_law_enforcement_agencies_in_the_United_Kingdom
https://en.wikipedia.org/wiki/Whitchurch,_Shropshire https://en.wikipedia.org/wiki/West_Mercia_Police
https://en.wikipedia.org/wiki/Whitchurch,_Shropshire https://en.wikipedia.org/wiki/Fire_services_in_the_United_Kingdom
https://en.wikipedia.org/wiki/Whitchurch,_Shropshire https://en.wikipedia.org/wiki/Shropshire_Fire_and_Rescue_Service
https://en.wikipedia.org/wiki/Whitchurch,_Shropshire https://en.wikipedia.org/wiki/Emergency_medical_services_in_the_United_Kingdom
https://en.wikipedia.org/wiki/Whitchurch,_Shropshire https://en.wikipedia.org/wiki/West_Midlands_Ambulance_Service
https://en.wikipedia.org/wiki/Whitchurch,_Shropshire https://en.wikipedia.org/wiki/List_of_members_of_the_European_Parliament_for_the_United_Kingdom,_2014%E2%80%9319
https://en.wikipedia.org/wiki/Whitchurch,_Shropshire https://en.wikipedia.org/wiki/West_Midlands_(European_Parliament_constituency)
https://en.wikipedia.org/wiki/Whitchurch,_Shropshire https://en.wikipedia.org/wiki/List_of_United_Kingdom_Parliament_constituencies
https://en.wikipedia.org/wiki/Whitchurch,_Shropshire https://en.wikipedia.org/wiki/List_of_United_Kingdom_locations
https://en.wikipedia.org/wiki/Whitchurch,_Shropshire https://en.wikipedia.org/wiki/List_of_places_in_England
https://en.wikipedia.org/wiki/Whitchurch,_Shropshire https://en.wikipedia.org/wiki/Geographic_coordinate_system
https://en.wikipedia.org/wiki/Whitchurch,_Shropshire https://en.wikipedia.org/wiki/Market_town
https://en.wikipedia.org/wiki/Whitchurch,_Shropshire https://en.wikipedia.org/wiki/North_Shropshire
https://en.wikipedia.org/wiki/Whitchurch,_Shropshire https://en.wikipedia.org/wiki/Wales
https://en.wikipedia.org/wiki/Whitchurch,_Shropshire https://en.wikipedia.org/wiki/Town_twinning
https://en.wikipedia.org/wiki/Whitchurch,_Shropshire https://en.wikipedia.org/wiki/Neufch%C3%A2tel-en-Bray
https://en.wikipedia.org/wiki/Whitchurch,_Shropshire https://en.wikipedia.org/wiki/Roman_road
https://en.wikipedia.org/wiki/Whitchurch,_Shropshire https://en.wikipedia.org/wiki/Chester,_England
https://en.wikipedia.org/wiki/Whitchurch,_Shropshire https://en.wikipedia.org/wiki/Wroxeter
https://en.wikipedia.org/wiki/Whitchurch,_Shropshire https://en.wikipedia.org/wiki/Antonine_Itinerary
https://en.wikipedia.org/wiki/Whitchurch,_Shropshire https://en.wikipedia.org/wiki/Claudius_Ptolemy
https://en.wikipedia.org/wiki/Whitchurch,_Shropshire https://en.wikipedia.org/wiki/Geography_(Ptolemy)
https://en.wikipedia.org/wiki/Whitchurch,_Shropshire https://en.wikipedia.org/wiki/Welsh_Marches
https://en.wikipedia.org/wiki/Whitchurch,_Shropshire https://en.wikipedia.org/wiki/Norman_conquest_of_England
https://en.wikipedia.org/wiki/Whitchurch,_Shropshire https://en.wikipedia.org/wiki/Harold_Godwinson
https://en.wikipedia.org/wiki/Whitchurch,_Shropshire https://en.wikipedia.org/wiki/Edward_the_Confessor
https://en.wikipedia.org/wiki/Whitchurch,_Shropshire https://en.wikipedia.org/wiki/Doomsday_Book
https://en.wikipedia.org/wiki/Whitchurch,_Shropshire https://en.wikipedia.org/wiki/Roger_de_Montgomery
https://en.wikipedia.org/wiki/Whitchurch,_Shropshire https://en.wikipedia.org/wiki/Hundred_(county_division)
https://en.wikipedia.org/wiki/Whitchurch,_Shropshire https://en.wikipedia.org/wiki/Hodnet,_Shropshire
https://en.wikipedia.org/wiki/Whitchurch,_Shropshire https://en.wikipedia.org/wiki/Norman_period
https://en.wikipedia.org/wiki/Whitchurch,_Shropshire https://en.wikipedia.org/wiki/Earl_Brownlow
https://en.wikipedia.org/wiki/Whitchurch,_Shropshire https://en.wikipedia.org/wiki/Robert_William_Eyton
https://en.wikipedia.org/wiki/Whitchurch,_Shropshire https://en.wikipedia.org/wiki/William_de_Warenne,_2nd_Earl_of_Surrey
https://en.wikipedia.org/wiki/Whitchurch,_Shropshire https://en.wikipedia.org/wiki/Henry_I_of_England
https://en.wikipedia.org/wiki/Whitchurch,_Shropshire https://en.wikipedia.org/wiki/1981_United_Kingdom_tornado_outbreak
https://en.wikipedia.org/wiki/Whitchurch,_Shropshire https://en.wikipedia.org/wiki/Norbury,_Shropshire
https://en.wikipedia.org/wiki/Whitchurch,_Shropshire https://en.wikipedia.org/wiki/Unitary_authorities_of_England
https://en.wikipedia.org/wiki/Whitchurch,_Shropshire https://en.wikipedia.org/wiki/Nantwich
https://en.wikipedia.org/wiki/Whitchurch,_Shropshire https://en.wikipedia.org/wiki/A41_road
https://en.wikipedia.org/wiki/Whitchurch,_Shropshire https://en.wikipedia.org/wiki/A49_road
https://en.wikipedia.org/wiki/Whitchurch,_Shropshire https://en.wikipedia.org/wiki/Whitchurch_railway_station_(Shropshire)
https://en.wikipedia.org/wiki/Whitchurch,_Shropshire https://en.wikipedia.org/wiki/London_and_North_Western_Railway
https://en.wikipedia.org/wiki/Whitchurch,_Shropshire https://en.wikipedia.org/wiki/London,_Midland_and_Scottish_Railway
https://en.wikipedia.org/wiki/Whitchurch,_Shropshire https://en.wikipedia.org/wiki/Crewe
https://en.wikipedia.org/wiki/Whitchurch,_Shropshire https://en.wikipedia.org/wiki/Welsh_Marches_Line
https://en.wikipedia.org/wiki/Whitchurch,_Shropshire https://en.wikipedia.org/wiki/Cardiff
https://en.wikipedia.org/wiki/Whitchurch,_Shropshire https://en.wikipedia.org/wiki/Cambrian_Railways
https://en.wikipedia.org/wiki/Whitchurch,_Shropshire https://en.wikipedia.org/wiki/Welshpool
https://en.wikipedia.org/wiki/Whitchurch,_Shropshire https://en.wikipedia.org/wiki/Whittington,_Shropshire
https://en.wikipedia.org/wiki/Whitchurch,_Shropshire https://en.wikipedia.org/wiki/Llanymynech
https://en.wikipedia.org/wiki/Whitchurch,_Shropshire https://en.wikipedia.org/wiki/Whitchurch_and_Tattenhall_Railway
https://en.wikipedia.org/wiki/Whitchurch,_Shropshire https://en.wikipedia.org/wiki/Malpas,_Cheshire
https://en.wikipedia.org/wiki/Whitchurch,_Shropshire https://en.wikipedia.org/wiki/Whitchurch_Waterways_Country_Park
https://en.wikipedia.org/wiki/Whitchurch,_Shropshire https://en.wikipedia.org/wiki/Sandstone_Trail
https://en.wikipedia.org/wiki/Whitchurch,_Shropshire https://en.wikipedia.org/wiki/Whitchurch_Arm
https://en.wikipedia.org/wiki/Whitchurch,_Shropshire https://en.wikipedia.org/wiki/Tesco
https://en.wikipedia.org/wiki/Whitchurch,_Shropshire https://en.wikipedia.org/wiki/Lidl
https://en.wikipedia.org/wiki/Whitchurch,_Shropshire https://en.wikipedia.org/wiki/Sainsbury%27s
https://en.wikipedia.org/wiki/Whitchurch,_Shropshire https://en.wikipedia.org/wiki/J._B._Joyce_%26_Co
https://en.wikipedia.org/wiki/Whitchurch,_Shropshire https://en.wikipedia.org/wiki/Clock_tower
https://en.wikipedia.org/wiki/Whitchurch,_Shropshire https://en.wikipedia.org/wiki/Singapore
https://en.wikipedia.org/wiki/Whitchurch,_Shropshire https://en.wikipedia.org/wiki/Kabul
https://en.wikipedia.org/wiki/Whitchurch,_Shropshire https://en.wikipedia.org/wiki/Cape_Town
https://en.wikipedia.org/wiki/Whitchurch,_Shropshire https://en.wikipedia.org/wiki/Clock_Tower,_Palace_of_Westminster
https://en.wikipedia.org/wiki/Whitchurch,_Shropshire https://en.wikipedia.org/wiki/Manchester
https://en.wikipedia.org/wiki/Whitchurch,_Shropshire https://en.wikipedia.org/wiki/Sir_John_Talbots
https://en.wikipedia.org/wiki/Whitchurch,_Shropshire https://en.wikipedia.org/wiki/Whitchurch_Rugby_Club
https://en.wikipedia.org/wiki/Whitchurch,_Shropshire https://en.wikipedia.org/wiki/Mini_rugby
https://en.wikipedia.org/wiki/Whitchurch,_Shropshire https://en.wikipedia.org/wiki/National_Division_Three_North
https://en.wikipedia.org/wiki/Whitchurch,_Shropshire https://en.wikipedia.org/wiki/Association_football
https://en.wikipedia.org/wiki/Whitchurch,_Shropshire https://en.wikipedia.org/wiki/Cheshire_Football_League
https://en.wikipedia.org/wiki/Whitchurch,_Shropshire https://en.wikipedia.org/wiki/Mercian_Regional_Football_League
https://en.wikipedia.org/wiki/Whitchurch,_Shropshire https://en.wikipedia.org/wiki/North_West_Counties_Football_League_First_Division
https://en.wikipedia.org/wiki/Whitchurch,_Shropshire https://en.wikipedia.org/wiki/University_of_the_Third_Age
https://en.wikipedia.org/wiki/Whitchurch,_Shropshire https://en.wikipedia.org/wiki/Church_of_England
https://en.wikipedia.org/wiki/Whitchurch,_Shropshire https://en.wikipedia.org/wiki/Parish_church
https://en.wikipedia.org/wiki/Whitchurch,_Shropshire https://en.wikipedia.org/wiki/Norman_architecture
https://en.wikipedia.org/wiki/Whitchurch,_Shropshire https://en.wikipedia.org/wiki/Listed_building
https://en.wikipedia.org/wiki/Whitchurch,_Shropshire https://en.wikipedia.org/wiki/Chapel_of_ease
https://en.wikipedia.org/wiki/Whitchurch,_Shropshire https://en.wikipedia.org/wiki/One_Foot_in_the_Past
https://en.wikipedia.org/wiki/Whitchurch,_Shropshire https://en.wikipedia.org/wiki/Primitive_Methodism
https://en.wikipedia.org/wiki/Whitchurch,_Shropshire https://en.wikipedia.org/wiki/John_Wesley
https://en.wikipedia.org/wiki/Whitchurch,_Shropshire https://en.wikipedia.org/wiki/United_Reformed
https://en.wikipedia.org/wiki/Whitchurch,_Shropshire https://en.wikipedia.org/wiki/Congregational
https://en.wikipedia.org/wiki/Whitchurch,_Shropshire https://en.wikipedia.org/wiki/Presbyterian
https://en.wikipedia.org/wiki/Whitchurch,_Shropshire https://en.wikipedia.org/wiki/Baptist
https://en.wikipedia.org/wiki/Whitchurch,_Shropshire https://en.wikipedia.org/wiki/First_World_War
https://en.wikipedia.org/wiki/Whitchurch,_Shropshire https://en.wikipedia.org/wiki/Polish_Armed_Forces_in_the_West
https://en.wikipedia.org/wiki/Whitchurch,_Shropshire https://en.wikipedia.org/wiki/Czechoslovak_government-in-exile
https://en.wikipedia.org/wiki/Whitchurch,_Shropshire https://en.wikipedia.org/wiki/Iscoyd_Park
https://en.wikipedia.org/wiki/Whitchurch,_Shropshire https://en.wikipedia.org/wiki/Henry_Percy_(Hotspur)
https://en.wikipedia.org/wiki/Whitchurch,_Shropshire https://en.wikipedia.org/wiki/Battle_of_Shrewsbury
https://en.wikipedia.org/wiki/Whitchurch,_Shropshire https://en.wikipedia.org/wiki/John_Talbot,_1st_Earl_of_Shrewsbury
https://en.wikipedia.org/wiki/Whitchurch,_Shropshire https://en.wikipedia.org/wiki/Joan_of_Arc
https://en.wikipedia.org/wiki/Whitchurch,_Shropshire https://en.wikipedia.org/wiki/Scheduled_monument
https://en.wikipedia.org/wiki/Whitchurch,_Shropshire https://en.wikipedia.org/wiki/Henry_VI,_Part_I
https://en.wikipedia.org/wiki/Whitchurch,_Shropshire https://en.wikipedia.org/wiki/Abraham_Wheelock
https://en.wikipedia.org/wiki/Whitchurch,_Shropshire https://en.wikipedia.org/wiki/Nicholas_Bernard
https://en.wikipedia.org/wiki/Whitchurch,_Shropshire https://en.wikipedia.org/wiki/Ardagh,_County_Longford
https://en.wikipedia.org/wiki/Whitchurch,_Shropshire https://en.wikipedia.org/wiki/Oliver_Cromwell
https://en.wikipedia.org/wiki/Whitchurch,_Shropshire https://en.wikipedia.org/wiki/Philip_Henry
https://en.wikipedia.org/wiki/Whitchurch,_Shropshire https://en.wikipedia.org/wiki/Worthenbury
https://en.wikipedia.org/wiki/Whitchurch,_Shropshire https://en.wikipedia.org/wiki/Joseph_Bromfield
https://en.wikipedia.org/wiki/Whitchurch,_Shropshire https://en.wikipedia.org/wiki/John_Pridden
https://en.wikipedia.org/wiki/Whitchurch,_Shropshire https://en.wikipedia.org/wiki/Reginald_Heber
https://en.wikipedia.org/wiki/Whitchurch,_Shropshire https://en.wikipedia.org/wiki/Diocese_of_Calcutta_of_the_Church_of_North_India
https://en.wikipedia.org/wiki/Whitchurch,_Shropshire https://en.wikipedia.org/wiki/Thomas_Corser
https://en.wikipedia.org/wiki/Whitchurch,_Shropshire https://en.wikipedia.org/wiki/Randolph_Caldecott
https://en.wikipedia.org/wiki/Whitchurch,_Shropshire https://en.wikipedia.org/wiki/Edward_German
https://en.wikipedia.org/wiki/Whitchurch,_Shropshire https://en.wikipedia.org/wiki/Thomas_Oakley_(UK_politician)
https://en.wikipedia.org/wiki/Whitchurch,_Shropshire https://en.wikipedia.org/wiki/The_Wrekin_(UK_Parliament_constituency)
https://en.wikipedia.org/wiki/Whitchurch,_Shropshire https://en.wikipedia.org/wiki/Percy_Newton
https://en.wikipedia.org/wiki/Whitchurch,_Shropshire https://en.wikipedia.org/wiki/Lucy_Appleby
https://en.wikipedia.org/wiki/Whitchurch,_Shropshire https://en.wikipedia.org/wiki/MBE
https://en.wikipedia.org/wiki/Whitchurch,_Shropshire https://en.wikipedia.org/wiki/Lorna_Sage
https://en.wikipedia.org/wiki/Whitchurch,_Shropshire https://en.wikipedia.org/wiki/Stuart_Mason
https://en.wikipedia.org/wiki/Whitchurch,_Shropshire https://en.wikipedia.org/wiki/Secretary_of_State_for_Environment,_Food_and_Rural_Affairs
https://en.wikipedia.org/wiki/Whitchurch,_Shropshire https://en.wikipedia.org/wiki/Member_of_Parliament
https://en.wikipedia.org/wiki/Whitchurch,_Shropshire https://en.wikipedia.org/wiki/Kate_Long
https://en.wikipedia.org/wiki/Whitchurch,_Shropshire https://en.wikipedia.org/wiki/Christina_Trevanion
https://en.wikipedia.org/wiki/Whitchurch,_Shropshire https://en.wikipedia.org/wiki/Neighbourhood_Statistics
https://en.wikipedia.org/wiki/Whitchurch,_Shropshire https://en.wikipedia.org/wiki/Office_for_National_Statistics
https://en.wikipedia.org/wiki/Whitchurch,_Shropshire https://en.wikipedia.org/wiki/BBC
https://en.wikipedia.org/wiki/Whitchurch,_Shropshire https://en.wikipedia.org/wiki/International_Standard_Book_Number
https://en.wikipedia.org/wiki/Whitchurch,_Shropshire https://en.wikipedia.org/wiki/Wayback_Machine
https://en.wikipedia.org/wiki/Whitchurch,_Shropshire https://en.wikipedia.org/wiki/Shropshire_Star
https://en.wikipedia.org/wiki/Whitchurch,_Shropshire https://en.wikipedia.org/wiki/Maureen_Duffy
https://en.wikipedia.org/wiki/Whitchurch,_Shropshire https://en.wikipedia.org/wiki/Telford_and_Wrekin_Council
https://en.wikipedia.org/wiki/Whitchurch,_Shropshire https://en.wikipedia.org/wiki/Bishop%27s_Castle
https://en.wikipedia.org/wiki/Whitchurch,_Shropshire https://en.wikipedia.org/wiki/Bridgnorth
https://en.wikipedia.org/wiki/Whitchurch,_Shropshire https://en.wikipedia.org/wiki/Broseley
https://en.wikipedia.org/wiki/Whitchurch,_Shropshire https://en.wikipedia.org/wiki/Church_Stretton
https://en.wikipedia.org/wiki/Whitchurch,_Shropshire https://en.wikipedia.org/wiki/Cleobury_Mortimer
https://en.wikipedia.org/wiki/Whitchurch,_Shropshire https://en.wikipedia.org/wiki/Clun
https://en.wikipedia.org/wiki/Whitchurch,_Shropshire https://en.wikipedia.org/wiki/Craven_Arms
https://en.wikipedia.org/wiki/Whitchurch,_Shropshire https://en.wikipedia.org/wiki/Ludlow
https://en.wikipedia.org/wiki/Whitchurch,_Shropshire https://en.wikipedia.org/wiki/Much_Wenlock
https://en.wikipedia.org/wiki/Whitchurch,_Shropshire https://en.wikipedia.org/wiki/Newport,_Shropshire
https://en.wikipedia.org/wiki/Whitchurch,_Shropshire https://en.wikipedia.org/wiki/Shifnal
https://en.wikipedia.org/wiki/Whitchurch,_Shropshire https://en.wikipedia.org/wiki/Telford
https://en.wikipedia.org/wiki/Whitchurch,_Shropshire https://en.wikipedia.org/wiki/Dawley
https://en.wikipedia.org/wiki/Whitchurch,_Shropshire https://en.wikipedia.org/wiki/Madeley,_Shropshire
https://en.wikipedia.org/wiki/Whitchurch,_Shropshire https://en.wikipedia.org/wiki/Oakengates
https://en.wikipedia.org/wiki/Whitchurch,_Shropshire https://en.wikipedia.org/wiki/Wellington,_Shropshire
https://en.wikipedia.org/wiki/Whitchurch,_Shropshire https://en.wikipedia.org/wiki/Wem
https://en.wikipedia.org/wiki/Whitchurch,_Shropshire https://en.wikipedia.org/wiki/List_of_civil_parishes_in_Shropshire
https://en.wikipedia.org/wiki/Whitchurch,_Shropshire https://en.wikipedia.org/wiki/River_Camlad
https://en.wikipedia.org/wiki/Whitchurch,_Shropshire https://en.wikipedia.org/wiki/River_Clun,_Shropshire
https://en.wikipedia.org/wiki/Whitchurch,_Shropshire https://en.wikipedia.org/wiki/River_Corve
https://en.wikipedia.org/wiki/Whitchurch,_Shropshire https://en.wikipedia.org/wiki/Ledwyche_Brook
https://en.wikipedia.org/wiki/Whitchurch,_Shropshire https://en.wikipedia.org/wiki/River_Onny
https://en.wikipedia.org/wiki/Whitchurch,_Shropshire https://en.wikipedia.org/wiki/River_Perry,_Shropshire
https://en.wikipedia.org/wiki/Whitchurch,_Shropshire https://en.wikipedia.org/wiki/River_Rea,_Shropshire
https://en.wikipedia.org/wiki/Whitchurch,_Shropshire https://en.wikipedia.org/wiki/Rea_Brook
https://en.wikipedia.org/wiki/Whitchurch,_Shropshire https://en.wikipedia.org/wiki/River_Redlake
https://en.wikipedia.org/wiki/Whitchurch,_Shropshire https://en.wikipedia.org/wiki/River_Roden,_Shropshire
https://en.wikipedia.org/wiki/Whitchurch,_Shropshire https://en.wikipedia.org/wiki/River_Severn
https://en.wikipedia.org/wiki/Whitchurch,_Shropshire https://en.wikipedia.org/wiki/River_Teme
https://en.wikipedia.org/wiki/Whitchurch,_Shropshire https://en.wikipedia.org/wiki/River_Tern
https://en.wikipedia.org/wiki/Whitchurch,_Shropshire https://en.wikipedia.org/wiki/River_Unk,_Shropshire
https://en.wikipedia.org/wiki/Whitchurch,_Shropshire https://en.wikipedia.org/wiki/River_Vyrnwy
https://en.wikipedia.org/wiki/Whitchurch,_Shropshire https://en.wikipedia.org/wiki/River_Worfe
https://en.wikipedia.org/wiki/Whitchurch,_Shropshire https://en.wikipedia.org/wiki/Montgomery_Canal
https://en.wikipedia.org/wiki/Whitchurch,_Shropshire https://en.wikipedia.org/wiki/Shrewsbury_Canal
https://en.wikipedia.org/wiki/Whitchurch,_Shropshire https://en.wikipedia.org/wiki/Shropshire_Union_Canal
https://en.wikipedia.org/wiki/Whitchurch,_Shropshire https://en.wikipedia.org/wiki/Flag_of_Shropshire
https://en.wikipedia.org/wiki/Whitchurch,_Shropshire https://en.wikipedia.org/wiki/Geology_of_Shropshire
https://en.wikipedia.org/wiki/Whitchurch,_Shropshire https://en.wikipedia.org/wiki/History_of_Shropshire
https://en.wikipedia.org/wiki/Whitchurch,_Shropshire https://en.wikipedia.org/wiki/List_of_museums_in_Shropshire
https://en.wikipedia.org/wiki/Whitchurch,_Shropshire https://en.wikipedia.org/wiki/List_of_schools_in_Shropshire
https://en.wikipedia.org/wiki/Whitchurch,_Shropshire https://en.wikipedia.org/wiki/Parliamentary_constituencies_in_Shropshire
https://en.wikipedia.org/wiki/Whitchurch,_Shropshire https://en.wikipedia.org/wiki/List_of_Sites_of_Special_Scientific_Interest_in_Shropshire
https://en.wikipedia.org/wiki/Whitchurch,_Shropshire https://en.wikipedia.org/wiki/Grade_I_listed_buildings_in_Shropshire
https://en.wikipedia.org/wiki/Whitchurch,_Shropshire https://en.wikipedia.org/wiki/Grade_II*_listed_buildings_in_Shropshire
https://en.wikipedia.org/wiki/Whitchurch,_Shropshire https://en.wikipedia.org/wiki/Lord_Lieutenant_of_Shropshire
https://en.wikipedia.org/wiki/Whitchurch,_Shropshire https://en.wikipedia.org/wiki/High_Sheriff_of_Shropshire
https://en.wikipedia.org/wiki/Whitchurch,_Shropshire https://en.wikipedia.org/wiki/Railways_of_Shropshire
https://en.wikipedia.org/wiki/Whitchurch,_Shropshire https://en.wikipedia.org/wiki/List_of_windmills_in_Shropshire
