https://en.wikipedia.org/wiki/Youngstown,_Ohio https://en.wikipedia.org/wiki/Youngstown_(disambiguation)
https://en.wikipedia.org/wiki/Youngstown,_Ohio https://en.wikipedia.org/wiki/Geographic_coordinate_system
https://en.wikipedia.org/wiki/Youngstown,_Ohio https://en.wikipedia.org/wiki/Mayor-council_government
https://en.wikipedia.org/wiki/Youngstown,_Ohio https://en.wikipedia.org/wiki/Urban_area
https://en.wikipedia.org/wiki/Youngstown,_Ohio https://en.wikipedia.org/wiki/List_of_United_States_urban_areas
https://en.wikipedia.org/wiki/Youngstown,_Ohio https://en.wikipedia.org/wiki/Metropolitan_area
https://en.wikipedia.org/wiki/Youngstown,_Ohio https://en.wikipedia.org/wiki/List_of_Metropolitan_Statistical_Areas
https://en.wikipedia.org/wiki/Youngstown,_Ohio https://en.wikipedia.org/wiki/Combined_statistical_area
https://en.wikipedia.org/wiki/Youngstown,_Ohio https://en.wikipedia.org/wiki/List_of_Combined_Statistical_Areas
https://en.wikipedia.org/wiki/Youngstown,_Ohio https://en.wikipedia.org/wiki/Time_zone
https://en.wikipedia.org/wiki/Youngstown,_Ohio https://en.wikipedia.org/wiki/UTC%E2%88%925
https://en.wikipedia.org/wiki/Youngstown,_Ohio https://en.wikipedia.org/wiki/Eastern_Standard_Time_Zone
https://en.wikipedia.org/wiki/Youngstown,_Ohio https://en.wikipedia.org/wiki/Daylight_saving_time
https://en.wikipedia.org/wiki/Youngstown,_Ohio https://en.wikipedia.org/wiki/UTC%E2%88%924
https://en.wikipedia.org/wiki/Youngstown,_Ohio https://en.wikipedia.org/wiki/Eastern_Daylight_Time
https://en.wikipedia.org/wiki/Youngstown,_Ohio https://en.wikipedia.org/wiki/ZIP_Code
https://en.wikipedia.org/wiki/Youngstown,_Ohio https://en.wikipedia.org/wiki/Telephone_numbering_plan
https://en.wikipedia.org/wiki/Youngstown,_Ohio https://en.wikipedia.org/wiki/Area_codes_234_and_330
https://en.wikipedia.org/wiki/Youngstown,_Ohio https://en.wikipedia.org/wiki/Federal_Information_Processing_Standard
https://en.wikipedia.org/wiki/Youngstown,_Ohio https://en.wikipedia.org/wiki/Geographic_Names_Information_System
https://en.wikipedia.org/wiki/Youngstown,_Ohio https://en.wikipedia.org/wiki/Mercer_County,_Pennsylvania
https://en.wikipedia.org/wiki/Youngstown,_Ohio https://en.wikipedia.org/wiki/Pittsburgh
https://en.wikipedia.org/wiki/Youngstown,_Ohio https://en.wikipedia.org/wiki/Greater_Pittsburgh_Region
https://en.wikipedia.org/wiki/Youngstown,_Ohio https://en.wikipedia.org/wiki/New_York_City
https://en.wikipedia.org/wiki/Youngstown,_Ohio https://en.wikipedia.org/wiki/Chicago
https://en.wikipedia.org/wiki/Youngstown,_Ohio https://en.wikipedia.org/wiki/Interstate_80
https://en.wikipedia.org/wiki/Youngstown,_Ohio https://en.wikipedia.org/wiki/Whitestown,_New_York
https://en.wikipedia.org/wiki/Youngstown,_Ohio https://en.wikipedia.org/wiki/Gristmill
https://en.wikipedia.org/wiki/Youngstown,_Ohio https://en.wikipedia.org/wiki/Appalachian_Mountains
https://en.wikipedia.org/wiki/Youngstown,_Ohio https://en.wikipedia.org/wiki/Northwest_Territory
https://en.wikipedia.org/wiki/Youngstown,_Ohio https://en.wikipedia.org/wiki/Title_(property)
https://en.wikipedia.org/wiki/Youngstown,_Ohio https://en.wikipedia.org/wiki/Connecticut_Land_Company
https://en.wikipedia.org/wiki/Youngstown,_Ohio https://en.wikipedia.org/wiki/Scots-Irish_American
https://en.wikipedia.org/wiki/Youngstown,_Ohio https://en.wikipedia.org/wiki/Pennsylvania
https://en.wikipedia.org/wiki/Youngstown,_Ohio https://en.wikipedia.org/wiki/Arthur_St._Clair
https://en.wikipedia.org/wiki/Youngstown,_Ohio https://en.wikipedia.org/wiki/Jonathan_Trumbull
https://en.wikipedia.org/wiki/Youngstown,_Ohio https://en.wikipedia.org/wiki/Erie_Canal
https://en.wikipedia.org/wiki/Youngstown,_Ohio https://en.wikipedia.org/wiki/American_Civil_War
https://en.wikipedia.org/wiki/Youngstown,_Ohio https://en.wikipedia.org/wiki/Wales
https://en.wikipedia.org/wiki/Youngstown,_Ohio https://en.wikipedia.org/wiki/Lebanon
https://en.wikipedia.org/wiki/Youngstown,_Ohio https://en.wikipedia.org/wiki/Syria
https://en.wikipedia.org/wiki/Youngstown,_Ohio https://en.wikipedia.org/wiki/Ku_Klux_Klan
https://en.wikipedia.org/wiki/Youngstown,_Ohio https://en.wikipedia.org/wiki/A._Victor_Donahey
https://en.wikipedia.org/wiki/Youngstown,_Ohio https://en.wikipedia.org/wiki/African_Methodist_Episcopal_Church
https://en.wikipedia.org/wiki/Youngstown,_Ohio https://en.wikipedia.org/wiki/William_R._Stewart
https://en.wikipedia.org/wiki/Youngstown,_Ohio https://en.wikipedia.org/wiki/Ohio_House_of_Representatives
https://en.wikipedia.org/wiki/Youngstown,_Ohio https://en.wikipedia.org/wiki/Steel_Strike_of_1919
https://en.wikipedia.org/wiki/Youngstown,_Ohio https://en.wikipedia.org/wiki/Southern_United_States
https://en.wikipedia.org/wiki/Youngstown,_Ohio https://en.wikipedia.org/wiki/Sharecropping
https://en.wikipedia.org/wiki/Youngstown,_Ohio https://en.wikipedia.org/wiki/Hispanics_in_the_United_States
https://en.wikipedia.org/wiki/Youngstown,_Ohio https://en.wikipedia.org/wiki/St._Rose_of_Lima
https://en.wikipedia.org/wiki/Youngstown,_Ohio https://en.wikipedia.org/wiki/Baptist
https://en.wikipedia.org/wiki/Youngstown,_Ohio https://en.wikipedia.org/wiki/George_Voinovich
https://en.wikipedia.org/wiki/Youngstown,_Ohio https://en.wikipedia.org/wiki/Nathaniel_R._Jones
https://en.wikipedia.org/wiki/Youngstown,_Ohio https://en.wikipedia.org/wiki/Robert_A._M._Stern
https://en.wikipedia.org/wiki/Youngstown,_Ohio https://en.wikipedia.org/wiki/United_States_Department_of_Housing_and_Urban_Development
https://en.wikipedia.org/wiki/Youngstown,_Ohio https://en.wikipedia.org/wiki/New_Urbanist
https://en.wikipedia.org/wiki/Youngstown,_Ohio https://en.wikipedia.org/wiki/American_Planning_Association
https://en.wikipedia.org/wiki/Youngstown,_Ohio https://en.wikipedia.org/wiki/Glaciated_Allegheny_Plateau
https://en.wikipedia.org/wiki/Youngstown,_Ohio https://en.wikipedia.org/wiki/Ice_Age
https://en.wikipedia.org/wiki/Youngstown,_Ohio https://en.wikipedia.org/wiki/Glacier
https://en.wikipedia.org/wiki/Youngstown,_Ohio https://en.wikipedia.org/wiki/Humid_continental_climate
https://en.wikipedia.org/wiki/Youngstown,_Ohio https://en.wikipedia.org/wiki/K%C3%B6ppen_climate_classification
https://en.wikipedia.org/wiki/Youngstown,_Ohio https://en.wikipedia.org/wiki/Midwestern_United_States
https://en.wikipedia.org/wiki/Youngstown,_Ohio https://en.wikipedia.org/wiki/Hardiness_zone
https://en.wikipedia.org/wiki/Youngstown,_Ohio https://en.wikipedia.org/wiki/Snowbelt
https://en.wikipedia.org/wiki/Youngstown,_Ohio https://en.wikipedia.org/wiki/Dust_Bowl
https://en.wikipedia.org/wiki/Youngstown,_Ohio https://en.wikipedia.org/wiki/Precipitation_(meteorology)
https://en.wikipedia.org/wiki/Youngstown,_Ohio https://en.wikipedia.org/wiki/Youngstown%E2%80%93Warren_Regional_Airport
https://en.wikipedia.org/wiki/Youngstown,_Ohio https://en.wikipedia.org/wiki/Precipitation
https://en.wikipedia.org/wiki/Youngstown,_Ohio https://en.wikipedia.org/wiki/1820_United_States_Census
https://en.wikipedia.org/wiki/Youngstown,_Ohio https://en.wikipedia.org/wiki/1830_United_States_Census
https://en.wikipedia.org/wiki/Youngstown,_Ohio https://en.wikipedia.org/wiki/1840_United_States_Census
https://en.wikipedia.org/wiki/Youngstown,_Ohio https://en.wikipedia.org/wiki/1850_United_States_Census
https://en.wikipedia.org/wiki/Youngstown,_Ohio https://en.wikipedia.org/wiki/1860_United_States_Census
https://en.wikipedia.org/wiki/Youngstown,_Ohio https://en.wikipedia.org/wiki/1870_United_States_Census
https://en.wikipedia.org/wiki/Youngstown,_Ohio https://en.wikipedia.org/wiki/1880_United_States_Census
https://en.wikipedia.org/wiki/Youngstown,_Ohio https://en.wikipedia.org/wiki/1890_United_States_Census
https://en.wikipedia.org/wiki/Youngstown,_Ohio https://en.wikipedia.org/wiki/1900_United_States_Census
https://en.wikipedia.org/wiki/Youngstown,_Ohio https://en.wikipedia.org/wiki/1910_United_States_Census
https://en.wikipedia.org/wiki/Youngstown,_Ohio https://en.wikipedia.org/wiki/1920_United_States_Census
https://en.wikipedia.org/wiki/Youngstown,_Ohio https://en.wikipedia.org/wiki/1930_United_States_Census
https://en.wikipedia.org/wiki/Youngstown,_Ohio https://en.wikipedia.org/wiki/1940_United_States_Census
https://en.wikipedia.org/wiki/Youngstown,_Ohio https://en.wikipedia.org/wiki/1950_United_States_Census
https://en.wikipedia.org/wiki/Youngstown,_Ohio https://en.wikipedia.org/wiki/1960_United_States_Census
https://en.wikipedia.org/wiki/Youngstown,_Ohio https://en.wikipedia.org/wiki/1970_United_States_Census
https://en.wikipedia.org/wiki/Youngstown,_Ohio https://en.wikipedia.org/wiki/1980_United_States_Census
https://en.wikipedia.org/wiki/Youngstown,_Ohio https://en.wikipedia.org/wiki/1990_United_States_Census
https://en.wikipedia.org/wiki/Youngstown,_Ohio https://en.wikipedia.org/wiki/2000_United_States_Census
https://en.wikipedia.org/wiki/Youngstown,_Ohio https://en.wikipedia.org/wiki/American_Community_Survey
https://en.wikipedia.org/wiki/Youngstown,_Ohio https://en.wikipedia.org/wiki/CNNMoney.com
https://en.wikipedia.org/wiki/Youngstown,_Ohio https://en.wikipedia.org/wiki/White_(U.S._Census)
https://en.wikipedia.org/wiki/Youngstown,_Ohio https://en.wikipedia.org/wiki/African_American_(U.S._Census)
https://en.wikipedia.org/wiki/Youngstown,_Ohio https://en.wikipedia.org/wiki/Native_American_(U.S._Census)
https://en.wikipedia.org/wiki/Youngstown,_Ohio https://en.wikipedia.org/wiki/Asian_(U.S._Census)
https://en.wikipedia.org/wiki/Youngstown,_Ohio https://en.wikipedia.org/wiki/Pacific_Islander_(U.S._Census)
https://en.wikipedia.org/wiki/Youngstown,_Ohio https://en.wikipedia.org/wiki/Hispanic_(U.S._Census)
https://en.wikipedia.org/wiki/Youngstown,_Ohio https://en.wikipedia.org/wiki/Latino_(U.S._Census)
https://en.wikipedia.org/wiki/Youngstown,_Ohio https://en.wikipedia.org/wiki/German_American
https://en.wikipedia.org/wiki/Youngstown,_Ohio https://en.wikipedia.org/wiki/English_American
https://en.wikipedia.org/wiki/Youngstown,_Ohio https://en.wikipedia.org/wiki/Puerto_Rican_people
https://en.wikipedia.org/wiki/Youngstown,_Ohio https://en.wikipedia.org/wiki/Mexican_American
https://en.wikipedia.org/wiki/Youngstown,_Ohio https://en.wikipedia.org/wiki/Cuban_American
https://en.wikipedia.org/wiki/Youngstown,_Ohio https://en.wikipedia.org/wiki/Economy_of_Youngstown,_Ohio
https://en.wikipedia.org/wiki/Youngstown,_Ohio https://en.wikipedia.org/wiki/United_Steelworkers
https://en.wikipedia.org/wiki/Youngstown,_Ohio https://en.wikipedia.org/wiki/Studebaker_Avanti
https://en.wikipedia.org/wiki/Youngstown,_Ohio https://en.wikipedia.org/wiki/Studebaker
https://en.wikipedia.org/wiki/Youngstown,_Ohio https://en.wikipedia.org/wiki/Chevrolet_Corvette
https://en.wikipedia.org/wiki/Youngstown,_Ohio https://en.wikipedia.org/wiki/General_Motors_Corporation
https://en.wikipedia.org/wiki/Youngstown,_Ohio https://en.wikipedia.org/wiki/Lordstown_Assembly
https://en.wikipedia.org/wiki/Youngstown,_Ohio https://en.wikipedia.org/wiki/Cavalier
https://en.wikipedia.org/wiki/Youngstown,_Ohio https://en.wikipedia.org/wiki/Vallourec
https://en.wikipedia.org/wiki/Youngstown,_Ohio https://en.wikipedia.org/wiki/Business_incubator
https://en.wikipedia.org/wiki/Youngstown,_Ohio https://en.wikipedia.org/wiki/Inc._Magazine
https://en.wikipedia.org/wiki/Youngstown,_Ohio https://en.wikipedia.org/wiki/Schwebel%27s_Bakery
https://en.wikipedia.org/wiki/Youngstown,_Ohio https://en.wikipedia.org/wiki/Edward_J._DeBartolo,_Sr.
https://en.wikipedia.org/wiki/Youngstown,_Ohio https://en.wikipedia.org/wiki/Fast-food
https://en.wikipedia.org/wiki/Youngstown,_Ohio https://en.wikipedia.org/wiki/Arby%27s
https://en.wikipedia.org/wiki/Youngstown,_Ohio https://en.wikipedia.org/wiki/Arthur_Treacher%27s_Fish_%26_Chips
https://en.wikipedia.org/wiki/Youngstown,_Ohio https://en.wikipedia.org/wiki/Michael_I._Monus
https://en.wikipedia.org/wiki/Youngstown,_Ohio https://en.wikipedia.org/wiki/Jay_Williams_(politician)
https://en.wikipedia.org/wiki/Youngstown,_Ohio https://en.wikipedia.org/wiki/Independent_(politician)
https://en.wikipedia.org/wiki/Youngstown,_Ohio https://en.wikipedia.org/wiki/Mayors_Against_Illegal_Guns_Coalition
https://en.wikipedia.org/wiki/Youngstown,_Ohio https://en.wikipedia.org/wiki/Auto_czar
https://en.wikipedia.org/wiki/Youngstown,_Ohio https://en.wikipedia.org/wiki/Presidential_Task_Force_on_the_Auto_Industry
https://en.wikipedia.org/wiki/Youngstown,_Ohio https://en.wikipedia.org/wiki/Northeast_Ohio_Correctional_Center
https://en.wikipedia.org/wiki/Youngstown,_Ohio https://en.wikipedia.org/wiki/Ohio_State_Penitentiary
https://en.wikipedia.org/wiki/Youngstown,_Ohio https://en.wikipedia.org/wiki/American_Mafia
https://en.wikipedia.org/wiki/Youngstown,_Ohio https://en.wikipedia.org/wiki/United_States_House_of_Representatives
https://en.wikipedia.org/wiki/Youngstown,_Ohio https://en.wikipedia.org/wiki/James_A._Traficant_Jr.
https://en.wikipedia.org/wiki/Youngstown,_Ohio https://en.wikipedia.org/wiki/Morgan_Quitno_Press
https://en.wikipedia.org/wiki/Youngstown,_Ohio https://en.wikipedia.org/wiki/Public_Library_of_Youngstown_and_Mahoning_County
https://en.wikipedia.org/wiki/Youngstown,_Ohio https://en.wikipedia.org/wiki/South_High_School_(Youngstown,_Ohio)
https://en.wikipedia.org/wiki/Youngstown,_Ohio https://en.wikipedia.org/wiki/North_High_School_(Youngstown,_Ohio)
https://en.wikipedia.org/wiki/Youngstown,_Ohio https://en.wikipedia.org/wiki/Chaney_High_School_(Youngstown,_Ohio)
https://en.wikipedia.org/wiki/Youngstown,_Ohio https://en.wikipedia.org/wiki/Rayen_High_School_(Youngstown,_Ohio)
https://en.wikipedia.org/wiki/Youngstown,_Ohio https://en.wikipedia.org/wiki/Woodrow_Wilson_High_School_(Youngstown,_Ohio)
https://en.wikipedia.org/wiki/Youngstown,_Ohio https://en.wikipedia.org/wiki/East_High_School_(Youngstown,_Ohio)
https://en.wikipedia.org/wiki/Youngstown,_Ohio https://en.wikipedia.org/wiki/Roman_Catholic_Diocese_of_Youngstown
https://en.wikipedia.org/wiki/Youngstown,_Ohio https://en.wikipedia.org/wiki/Ursuline_High_School,_Youngstown
https://en.wikipedia.org/wiki/Youngstown,_Ohio https://en.wikipedia.org/wiki/Cardinal_Mooney_High_School_(Youngstown,_Ohio)
https://en.wikipedia.org/wiki/Youngstown,_Ohio https://en.wikipedia.org/wiki/Montessori
https://en.wikipedia.org/wiki/Youngstown,_Ohio https://en.wikipedia.org/wiki/YMCA
https://en.wikipedia.org/wiki/Youngstown,_Ohio https://en.wikipedia.org/wiki/Science,_technology,_engineering,_and_mathematics
https://en.wikipedia.org/wiki/Youngstown,_Ohio https://en.wikipedia.org/wiki/Tudor_style_architecture
https://en.wikipedia.org/wiki/Youngstown,_Ohio https://en.wikipedia.org/wiki/Victorian_architecture
https://en.wikipedia.org/wiki/Youngstown,_Ohio https://en.wikipedia.org/wiki/Spanish_Colonial_Revival_Style_architecture
https://en.wikipedia.org/wiki/Youngstown,_Ohio https://en.wikipedia.org/wiki/Steinway_%26_Sons#All-Steinway_Schools
https://en.wikipedia.org/wiki/Youngstown,_Ohio https://en.wikipedia.org/wiki/Forbes.com
https://en.wikipedia.org/wiki/Youngstown,_Ohio https://en.wikipedia.org/wiki/Powers_Auditorium
https://en.wikipedia.org/wiki/Youngstown,_Ohio https://en.wikipedia.org/wiki/Youngstown_Symphony_Orchestra
https://en.wikipedia.org/wiki/Youngstown,_Ohio https://en.wikipedia.org/wiki/Neo-classical_architecture
https://en.wikipedia.org/wiki/Youngstown,_Ohio https://en.wikipedia.org/wiki/Stambaugh_Auditorium
https://en.wikipedia.org/wiki/Youngstown,_Ohio https://en.wikipedia.org/wiki/Bruce_Springsteen
https://en.wikipedia.org/wiki/Youngstown,_Ohio https://en.wikipedia.org/wiki/Youngstown_(song)
https://en.wikipedia.org/wiki/Youngstown,_Ohio https://en.wikipedia.org/wiki/Ghost_of_Tom_Joad_Tour
https://en.wikipedia.org/wiki/Youngstown,_Ohio https://en.wikipedia.org/wiki/Youngstown_Playhouse
https://en.wikipedia.org/wiki/Youngstown,_Ohio https://en.wikipedia.org/wiki/Ohio_Arts_Council
https://en.wikipedia.org/wiki/Youngstown,_Ohio https://en.wikipedia.org/wiki/Oakland_Center_for_the_Arts
https://en.wikipedia.org/wiki/Youngstown,_Ohio https://en.wikipedia.org/wiki/Joe_Flynn_(US_actor)
https://en.wikipedia.org/wiki/Youngstown,_Ohio https://en.wikipedia.org/wiki/Elizabeth_Hartman
https://en.wikipedia.org/wiki/Youngstown,_Ohio https://en.wikipedia.org/wiki/Maureen_McGovern
https://en.wikipedia.org/wiki/Youngstown,_Ohio https://en.wikipedia.org/wiki/Ed_O%27Neill
https://en.wikipedia.org/wiki/Youngstown,_Ohio https://en.wikipedia.org/wiki/Butler_Institute_of_American_Art
https://en.wikipedia.org/wiki/Youngstown,_Ohio https://en.wikipedia.org/wiki/Joseph_G._Butler,_Jr.
https://en.wikipedia.org/wiki/Youngstown,_Ohio https://en.wikipedia.org/wiki/McDonough_Museum_of_Art
https://en.wikipedia.org/wiki/Youngstown,_Ohio https://en.wikipedia.org/wiki/American_Craftsman
https://en.wikipedia.org/wiki/Youngstown,_Ohio https://en.wikipedia.org/wiki/Youngstown_Historical_Center_of_Industry_and_Labor
https://en.wikipedia.org/wiki/Youngstown,_Ohio https://en.wikipedia.org/wiki/Ohio_Historical_Society
https://en.wikipedia.org/wiki/Youngstown,_Ohio https://en.wikipedia.org/wiki/Mill_Creek_Park
https://en.wikipedia.org/wiki/Youngstown,_Ohio https://en.wikipedia.org/wiki/Rock_Creek_Park
https://en.wikipedia.org/wiki/Youngstown,_Ohio https://en.wikipedia.org/wiki/Fellows_Riverside_Gardens
https://en.wikipedia.org/wiki/Youngstown,_Ohio https://en.wikipedia.org/wiki/National_Register_of_Historic_Places
https://en.wikipedia.org/wiki/Youngstown,_Ohio https://en.wikipedia.org/wiki/Volney_Rogers
https://en.wikipedia.org/wiki/Youngstown,_Ohio https://en.wikipedia.org/wiki/Wick_Park
https://en.wikipedia.org/wiki/Youngstown,_Ohio https://en.wikipedia.org/wiki/Youngstown_Browns
https://en.wikipedia.org/wiki/Youngstown,_Ohio https://en.wikipedia.org/wiki/Youngstown_Gremlins
https://en.wikipedia.org/wiki/Youngstown,_Ohio https://en.wikipedia.org/wiki/Ohio_League
https://en.wikipedia.org/wiki/Youngstown,_Ohio https://en.wikipedia.org/wiki/Mahoning_Valley_Thunder
https://en.wikipedia.org/wiki/Youngstown,_Ohio https://en.wikipedia.org/wiki/Af2
https://en.wikipedia.org/wiki/Youngstown,_Ohio https://en.wikipedia.org/wiki/Arena_Football_League_(1987%E2%80%932008)
https://en.wikipedia.org/wiki/Youngstown,_Ohio https://en.wikipedia.org/wiki/Youngstown_Pride_(basketball_team)
https://en.wikipedia.org/wiki/Youngstown,_Ohio https://en.wikipedia.org/wiki/World_Basketball_League
https://en.wikipedia.org/wiki/Youngstown,_Ohio https://en.wikipedia.org/wiki/International_Basketball_Association
https://en.wikipedia.org/wiki/Youngstown,_Ohio https://en.wikipedia.org/wiki/International_Basketball_League_(2005-)
https://en.wikipedia.org/wiki/Youngstown,_Ohio https://en.wikipedia.org/wiki/Missouri_Valley_Football_Conference
https://en.wikipedia.org/wiki/Youngstown,_Ohio https://en.wikipedia.org/wiki/Jerry_Slocum
https://en.wikipedia.org/wiki/Youngstown,_Ohio https://en.wikipedia.org/wiki/Boxing
https://en.wikipedia.org/wiki/Youngstown,_Ohio https://en.wikipedia.org/wiki/Greg_Richardson_(boxer)
https://en.wikipedia.org/wiki/Youngstown,_Ohio https://en.wikipedia.org/wiki/Ray_Mancini
https://en.wikipedia.org/wiki/Youngstown,_Ohio https://en.wikipedia.org/wiki/Harry_Arroyo
https://en.wikipedia.org/wiki/Youngstown,_Ohio https://en.wikipedia.org/wiki/International_Boxing_Federation
https://en.wikipedia.org/wiki/Youngstown,_Ohio https://en.wikipedia.org/wiki/Lightweight
https://en.wikipedia.org/wiki/Youngstown,_Ohio https://en.wikipedia.org/wiki/College_Football_Hall_of_Fame
https://en.wikipedia.org/wiki/Youngstown,_Ohio https://en.wikipedia.org/wiki/End_(football)
https://en.wikipedia.org/wiki/Youngstown,_Ohio https://en.wikipedia.org/wiki/Bob_Dove
https://en.wikipedia.org/wiki/Youngstown,_Ohio https://en.wikipedia.org/wiki/Baseball_Hall_of_Fame
https://en.wikipedia.org/wiki/Youngstown,_Ohio https://en.wikipedia.org/wiki/Billy_Evans
https://en.wikipedia.org/wiki/Youngstown,_Ohio https://en.wikipedia.org/wiki/Pitcher
https://en.wikipedia.org/wiki/Youngstown,_Ohio https://en.wikipedia.org/wiki/Dave_Dravecky
https://en.wikipedia.org/wiki/Youngstown,_Ohio https://en.wikipedia.org/wiki/Quarterback
https://en.wikipedia.org/wiki/Youngstown,_Ohio https://en.wikipedia.org/wiki/Bernie_Kosar
https://en.wikipedia.org/wiki/Youngstown,_Ohio https://en.wikipedia.org/wiki/IBF
https://en.wikipedia.org/wiki/Youngstown,_Ohio https://en.wikipedia.org/wiki/World_Boxing_Association
https://en.wikipedia.org/wiki/Youngstown,_Ohio https://en.wikipedia.org/wiki/Jimmy_McAleer
https://en.wikipedia.org/wiki/Youngstown,_Ohio https://en.wikipedia.org/wiki/World_Boxing_Council
https://en.wikipedia.org/wiki/Youngstown,_Ohio https://en.wikipedia.org/wiki/WBO
https://en.wikipedia.org/wiki/Youngstown,_Ohio https://en.wikipedia.org/wiki/Bonesetter_Reese
https://en.wikipedia.org/wiki/Youngstown,_Ohio https://en.wikipedia.org/wiki/Outfielder
https://en.wikipedia.org/wiki/Youngstown,_Ohio https://en.wikipedia.org/wiki/George_Shuba
https://en.wikipedia.org/wiki/Youngstown,_Ohio https://en.wikipedia.org/wiki/Heisman_Trophy
https://en.wikipedia.org/wiki/Youngstown,_Ohio https://en.wikipedia.org/wiki/Frank_Sinkwich
https://en.wikipedia.org/wiki/Youngstown,_Ohio https://en.wikipedia.org/wiki/Edward_J._DeBartolo_Jr.
https://en.wikipedia.org/wiki/Youngstown,_Ohio https://en.wikipedia.org/wiki/San_Francisco_49ers
https://en.wikipedia.org/wiki/Youngstown,_Ohio https://en.wikipedia.org/wiki/Miami_Marlins
https://en.wikipedia.org/wiki/Youngstown,_Ohio https://en.wikipedia.org/wiki/Major_League_Baseball
https://en.wikipedia.org/wiki/Youngstown,_Ohio https://en.wikipedia.org/wiki/Western_Reserve_Transit_Authority
https://en.wikipedia.org/wiki/Youngstown,_Ohio https://en.wikipedia.org/wiki/Greyhound_Lines
https://en.wikipedia.org/wiki/Youngstown,_Ohio https://en.wikipedia.org/wiki/Baltimore_and_Ohio_Railroad
https://en.wikipedia.org/wiki/Youngstown,_Ohio https://en.wikipedia.org/wiki/Amtrak
https://en.wikipedia.org/wiki/Youngstown,_Ohio https://en.wikipedia.org/wiki/Three_Rivers_(train)
https://en.wikipedia.org/wiki/Youngstown,_Ohio https://en.wikipedia.org/wiki/Youngstown-Warren_Regional_Airport
https://en.wikipedia.org/wiki/Youngstown,_Ohio https://en.wikipedia.org/wiki/Allegiant_Air
https://en.wikipedia.org/wiki/Youngstown,_Ohio https://en.wikipedia.org/wiki/Sun_Country_Airlines
https://en.wikipedia.org/wiki/Youngstown,_Ohio https://en.wikipedia.org/wiki/Via_Air
https://en.wikipedia.org/wiki/Youngstown,_Ohio https://en.wikipedia.org/wiki/Alamo_Rent_a_Car
https://en.wikipedia.org/wiki/Youngstown,_Ohio https://en.wikipedia.org/wiki/National_Car_Rental
https://en.wikipedia.org/wiki/Youngstown,_Ohio https://en.wikipedia.org/wiki/Enterprise_Holdings
https://en.wikipedia.org/wiki/Youngstown,_Ohio https://en.wikipedia.org/wiki/Budget_Rent_a_Car
https://en.wikipedia.org/wiki/Youngstown,_Ohio https://en.wikipedia.org/wiki/Avis_Rent_a_Car_System
https://en.wikipedia.org/wiki/Youngstown,_Ohio https://en.wikipedia.org/wiki/Orlando
https://en.wikipedia.org/wiki/Youngstown,_Ohio https://en.wikipedia.org/wiki/Fort_Myers
https://en.wikipedia.org/wiki/Youngstown,_Ohio https://en.wikipedia.org/wiki/Tampa
https://en.wikipedia.org/wiki/Youngstown,_Ohio https://en.wikipedia.org/wiki/Atlantic_City
https://en.wikipedia.org/wiki/Youngstown,_Ohio https://en.wikipedia.org/wiki/Tunica,_Mississippi
https://en.wikipedia.org/wiki/Youngstown,_Ohio https://en.wikipedia.org/wiki/Gulfport,_Mississippi
https://en.wikipedia.org/wiki/Youngstown,_Ohio https://en.wikipedia.org/wiki/Myrtle_Beach,_SC
https://en.wikipedia.org/wiki/Youngstown,_Ohio https://en.wikipedia.org/wiki/Uber
https://en.wikipedia.org/wiki/Youngstown,_Ohio https://en.wikipedia.org/wiki/The_Vindicator
https://en.wikipedia.org/wiki/Youngstown,_Ohio https://en.wikipedia.org/wiki/Lisbon,_Ohio
https://en.wikipedia.org/wiki/Youngstown,_Ohio https://en.wikipedia.org/wiki/WPXI
https://en.wikipedia.org/wiki/Youngstown,_Ohio https://en.wikipedia.org/wiki/New_Castle,_Pennsylvania
https://en.wikipedia.org/wiki/Youngstown,_Ohio https://en.wikipedia.org/wiki/Federal_Communications_Commission
https://en.wikipedia.org/wiki/Youngstown,_Ohio https://en.wikipedia.org/wiki/WFMJ-TV
https://en.wikipedia.org/wiki/Youngstown,_Ohio https://en.wikipedia.org/wiki/NBC
https://en.wikipedia.org/wiki/Youngstown,_Ohio https://en.wikipedia.org/wiki/WYTV
https://en.wikipedia.org/wiki/Youngstown,_Ohio https://en.wikipedia.org/wiki/American_Broadcasting_Company
https://en.wikipedia.org/wiki/Youngstown,_Ohio https://en.wikipedia.org/wiki/WYFX-LD
https://en.wikipedia.org/wiki/Youngstown,_Ohio https://en.wikipedia.org/wiki/Fox_Broadcasting_Company
https://en.wikipedia.org/wiki/Youngstown,_Ohio https://en.wikipedia.org/wiki/WKBN-TV
https://en.wikipedia.org/wiki/Youngstown,_Ohio https://en.wikipedia.org/wiki/CBS
https://en.wikipedia.org/wiki/Youngstown,_Ohio https://en.wikipedia.org/wiki/WYTV-DT2
https://en.wikipedia.org/wiki/Youngstown,_Ohio https://en.wikipedia.org/wiki/My_Network_TV
https://en.wikipedia.org/wiki/Youngstown,_Ohio https://en.wikipedia.org/wiki/WFMJ-DT2
https://en.wikipedia.org/wiki/Youngstown,_Ohio https://en.wikipedia.org/wiki/The_CW_Television_Network
https://en.wikipedia.org/wiki/Youngstown,_Ohio https://en.wikipedia.org/wiki/Digital_subchannel
https://en.wikipedia.org/wiki/Youngstown,_Ohio https://en.wikipedia.org/wiki/Nexstar_Media_Group
https://en.wikipedia.org/wiki/Youngstown,_Ohio https://en.wikipedia.org/wiki/Shared_services
https://en.wikipedia.org/wiki/Youngstown,_Ohio https://en.wikipedia.org/wiki/Western_Reserve_Public_Media
https://en.wikipedia.org/wiki/Youngstown,_Ohio https://en.wikipedia.org/wiki/Public_Broadcasting_Service
https://en.wikipedia.org/wiki/Youngstown,_Ohio https://en.wikipedia.org/wiki/AM_broadcasting
https://en.wikipedia.org/wiki/Youngstown,_Ohio https://en.wikipedia.org/wiki/FM_broadcasting
https://en.wikipedia.org/wiki/Youngstown,_Ohio https://en.wikipedia.org/wiki/Clear_Channel_Communications
https://en.wikipedia.org/wiki/Youngstown,_Ohio https://en.wikipedia.org/wiki/Cumulus_Media
https://en.wikipedia.org/wiki/Youngstown,_Ohio https://en.wikipedia.org/wiki/Spi%C5%A1sk%C3%A1_Nov%C3%A1_Ves
https://en.wikipedia.org/wiki/Youngstown,_Ohio https://en.wikipedia.org/wiki/United_States_Geological_Survey
https://en.wikipedia.org/wiki/Youngstown,_Ohio https://en.wikipedia.org/wiki/The_Plain_Dealer
https://en.wikipedia.org/wiki/Youngstown,_Ohio https://en.wikipedia.org/wiki/United_States_National_Arboretum
https://en.wikipedia.org/wiki/Youngstown,_Ohio https://en.wikipedia.org/wiki/National_Oceanic_and_Atmospheric_Administration
https://en.wikipedia.org/wiki/Youngstown,_Ohio https://en.wikipedia.org/wiki/National_Weather_Service
https://en.wikipedia.org/wiki/Youngstown,_Ohio https://en.wikipedia.org/wiki/Nielsen_Media_Research
https://en.wikipedia.org/wiki/Youngstown,_Ohio https://en.wikipedia.org/wiki/The_Donning_Company
https://en.wikipedia.org/wiki/Youngstown,_Ohio https://en.wikipedia.org/wiki/Harvard_University_Press
https://en.wikipedia.org/wiki/Youngstown,_Ohio https://en.wikipedia.org/wiki/Cornell_University_Press
https://en.wikipedia.org/wiki/Youngstown,_Ohio https://en.wikipedia.org/wiki/Cambridge_University_Press
https://en.wikipedia.org/wiki/Youngstown,_Ohio https://en.wikipedia.org/wiki/Kent_State_University_Press
https://en.wikipedia.org/wiki/Youngstown,_Ohio https://en.wikipedia.org/wiki/University_Press_of_Kansas
https://en.wikipedia.org/wiki/Youngstown,_Ohio https://en.wikipedia.org/wiki/National_Register_of_Historic_Places_listings_in_Mahoning_County,_Ohio
https://en.wikipedia.org/wiki/Youngstown,_Ohio https://en.wikipedia.org/wiki/Youngstown_Fire_Department
https://en.wikipedia.org/wiki/Youngstown,_Ohio https://en.wikipedia.org/wiki/Youngstown%E2%80%93Warren%E2%80%93Boardman_metropolitan_area
https://en.wikipedia.org/wiki/Youngstown,_Ohio https://en.wikipedia.org/wiki/Idora_Park_(Youngstown)
https://en.wikipedia.org/wiki/Youngstown,_Ohio https://en.wikipedia.org/wiki/Wick_Park_Historic_District
https://en.wikipedia.org/wiki/Youngstown,_Ohio https://en.wikipedia.org/wiki/National_Steel_Corporation
https://en.wikipedia.org/wiki/Youngstown,_Ohio https://en.wikipedia.org/wiki/Ling-Temco-Vought
https://en.wikipedia.org/wiki/Youngstown,_Ohio https://en.wikipedia.org/wiki/Little_Steel_strike
https://en.wikipedia.org/wiki/Youngstown,_Ohio https://en.wikipedia.org/wiki/Steel_strike_of_1919
https://en.wikipedia.org/wiki/Youngstown,_Ohio https://en.wikipedia.org/wiki/Arthur_Treacher%27s
https://en.wikipedia.org/wiki/Youngstown,_Ohio https://en.wikipedia.org/wiki/Strouss
https://en.wikipedia.org/wiki/Youngstown,_Ohio https://en.wikipedia.org/wiki/Mahoning_Valley_Scrappers
https://en.wikipedia.org/wiki/Youngstown,_Ohio https://en.wikipedia.org/wiki/Minor_League_Baseball
https://en.wikipedia.org/wiki/Youngstown,_Ohio https://en.wikipedia.org/wiki/Little_Steel_Derby_Girls
https://en.wikipedia.org/wiki/Youngstown,_Ohio https://en.wikipedia.org/wiki/Roller_derby
https://en.wikipedia.org/wiki/Youngstown,_Ohio https://en.wikipedia.org/wiki/Youngstown_State_Penguins
https://en.wikipedia.org/wiki/Youngstown,_Ohio https://en.wikipedia.org/wiki/Giant_Eagle_LPGA_Classic
https://en.wikipedia.org/wiki/Youngstown,_Ohio https://en.wikipedia.org/wiki/Youngstown_Athletics
https://en.wikipedia.org/wiki/Youngstown,_Ohio https://en.wikipedia.org/wiki/Youngstown_Bears
https://en.wikipedia.org/wiki/Youngstown,_Ohio https://en.wikipedia.org/wiki/Youngstown_Buckeyes
https://en.wikipedia.org/wiki/Youngstown,_Ohio https://en.wikipedia.org/wiki/Youngstown_Nighthawks
https://en.wikipedia.org/wiki/Youngstown,_Ohio https://en.wikipedia.org/wiki/Youngstown_Pride
https://en.wikipedia.org/wiki/Youngstown,_Ohio https://en.wikipedia.org/wiki/Eastwood_Field
https://en.wikipedia.org/wiki/Youngstown,_Ohio https://en.wikipedia.org/wiki/Eastern_Gateway_Community_College
https://en.wikipedia.org/wiki/Youngstown,_Ohio https://en.wikipedia.org/wiki/Campbell,_Ohio
https://en.wikipedia.org/wiki/Youngstown,_Ohio https://en.wikipedia.org/wiki/Columbiana,_Ohio
https://en.wikipedia.org/wiki/Youngstown,_Ohio https://en.wikipedia.org/wiki/Salem,_Ohio
https://en.wikipedia.org/wiki/Youngstown,_Ohio https://en.wikipedia.org/wiki/Struthers,_Ohio
https://en.wikipedia.org/wiki/Youngstown,_Ohio https://en.wikipedia.org/wiki/Beloit,_Ohio
https://en.wikipedia.org/wiki/Youngstown,_Ohio https://en.wikipedia.org/wiki/Craig_Beach,_Ohio
https://en.wikipedia.org/wiki/Youngstown,_Ohio https://en.wikipedia.org/wiki/Lowellville,_Ohio
https://en.wikipedia.org/wiki/Youngstown,_Ohio https://en.wikipedia.org/wiki/New_Middletown,_Ohio
https://en.wikipedia.org/wiki/Youngstown,_Ohio https://en.wikipedia.org/wiki/Poland,_Ohio
https://en.wikipedia.org/wiki/Youngstown,_Ohio https://en.wikipedia.org/wiki/Sebring,_Ohio
https://en.wikipedia.org/wiki/Youngstown,_Ohio https://en.wikipedia.org/wiki/Washingtonville,_Ohio
https://en.wikipedia.org/wiki/Youngstown,_Ohio https://en.wikipedia.org/wiki/Austintown_Township,_Mahoning_County,_Ohio
https://en.wikipedia.org/wiki/Youngstown,_Ohio https://en.wikipedia.org/wiki/Beaver_Township,_Mahoning_County,_Ohio
https://en.wikipedia.org/wiki/Youngstown,_Ohio https://en.wikipedia.org/wiki/Berlin_Township,_Mahoning_County,_Ohio
https://en.wikipedia.org/wiki/Youngstown,_Ohio https://en.wikipedia.org/wiki/Boardman_Township,_Mahoning_County,_Ohio
https://en.wikipedia.org/wiki/Youngstown,_Ohio https://en.wikipedia.org/wiki/Canfield_Township,_Mahoning_County,_Ohio
https://en.wikipedia.org/wiki/Youngstown,_Ohio https://en.wikipedia.org/wiki/Coitsville_Township,_Mahoning_County,_Ohio
https://en.wikipedia.org/wiki/Youngstown,_Ohio https://en.wikipedia.org/wiki/Ellsworth_Township,_Mahoning_County,_Ohio
https://en.wikipedia.org/wiki/Youngstown,_Ohio https://en.wikipedia.org/wiki/Goshen_Township,_Mahoning_County,_Ohio
https://en.wikipedia.org/wiki/Youngstown,_Ohio https://en.wikipedia.org/wiki/Green_Township,_Mahoning_County,_Ohio
https://en.wikipedia.org/wiki/Youngstown,_Ohio https://en.wikipedia.org/wiki/Jackson_Township,_Mahoning_County,_Ohio
https://en.wikipedia.org/wiki/Youngstown,_Ohio https://en.wikipedia.org/wiki/Milton_Township,_Mahoning_County,_Ohio
https://en.wikipedia.org/wiki/Youngstown,_Ohio https://en.wikipedia.org/wiki/Poland_Township,_Mahoning_County,_Ohio
https://en.wikipedia.org/wiki/Youngstown,_Ohio https://en.wikipedia.org/wiki/Smith_Township,_Mahoning_County,_Ohio
https://en.wikipedia.org/wiki/Youngstown,_Ohio https://en.wikipedia.org/wiki/Springfield_Township,_Mahoning_County,_Ohio
https://en.wikipedia.org/wiki/Youngstown,_Ohio https://en.wikipedia.org/wiki/Austintown,_Ohio
https://en.wikipedia.org/wiki/Youngstown,_Ohio https://en.wikipedia.org/wiki/Boardman,_Ohio
https://en.wikipedia.org/wiki/Youngstown,_Ohio https://en.wikipedia.org/wiki/Damascus,_Ohio
https://en.wikipedia.org/wiki/Youngstown,_Ohio https://en.wikipedia.org/wiki/Maple_Ridge,_Ohio
https://en.wikipedia.org/wiki/Youngstown,_Ohio https://en.wikipedia.org/wiki/Berlin_Center,_Ohio
https://en.wikipedia.org/wiki/Youngstown,_Ohio https://en.wikipedia.org/wiki/Blanco,_Ohio
https://en.wikipedia.org/wiki/Youngstown,_Ohio https://en.wikipedia.org/wiki/Calla,_Ohio
https://en.wikipedia.org/wiki/Youngstown,_Ohio https://en.wikipedia.org/wiki/Coitsville_Center,_Ohio
https://en.wikipedia.org/wiki/Youngstown,_Ohio https://en.wikipedia.org/wiki/East_Lewistown,_Ohio
https://en.wikipedia.org/wiki/Youngstown,_Ohio https://en.wikipedia.org/wiki/Ellsworth,_Ohio
https://en.wikipedia.org/wiki/Youngstown,_Ohio https://en.wikipedia.org/wiki/Fredericksburg,_Mahoning_County,_Ohio
https://en.wikipedia.org/wiki/Youngstown,_Ohio https://en.wikipedia.org/wiki/Garfield,_Ohio
https://en.wikipedia.org/wiki/Youngstown,_Ohio https://en.wikipedia.org/wiki/Greenford,_Ohio
https://en.wikipedia.org/wiki/Youngstown,_Ohio https://en.wikipedia.org/wiki/Hickory_Corners,_Ohio
https://en.wikipedia.org/wiki/Youngstown,_Ohio https://en.wikipedia.org/wiki/Knaufville,_Ohio
https://en.wikipedia.org/wiki/Youngstown,_Ohio https://en.wikipedia.org/wiki/Lake_Milton,_Ohio
https://en.wikipedia.org/wiki/Youngstown,_Ohio https://en.wikipedia.org/wiki/Locust_Grove,_Mahoning_County,_Ohio
https://en.wikipedia.org/wiki/Youngstown,_Ohio https://en.wikipedia.org/wiki/Millville,_Mahoning_County,_Ohio
https://en.wikipedia.org/wiki/Youngstown,_Ohio https://en.wikipedia.org/wiki/New_Albany,_Mahoning_County,_Ohio
https://en.wikipedia.org/wiki/Youngstown,_Ohio https://en.wikipedia.org/wiki/New_Buffalo,_Ohio
https://en.wikipedia.org/wiki/Youngstown,_Ohio https://en.wikipedia.org/wiki/New_Springfield,_Ohio
https://en.wikipedia.org/wiki/Youngstown,_Ohio https://en.wikipedia.org/wiki/North_Benton,_Ohio
https://en.wikipedia.org/wiki/Youngstown,_Ohio https://en.wikipedia.org/wiki/North_Jackson,_Ohio
https://en.wikipedia.org/wiki/Youngstown,_Ohio https://en.wikipedia.org/wiki/North_Lima,_Ohio
https://en.wikipedia.org/wiki/Youngstown,_Ohio https://en.wikipedia.org/wiki/Ohltown,_Ohio
https://en.wikipedia.org/wiki/Youngstown,_Ohio https://en.wikipedia.org/wiki/Paradise,_Ohio
https://en.wikipedia.org/wiki/Youngstown,_Ohio https://en.wikipedia.org/wiki/Patmos,_Ohio
https://en.wikipedia.org/wiki/Youngstown,_Ohio https://en.wikipedia.org/wiki/Petersburg,_Mahoning_County,_Ohio
https://en.wikipedia.org/wiki/Youngstown,_Ohio https://en.wikipedia.org/wiki/Poland_Center,_Ohio
https://en.wikipedia.org/wiki/Youngstown,_Ohio https://en.wikipedia.org/wiki/Rosemont,_Ohio
https://en.wikipedia.org/wiki/Youngstown,_Ohio https://en.wikipedia.org/wiki/Snodes,_Ohio
https://en.wikipedia.org/wiki/Youngstown,_Ohio https://en.wikipedia.org/wiki/West_Austintown,_Ohio
https://en.wikipedia.org/wiki/Youngstown,_Ohio https://en.wikipedia.org/wiki/Woodworth,_Ohio
https://en.wikipedia.org/wiki/Youngstown,_Ohio https://en.wikipedia.org/wiki/Cortland,_Ohio
https://en.wikipedia.org/wiki/Youngstown,_Ohio https://en.wikipedia.org/wiki/Girard,_Ohio
https://en.wikipedia.org/wiki/Youngstown,_Ohio https://en.wikipedia.org/wiki/Hubbard,_Ohio
https://en.wikipedia.org/wiki/Youngstown,_Ohio https://en.wikipedia.org/wiki/Lordstown,_Ohio
https://en.wikipedia.org/wiki/Youngstown,_Ohio https://en.wikipedia.org/wiki/McDonald,_Ohio
https://en.wikipedia.org/wiki/Youngstown,_Ohio https://en.wikipedia.org/wiki/Newton_Falls,_Ohio
https://en.wikipedia.org/wiki/Youngstown,_Ohio https://en.wikipedia.org/wiki/Orangeville,_Ohio
https://en.wikipedia.org/wiki/Youngstown,_Ohio https://en.wikipedia.org/wiki/West_Farmington,_Ohio
https://en.wikipedia.org/wiki/Youngstown,_Ohio https://en.wikipedia.org/wiki/Yankee_Lake,_Ohio
https://en.wikipedia.org/wiki/Youngstown,_Ohio https://en.wikipedia.org/wiki/Bazetta_Township,_Trumbull_County,_Ohio
https://en.wikipedia.org/wiki/Youngstown,_Ohio https://en.wikipedia.org/wiki/Bloomfield_Township,_Trumbull_County,_Ohio
https://en.wikipedia.org/wiki/Youngstown,_Ohio https://en.wikipedia.org/wiki/Braceville_Township,_Trumbull_County,_Ohio
https://en.wikipedia.org/wiki/Youngstown,_Ohio https://en.wikipedia.org/wiki/Bristol_Township,_Trumbull_County,_Ohio
https://en.wikipedia.org/wiki/Youngstown,_Ohio https://en.wikipedia.org/wiki/Brookfield_Township,_Trumbull_County,_Ohio
https://en.wikipedia.org/wiki/Youngstown,_Ohio https://en.wikipedia.org/wiki/Champion_Township,_Trumbull_County,_Ohio
https://en.wikipedia.org/wiki/Youngstown,_Ohio https://en.wikipedia.org/wiki/Farmington_Township,_Trumbull_County,_Ohio
https://en.wikipedia.org/wiki/Youngstown,_Ohio https://en.wikipedia.org/wiki/Fowler_Township,_Trumbull_County,_Ohio
https://en.wikipedia.org/wiki/Youngstown,_Ohio https://en.wikipedia.org/wiki/Greene_Township,_Trumbull_County,_Ohio
https://en.wikipedia.org/wiki/Youngstown,_Ohio https://en.wikipedia.org/wiki/Gustavus_Township,_Trumbull_County,_Ohio
https://en.wikipedia.org/wiki/Youngstown,_Ohio https://en.wikipedia.org/wiki/Hartford_Township,_Trumbull_County,_Ohio
https://en.wikipedia.org/wiki/Youngstown,_Ohio https://en.wikipedia.org/wiki/Howland_Township,_Trumbull_County,_Ohio
https://en.wikipedia.org/wiki/Youngstown,_Ohio https://en.wikipedia.org/wiki/Hubbard_Township,_Trumbull_County,_Ohio
https://en.wikipedia.org/wiki/Youngstown,_Ohio https://en.wikipedia.org/wiki/Johnston_Township,_Trumbull_County,_Ohio
https://en.wikipedia.org/wiki/Youngstown,_Ohio https://en.wikipedia.org/wiki/Kinsman_Township,_Trumbull_County,_Ohio
https://en.wikipedia.org/wiki/Youngstown,_Ohio https://en.wikipedia.org/wiki/Liberty_Township,_Trumbull_County,_Ohio
https://en.wikipedia.org/wiki/Youngstown,_Ohio https://en.wikipedia.org/wiki/Mecca_Township,_Trumbull_County,_Ohio
https://en.wikipedia.org/wiki/Youngstown,_Ohio https://en.wikipedia.org/wiki/Mesopotamia_Township,_Trumbull_County,_Ohio
https://en.wikipedia.org/wiki/Youngstown,_Ohio https://en.wikipedia.org/wiki/Newton_Township,_Trumbull_County,_Ohio
https://en.wikipedia.org/wiki/Youngstown,_Ohio https://en.wikipedia.org/wiki/Southington_Township,_Trumbull_County,_Ohio
https://en.wikipedia.org/wiki/Youngstown,_Ohio https://en.wikipedia.org/wiki/Vernon_Township,_Trumbull_County,_Ohio
https://en.wikipedia.org/wiki/Youngstown,_Ohio https://en.wikipedia.org/wiki/Vienna_Township,_Trumbull_County,_Ohio
https://en.wikipedia.org/wiki/Youngstown,_Ohio https://en.wikipedia.org/wiki/Warren_Township,_Trumbull_County,_Ohio
https://en.wikipedia.org/wiki/Youngstown,_Ohio https://en.wikipedia.org/wiki/Weathersfield_Township,_Trumbull_County,_Ohio
https://en.wikipedia.org/wiki/Youngstown,_Ohio https://en.wikipedia.org/wiki/Bolindale,_Ohio
https://en.wikipedia.org/wiki/Youngstown,_Ohio https://en.wikipedia.org/wiki/Brookfield_Center,_Ohio
https://en.wikipedia.org/wiki/Youngstown,_Ohio https://en.wikipedia.org/wiki/Champion_Heights,_Ohio
https://en.wikipedia.org/wiki/Youngstown,_Ohio https://en.wikipedia.org/wiki/Churchill,_Ohio
https://en.wikipedia.org/wiki/Youngstown,_Ohio https://en.wikipedia.org/wiki/Hilltop,_Ohio
https://en.wikipedia.org/wiki/Youngstown,_Ohio https://en.wikipedia.org/wiki/Howland_Center,_Ohio
https://en.wikipedia.org/wiki/Youngstown,_Ohio https://en.wikipedia.org/wiki/Kinsman,_Ohio
https://en.wikipedia.org/wiki/Youngstown,_Ohio https://en.wikipedia.org/wiki/Leavittsburg,_Ohio
https://en.wikipedia.org/wiki/Youngstown,_Ohio https://en.wikipedia.org/wiki/Maplewood_Park,_Ohio
https://en.wikipedia.org/wiki/Youngstown,_Ohio https://en.wikipedia.org/wiki/Masury,_Ohio
https://en.wikipedia.org/wiki/Youngstown,_Ohio https://en.wikipedia.org/wiki/McKinley_Heights,_Ohio
https://en.wikipedia.org/wiki/Youngstown,_Ohio https://en.wikipedia.org/wiki/Morgandale,_Ohio
https://en.wikipedia.org/wiki/Youngstown,_Ohio https://en.wikipedia.org/wiki/South_Canal,_Ohio
https://en.wikipedia.org/wiki/Youngstown,_Ohio https://en.wikipedia.org/wiki/Vienna_Center,_Ohio
https://en.wikipedia.org/wiki/Youngstown,_Ohio https://en.wikipedia.org/wiki/West_Hill,_Ohio
https://en.wikipedia.org/wiki/Youngstown,_Ohio https://en.wikipedia.org/wiki/Bristolville,_Ohio
https://en.wikipedia.org/wiki/Youngstown,_Ohio https://en.wikipedia.org/wiki/Burghill,_Ohio
https://en.wikipedia.org/wiki/Youngstown,_Ohio https://en.wikipedia.org/wiki/Center_of_the_World,_Ohio
https://en.wikipedia.org/wiki/Youngstown,_Ohio https://en.wikipedia.org/wiki/Corinth,_Ohio
https://en.wikipedia.org/wiki/Youngstown,_Ohio https://en.wikipedia.org/wiki/Delightful,_Ohio
https://en.wikipedia.org/wiki/Youngstown,_Ohio https://en.wikipedia.org/wiki/Farmdale,_Ohio
https://en.wikipedia.org/wiki/Youngstown,_Ohio https://en.wikipedia.org/wiki/Fowler,_Ohio
https://en.wikipedia.org/wiki/Youngstown,_Ohio https://en.wikipedia.org/wiki/Hartford,_Trumbull_County,_Ohio
https://en.wikipedia.org/wiki/Youngstown,_Ohio https://en.wikipedia.org/wiki/Mecca,_Ohio
https://en.wikipedia.org/wiki/Youngstown,_Ohio https://en.wikipedia.org/wiki/North_Bloomfield,_Ohio
https://en.wikipedia.org/wiki/Youngstown,_Ohio https://en.wikipedia.org/wiki/Phalanx,_Ohio
https://en.wikipedia.org/wiki/Youngstown,_Ohio https://en.wikipedia.org/wiki/Sodom,_Ohio
https://en.wikipedia.org/wiki/Youngstown,_Ohio https://en.wikipedia.org/wiki/Southington,_Ohio
https://en.wikipedia.org/wiki/Youngstown,_Ohio https://en.wikipedia.org/wiki/Stanhope,_Ohio
https://en.wikipedia.org/wiki/Youngstown,_Ohio https://en.wikipedia.org/wiki/Tyrrell,_Ohio
https://en.wikipedia.org/wiki/Youngstown,_Ohio https://en.wikipedia.org/wiki/West_Mecca,_Ohio
https://en.wikipedia.org/wiki/Youngstown,_Ohio https://en.wikipedia.org/wiki/Index_of_Ohio-related_articles
https://en.wikipedia.org/wiki/Youngstown,_Ohio https://en.wikipedia.org/wiki/History_of_Ohio
https://en.wikipedia.org/wiki/Youngstown,_Ohio https://en.wikipedia.org/wiki/Ohio#Geography
https://en.wikipedia.org/wiki/Youngstown,_Ohio https://en.wikipedia.org/wiki/List_of_people_from_Ohio
https://en.wikipedia.org/wiki/Youngstown,_Ohio https://en.wikipedia.org/wiki/Government_of_Ohio
https://en.wikipedia.org/wiki/Youngstown,_Ohio https://en.wikipedia.org/wiki/Administrative_divisions_of_Ohio
https://en.wikipedia.org/wiki/Youngstown,_Ohio https://en.wikipedia.org/wiki/Law_of_Ohio
https://en.wikipedia.org/wiki/Youngstown,_Ohio https://en.wikipedia.org/wiki/Elections_in_Ohio
https://en.wikipedia.org/wiki/Youngstown,_Ohio https://en.wikipedia.org/wiki/United_States_congressional_delegations_from_Ohio
https://en.wikipedia.org/wiki/Youngstown,_Ohio https://en.wikipedia.org/wiki/List_of_colleges_and_universities_in_Ohio
https://en.wikipedia.org/wiki/Youngstown,_Ohio https://en.wikipedia.org/wiki/With_God,_all_things_are_possible
https://en.wikipedia.org/wiki/Youngstown,_Ohio https://en.wikipedia.org/wiki/Crime_in_Ohio
https://en.wikipedia.org/wiki/Youngstown,_Ohio https://en.wikipedia.org/wiki/Ohio#Demographics
https://en.wikipedia.org/wiki/Youngstown,_Ohio https://en.wikipedia.org/wiki/Economy_of_Ohio
https://en.wikipedia.org/wiki/Youngstown,_Ohio https://en.wikipedia.org/wiki/Ohio#Education
https://en.wikipedia.org/wiki/Youngstown,_Ohio https://en.wikipedia.org/wiki/Politics_of_Ohio
https://en.wikipedia.org/wiki/Youngstown,_Ohio https://en.wikipedia.org/wiki/Sports_in_Ohio
https://en.wikipedia.org/wiki/Youngstown,_Ohio https://en.wikipedia.org/wiki/List_of_regions_of_the_United_States#Ohio
https://en.wikipedia.org/wiki/Youngstown,_Ohio https://en.wikipedia.org/wiki/Allegheny_Plateau
https://en.wikipedia.org/wiki/Youngstown,_Ohio https://en.wikipedia.org/wiki/Bluegrass_region
https://en.wikipedia.org/wiki/Youngstown,_Ohio https://en.wikipedia.org/wiki/Glacial_till_plains_(Ohio)
https://en.wikipedia.org/wiki/Youngstown,_Ohio https://en.wikipedia.org/wiki/Great_Black_Swamp
https://en.wikipedia.org/wiki/Youngstown,_Ohio https://en.wikipedia.org/wiki/Lake_Erie_Islands
https://en.wikipedia.org/wiki/Youngstown,_Ohio https://en.wikipedia.org/wiki/Miami_Valley
https://en.wikipedia.org/wiki/Youngstown,_Ohio https://en.wikipedia.org/wiki/Northwest_Ohio
https://en.wikipedia.org/wiki/Youngstown,_Ohio https://en.wikipedia.org/wiki/Vacationland_(Ohio)
https://en.wikipedia.org/wiki/Youngstown,_Ohio https://en.wikipedia.org/wiki/Ohio_statistical_areas
https://en.wikipedia.org/wiki/Youngstown,_Ohio https://en.wikipedia.org/wiki/Akron,_Ohio,_metropolitan_statistical_area
https://en.wikipedia.org/wiki/Youngstown,_Ohio https://en.wikipedia.org/wiki/Canton%E2%80%93Massillon,_Ohio_metropolitan_area
https://en.wikipedia.org/wiki/Youngstown,_Ohio https://en.wikipedia.org/wiki/Cincinnati_metropolitan_area
https://en.wikipedia.org/wiki/Youngstown,_Ohio https://en.wikipedia.org/wiki/Greater_Cleveland
https://en.wikipedia.org/wiki/Youngstown,_Ohio https://en.wikipedia.org/wiki/Dayton_metropolitan_area
https://en.wikipedia.org/wiki/Youngstown,_Ohio https://en.wikipedia.org/wiki/Findlay-Tiffin,_Ohio_CSA
https://en.wikipedia.org/wiki/Youngstown,_Ohio https://en.wikipedia.org/wiki/Huntington-Ashland_metropolitan_area
https://en.wikipedia.org/wiki/Youngstown,_Ohio https://en.wikipedia.org/wiki/Lima%E2%80%93Van_Wert%E2%80%93Wapakoneta,_OH,_combined_statistical_area
https://en.wikipedia.org/wiki/Youngstown,_Ohio https://en.wikipedia.org/wiki/Mansfield-Bucyrus,_OH_Combined_Statistical_Area
https://en.wikipedia.org/wiki/Youngstown,_Ohio https://en.wikipedia.org/wiki/Weirton%E2%80%93Steubenville_metropolitan_area
https://en.wikipedia.org/wiki/Youngstown,_Ohio https://en.wikipedia.org/wiki/Toledo,_OH_Metropolitan_Statistical_Area
https://en.wikipedia.org/wiki/Youngstown,_Ohio https://en.wikipedia.org/wiki/List_of_cities_in_Ohio
https://en.wikipedia.org/wiki/Youngstown,_Ohio https://en.wikipedia.org/wiki/Akron,_Ohio
https://en.wikipedia.org/wiki/Youngstown,_Ohio https://en.wikipedia.org/wiki/Canton,_Ohio
https://en.wikipedia.org/wiki/Youngstown,_Ohio https://en.wikipedia.org/wiki/Cincinnati
https://en.wikipedia.org/wiki/Youngstown,_Ohio https://en.wikipedia.org/wiki/Cuyahoga_Falls,_Ohio
https://en.wikipedia.org/wiki/Youngstown,_Ohio https://en.wikipedia.org/wiki/Dayton,_Ohio
https://en.wikipedia.org/wiki/Youngstown,_Ohio https://en.wikipedia.org/wiki/Elyria,_Ohio
https://en.wikipedia.org/wiki/Youngstown,_Ohio https://en.wikipedia.org/wiki/Euclid,_Ohio
https://en.wikipedia.org/wiki/Youngstown,_Ohio https://en.wikipedia.org/wiki/Hamilton,_Ohio
https://en.wikipedia.org/wiki/Youngstown,_Ohio https://en.wikipedia.org/wiki/Kettering,_Ohio
https://en.wikipedia.org/wiki/Youngstown,_Ohio https://en.wikipedia.org/wiki/Lakewood,_Ohio
https://en.wikipedia.org/wiki/Youngstown,_Ohio https://en.wikipedia.org/wiki/Lorain,_Ohio
https://en.wikipedia.org/wiki/Youngstown,_Ohio https://en.wikipedia.org/wiki/Mansfield,_Ohio
https://en.wikipedia.org/wiki/Youngstown,_Ohio https://en.wikipedia.org/wiki/Mentor,_Ohio
https://en.wikipedia.org/wiki/Youngstown,_Ohio https://en.wikipedia.org/wiki/Middletown,_Ohio
https://en.wikipedia.org/wiki/Youngstown,_Ohio https://en.wikipedia.org/wiki/Newark,_Ohio
https://en.wikipedia.org/wiki/Youngstown,_Ohio https://en.wikipedia.org/wiki/Parma,_Ohio
https://en.wikipedia.org/wiki/Youngstown,_Ohio https://en.wikipedia.org/wiki/Springfield,_Ohio
https://en.wikipedia.org/wiki/Youngstown,_Ohio https://en.wikipedia.org/wiki/Toledo,_Ohio
https://en.wikipedia.org/wiki/Youngstown,_Ohio https://en.wikipedia.org/wiki/Adams_County,_Ohio
https://en.wikipedia.org/wiki/Youngstown,_Ohio https://en.wikipedia.org/wiki/Allen_County,_Ohio
https://en.wikipedia.org/wiki/Youngstown,_Ohio https://en.wikipedia.org/wiki/Ashland_County,_Ohio
https://en.wikipedia.org/wiki/Youngstown,_Ohio https://en.wikipedia.org/wiki/Ashtabula_County,_Ohio
https://en.wikipedia.org/wiki/Youngstown,_Ohio https://en.wikipedia.org/wiki/Athens_County,_Ohio
https://en.wikipedia.org/wiki/Youngstown,_Ohio https://en.wikipedia.org/wiki/Auglaize_County,_Ohio
https://en.wikipedia.org/wiki/Youngstown,_Ohio https://en.wikipedia.org/wiki/Belmont_County,_Ohio
https://en.wikipedia.org/wiki/Youngstown,_Ohio https://en.wikipedia.org/wiki/Brown_County,_Ohio
https://en.wikipedia.org/wiki/Youngstown,_Ohio https://en.wikipedia.org/wiki/Butler_County,_Ohio
https://en.wikipedia.org/wiki/Youngstown,_Ohio https://en.wikipedia.org/wiki/Carroll_County,_Ohio
https://en.wikipedia.org/wiki/Youngstown,_Ohio https://en.wikipedia.org/wiki/Champaign_County,_Ohio
https://en.wikipedia.org/wiki/Youngstown,_Ohio https://en.wikipedia.org/wiki/Clark_County,_Ohio
https://en.wikipedia.org/wiki/Youngstown,_Ohio https://en.wikipedia.org/wiki/Clermont_County,_Ohio
https://en.wikipedia.org/wiki/Youngstown,_Ohio https://en.wikipedia.org/wiki/Clinton_County,_Ohio
https://en.wikipedia.org/wiki/Youngstown,_Ohio https://en.wikipedia.org/wiki/Columbiana_County,_Ohio
https://en.wikipedia.org/wiki/Youngstown,_Ohio https://en.wikipedia.org/wiki/Coshocton_County,_Ohio
https://en.wikipedia.org/wiki/Youngstown,_Ohio https://en.wikipedia.org/wiki/Crawford_County,_Ohio
https://en.wikipedia.org/wiki/Youngstown,_Ohio https://en.wikipedia.org/wiki/Cuyahoga_County,_Ohio
https://en.wikipedia.org/wiki/Youngstown,_Ohio https://en.wikipedia.org/wiki/Darke_County,_Ohio
https://en.wikipedia.org/wiki/Youngstown,_Ohio https://en.wikipedia.org/wiki/Defiance_County,_Ohio
https://en.wikipedia.org/wiki/Youngstown,_Ohio https://en.wikipedia.org/wiki/Delaware_County,_Ohio
https://en.wikipedia.org/wiki/Youngstown,_Ohio https://en.wikipedia.org/wiki/Erie_County,_Ohio
https://en.wikipedia.org/wiki/Youngstown,_Ohio https://en.wikipedia.org/wiki/Fairfield_County,_Ohio
https://en.wikipedia.org/wiki/Youngstown,_Ohio https://en.wikipedia.org/wiki/Fayette_County,_Ohio
https://en.wikipedia.org/wiki/Youngstown,_Ohio https://en.wikipedia.org/wiki/Franklin_County,_Ohio
https://en.wikipedia.org/wiki/Youngstown,_Ohio https://en.wikipedia.org/wiki/Fulton_County,_Ohio
https://en.wikipedia.org/wiki/Youngstown,_Ohio https://en.wikipedia.org/wiki/Gallia_County,_Ohio
https://en.wikipedia.org/wiki/Youngstown,_Ohio https://en.wikipedia.org/wiki/Geauga_County,_Ohio
https://en.wikipedia.org/wiki/Youngstown,_Ohio https://en.wikipedia.org/wiki/Greene_County,_Ohio
https://en.wikipedia.org/wiki/Youngstown,_Ohio https://en.wikipedia.org/wiki/Guernsey_County,_Ohio
https://en.wikipedia.org/wiki/Youngstown,_Ohio https://en.wikipedia.org/wiki/Hamilton_County,_Ohio
https://en.wikipedia.org/wiki/Youngstown,_Ohio https://en.wikipedia.org/wiki/Hancock_County,_Ohio
https://en.wikipedia.org/wiki/Youngstown,_Ohio https://en.wikipedia.org/wiki/Hardin_County,_Ohio
https://en.wikipedia.org/wiki/Youngstown,_Ohio https://en.wikipedia.org/wiki/Harrison_County,_Ohio
https://en.wikipedia.org/wiki/Youngstown,_Ohio https://en.wikipedia.org/wiki/Henry_County,_Ohio
https://en.wikipedia.org/wiki/Youngstown,_Ohio https://en.wikipedia.org/wiki/Highland_County,_Ohio
https://en.wikipedia.org/wiki/Youngstown,_Ohio https://en.wikipedia.org/wiki/Hocking_County,_Ohio
https://en.wikipedia.org/wiki/Youngstown,_Ohio https://en.wikipedia.org/wiki/Holmes_County,_Ohio
https://en.wikipedia.org/wiki/Youngstown,_Ohio https://en.wikipedia.org/wiki/Huron_County,_Ohio
https://en.wikipedia.org/wiki/Youngstown,_Ohio https://en.wikipedia.org/wiki/Jackson_County,_Ohio
https://en.wikipedia.org/wiki/Youngstown,_Ohio https://en.wikipedia.org/wiki/Jefferson_County,_Ohio
https://en.wikipedia.org/wiki/Youngstown,_Ohio https://en.wikipedia.org/wiki/Knox_County,_Ohio
https://en.wikipedia.org/wiki/Youngstown,_Ohio https://en.wikipedia.org/wiki/Lake_County,_Ohio
https://en.wikipedia.org/wiki/Youngstown,_Ohio https://en.wikipedia.org/wiki/Lawrence_County,_Ohio
https://en.wikipedia.org/wiki/Youngstown,_Ohio https://en.wikipedia.org/wiki/Licking_County,_Ohio
https://en.wikipedia.org/wiki/Youngstown,_Ohio https://en.wikipedia.org/wiki/Logan_County,_Ohio
https://en.wikipedia.org/wiki/Youngstown,_Ohio https://en.wikipedia.org/wiki/Lorain_County,_Ohio
https://en.wikipedia.org/wiki/Youngstown,_Ohio https://en.wikipedia.org/wiki/Lucas_County,_Ohio
https://en.wikipedia.org/wiki/Youngstown,_Ohio https://en.wikipedia.org/wiki/Madison_County,_Ohio
https://en.wikipedia.org/wiki/Youngstown,_Ohio https://en.wikipedia.org/wiki/Marion_County,_Ohio
https://en.wikipedia.org/wiki/Youngstown,_Ohio https://en.wikipedia.org/wiki/Medina_County,_Ohio
https://en.wikipedia.org/wiki/Youngstown,_Ohio https://en.wikipedia.org/wiki/Meigs_County,_Ohio
https://en.wikipedia.org/wiki/Youngstown,_Ohio https://en.wikipedia.org/wiki/Mercer_County,_Ohio
https://en.wikipedia.org/wiki/Youngstown,_Ohio https://en.wikipedia.org/wiki/Miami_County,_Ohio
https://en.wikipedia.org/wiki/Youngstown,_Ohio https://en.wikipedia.org/wiki/Monroe_County,_Ohio
https://en.wikipedia.org/wiki/Youngstown,_Ohio https://en.wikipedia.org/wiki/Montgomery_County,_Ohio
https://en.wikipedia.org/wiki/Youngstown,_Ohio https://en.wikipedia.org/wiki/Morgan_County,_Ohio
https://en.wikipedia.org/wiki/Youngstown,_Ohio https://en.wikipedia.org/wiki/Morrow_County,_Ohio
https://en.wikipedia.org/wiki/Youngstown,_Ohio https://en.wikipedia.org/wiki/Muskingum_County,_Ohio
https://en.wikipedia.org/wiki/Youngstown,_Ohio https://en.wikipedia.org/wiki/Noble_County,_Ohio
https://en.wikipedia.org/wiki/Youngstown,_Ohio https://en.wikipedia.org/wiki/Ottawa_County,_Ohio
https://en.wikipedia.org/wiki/Youngstown,_Ohio https://en.wikipedia.org/wiki/Paulding_County,_Ohio
https://en.wikipedia.org/wiki/Youngstown,_Ohio https://en.wikipedia.org/wiki/Perry_County,_Ohio
https://en.wikipedia.org/wiki/Youngstown,_Ohio https://en.wikipedia.org/wiki/Pickaway_County,_Ohio
https://en.wikipedia.org/wiki/Youngstown,_Ohio https://en.wikipedia.org/wiki/Pike_County,_Ohio
https://en.wikipedia.org/wiki/Youngstown,_Ohio https://en.wikipedia.org/wiki/Portage_County,_Ohio
https://en.wikipedia.org/wiki/Youngstown,_Ohio https://en.wikipedia.org/wiki/Preble_County,_Ohio
https://en.wikipedia.org/wiki/Youngstown,_Ohio https://en.wikipedia.org/wiki/Putnam_County,_Ohio
https://en.wikipedia.org/wiki/Youngstown,_Ohio https://en.wikipedia.org/wiki/Richland_County,_Ohio
https://en.wikipedia.org/wiki/Youngstown,_Ohio https://en.wikipedia.org/wiki/Ross_County,_Ohio
https://en.wikipedia.org/wiki/Youngstown,_Ohio https://en.wikipedia.org/wiki/Sandusky_County,_Ohio
https://en.wikipedia.org/wiki/Youngstown,_Ohio https://en.wikipedia.org/wiki/Scioto_County,_Ohio
https://en.wikipedia.org/wiki/Youngstown,_Ohio https://en.wikipedia.org/wiki/Seneca_County,_Ohio
https://en.wikipedia.org/wiki/Youngstown,_Ohio https://en.wikipedia.org/wiki/Shelby_County,_Ohio
https://en.wikipedia.org/wiki/Youngstown,_Ohio https://en.wikipedia.org/wiki/Stark_County,_Ohio
https://en.wikipedia.org/wiki/Youngstown,_Ohio https://en.wikipedia.org/wiki/Summit_County,_Ohio
https://en.wikipedia.org/wiki/Youngstown,_Ohio https://en.wikipedia.org/wiki/Tuscarawas_County,_Ohio
https://en.wikipedia.org/wiki/Youngstown,_Ohio https://en.wikipedia.org/wiki/Union_County,_Ohio
https://en.wikipedia.org/wiki/Youngstown,_Ohio https://en.wikipedia.org/wiki/Van_Wert_County,_Ohio
https://en.wikipedia.org/wiki/Youngstown,_Ohio https://en.wikipedia.org/wiki/Vinton_County,_Ohio
https://en.wikipedia.org/wiki/Youngstown,_Ohio https://en.wikipedia.org/wiki/Warren_County,_Ohio
https://en.wikipedia.org/wiki/Youngstown,_Ohio https://en.wikipedia.org/wiki/Washington_County,_Ohio
https://en.wikipedia.org/wiki/Youngstown,_Ohio https://en.wikipedia.org/wiki/Wayne_County,_Ohio
https://en.wikipedia.org/wiki/Youngstown,_Ohio https://en.wikipedia.org/wiki/Williams_County,_Ohio
https://en.wikipedia.org/wiki/Youngstown,_Ohio https://en.wikipedia.org/wiki/Wood_County,_Ohio
https://en.wikipedia.org/wiki/Youngstown,_Ohio https://en.wikipedia.org/wiki/Wyandot_County,_Ohio
https://en.wikipedia.org/wiki/Youngstown,_Ohio https://en.wikipedia.org/wiki/Integrated_Authority_File
https://en.wikipedia.org/wiki/Youngstown,_Ohio https://en.wikipedia.org/wiki/Library_of_Congress_Control_Number
https://en.wikipedia.org/wiki/Youngstown,_Ohio https://en.wikipedia.org/wiki/MusicBrainz
https://en.wikipedia.org/wiki/Youngstown,_Ohio https://en.wikipedia.org/wiki/National_Archives_and_Records_Administration
https://en.wikipedia.org/wiki/Youngstown,_Ohio https://en.wikipedia.org/wiki/Virtual_International_Authority_File
https://en.wikipedia.org/wiki/Youngstown,_Ohio https://en.wikipedia.org/wiki/WorldCat_Identities
